===================================================================
STEP 3: Variant Calling and Consensus Generation
===================================================================
Single-round variant calling from Pachyramphus mapping
Generates Tityra-specific consensus sequences

Processing top genes (50 parallel jobs)...
Completed: 34396at8782 (0 variants)
Note: none of --samples-file, --ploidy or --ploidy-file given, assuming all sites are diploid
[mpileup] 1 samples in 1 input files
[mpileup] maximum number of reads per input file set to -d 250
Completed: 38612at8782 (0 variants)
Note: none of --samples-file, --ploidy or --ploidy-file given, assuming all sites are diploid
[mpileup] 1 samples in 1 input files
[mpileup] maximum number of reads per input file set to -d 250
Completed: 33214at8782 (23 variants)
[mpileup] 1 samples in 1 input files
Note: none of --samples-file, --ploidy or --ploidy-file given, assuming all sites are diploid
[mpileup] maximum number of reads per input file set to -d 250
Note: applying IUPAC codes based on FORMAT/GT in sample results/graph_alignment/stage3_temp/33214at8782.bam
Applied 23 variants
Completed: 25060at8782 (15 variants)
Note: none of --samples-file, --ploidy or --ploidy-file given, assuming all sites are diploid
[mpileup] 1 samples in 1 input files
[mpileup] maximum number of reads per input file set to -d 250
Note: applying IUPAC codes based on FORMAT/GT in sample results/graph_alignment/stage3_temp/25060at8782.bam
Applied 15 variants
Completed: 44752at8782 (21 variants)
[mpileup] 1 samples in 1 input files
Note: none of --samples-file, --ploidy or --ploidy-file given, assuming all sites are diploid
[mpileup] maximum number of reads per input file set to -d 250
Note: applying IUPAC codes based on FORMAT/GT in sample results/graph_alignment/stage3_temp/44752at8782.bam
Applied 21 variants
Completed: 24793at8782 (85 variants)
Note: none of --samples-file, --ploidy or --ploidy-file given, assuming all sites are diploid
[mpileup] 1 samples in 1 input files
[mpileup] maximum number of reads per input file set to -d 250
Note: applying IUPAC codes based on FORMAT/GT in sample results/graph_alignment/stage3_temp/24793at8782.bam
Applied 85 variants
Completed: 47391at8782 (74 variants)
Note: none of --samples-file, --ploidy or --ploidy-file given, assuming all sites are diploid
[mpileup] 1 samples in 1 input files
[mpileup] maximum number of reads per input file set to -d 250
Note: applying IUPAC codes based on FORMAT/GT in sample results/graph_alignment/stage3_temp/47391at8782.bam
Applied 74 variants
Completed: 34664at8782 (0 variants)
Note: none of --samples-file, --ploidy or --ploidy-file given, assuming all sites are diploid
[mpileup] 1 samples in 1 input files
[mpileup] maximum number of reads per input file set to -d 250
Completed: 53388at8782 (0 variants)
Note: none of --samples-file, --ploidy or --ploidy-file given, assuming all sites are diploid
[mpileup] 1 samples in 1 input files
[mpileup] maximum number of reads per input file set to -d 250
Completed: 15722at8782 (210 variants)
Note: none of --samples-file, --ploidy or --ploidy-file given, assuming all sites are diploid
[mpileup] 1 samples in 1 input files
[mpileup] maximum number of reads per input file set to -d 250
Note: applying IUPAC codes based on FORMAT/GT in sample results/graph_alignment/stage3_temp/15722at8782.bam
Applied 210 variants
Completed: 32618at8782 (141 variants)
Note: none of --samples-file, --ploidy or --ploidy-file given, assuming all sites are diploid
[mpileup] 1 samples in 1 input files
[mpileup] maximum number of reads per input file set to -d 250
Note: applying IUPAC codes based on FORMAT/GT in sample results/graph_alignment/stage3_temp/32618at8782.bam
The site ref1_Pachyramphus_minor#32618at8782:2032 overlaps with another variant, skipping...
Applied 140 variants
Completed: 3751at8782 (8 variants)
Note: none of --samples-file, --ploidy or --ploidy-file given, assuming all sites are diploid
[mpileup] 1 samples in 1 input files
[mpileup] maximum number of reads per input file set to -d 250
Note: applying IUPAC codes based on FORMAT/GT in sample results/graph_alignment/stage3_temp/3751at8782.bam
Applied 8 variants
Completed: 13958at8782 (43 variants)
Note: none of --samples-file, --ploidy or --ploidy-file given, assuming all sites are diploid
[mpileup] 1 samples in 1 input files
[mpileup] maximum number of reads per input file set to -d 250
Note: applying IUPAC codes based on FORMAT/GT in sample results/graph_alignment/stage3_temp/13958at8782.bam
Applied 43 variants
Completed: 8461at8782 (176 variants)
Note: none of --samples-file, --ploidy or --ploidy-file given, assuming all sites are diploid
[mpileup] 1 samples in 1 input files
[mpileup] maximum number of reads per input file set to -d 250
Note: applying IUPAC codes based on FORMAT/GT in sample results/graph_alignment/stage3_temp/8461at8782.bam
Applied 176 variants
Completed: 20993at8782 (72 variants)
[mpileup] 1 samples in 1 input files
Note: none of --samples-file, --ploidy or --ploidy-file given, assuming all sites are diploid
[mpileup] maximum number of reads per input file set to -d 250
Note: applying IUPAC codes based on FORMAT/GT in sample results/graph_alignment/stage3_temp/20993at8782.bam
Applied 72 variants
Completed: 24458at8782 (77 variants)
Note: none of --samples-file, --ploidy or --ploidy-file given, assuming all sites are diploid
[mpileup] 1 samples in 1 input files
[mpileup] maximum number of reads per input file set to -d 250
Note: applying IUPAC codes based on FORMAT/GT in sample results/graph_alignment/stage3_temp/24458at8782.bam
Applied 77 variants
Completed: 5166at8782 (33 variants)
[mpileup] 1 samples in 1 input files
Note: none of --samples-file, --ploidy or --ploidy-file given, assuming all sites are diploid
[mpileup] maximum number of reads per input file set to -d 250
Note: applying IUPAC codes based on FORMAT/GT in sample results/graph_alignment/stage3_temp/5166at8782.bam
Applied 33 variants
Completed: 30582at8782 (85 variants)
[mpileup] 1 samples in 1 input files
Note: none of --samples-file, --ploidy or --ploidy-file given, assuming all sites are diploid
[mpileup] maximum number of reads per input file set to -d 250
Note: applying IUPAC codes based on FORMAT/GT in sample results/graph_alignment/stage3_temp/30582at8782.bam
Applied 85 variants
Completed: 47432at8782 (0 variants)
Note: none of --samples-file, --ploidy or --ploidy-file given, assuming all sites are diploid
[mpileup] 1 samples in 1 input files
[mpileup] maximum number of reads per input file set to -d 250
Completed: 17551at8782 (40 variants)
Note: none of --samples-file, --ploidy or --ploidy-file given, assuming all sites are diploid
[mpileup] 1 samples in 1 input files
[mpileup] maximum number of reads per input file set to -d 250
Note: applying IUPAC codes based on FORMAT/GT in sample results/graph_alignment/stage3_temp/17551at8782.bam
Applied 40 variants
Completed: 723at8782 (255 variants)
Note: none of --samples-file, --ploidy or --ploidy-file given, assuming all sites are diploid
[mpileup] 1 samples in 1 input files
[mpileup] maximum number of reads per input file set to -d 250
Note: applying IUPAC codes based on FORMAT/GT in sample results/graph_alignment/stage3_temp/723at8782.bam
Applied 255 variants
Completed: 54414at8782 (102 variants)
Note: none of --samples-file, --ploidy or --ploidy-file given, assuming all sites are diploid
[mpileup] 1 samples in 1 input files
[mpileup] maximum number of reads per input file set to -d 250
Note: applying IUPAC codes based on FORMAT/GT in sample results/graph_alignment/stage3_temp/54414at8782.bam
Applied 102 variants
Completed: 8538at8782 (153 variants)
Note: none of --samples-file, --ploidy or --ploidy-file given, assuming all sites are diploid
[mpileup] 1 samples in 1 input files
[mpileup] maximum number of reads per input file set to -d 250
Note: applying IUPAC codes based on FORMAT/GT in sample results/graph_alignment/stage3_temp/8538at8782.bam
Applied 153 variants
Completed: 9815at8782 (1 variants)
Note: none of --samples-file, --ploidy or --ploidy-file given, assuming all sites are diploid
[mpileup] 1 samples in 1 input files
[mpileup] maximum number of reads per input file set to -d 250
Note: applying IUPAC codes based on FORMAT/GT in sample results/graph_alignment/stage3_temp/9815at8782.bam
Applied 1 variants
Completed: 7937at8782 (57 variants)
[mpileup] 1 samples in 1 input files
Note: none of --samples-file, --ploidy or --ploidy-file given, assuming all sites are diploid
[mpileup] maximum number of reads per input file set to -d 250
Note: applying IUPAC codes based on FORMAT/GT in sample results/graph_alignment/stage3_temp/7937at8782.bam
Applied 57 variants
Completed: 19126at8782 (0 variants)
Note: none of --samples-file, --ploidy or --ploidy-file given, assuming all sites are diploid
[mpileup] 1 samples in 1 input files
[mpileup] maximum number of reads per input file set to -d 250
Completed: 50826at8782 (71 variants)
[mpileup] 1 samples in 1 input files
Note: none of --samples-file, --ploidy or --ploidy-file given, assuming all sites are diploid
[mpileup] maximum number of reads per input file set to -d 250
Note: applying IUPAC codes based on FORMAT/GT in sample results/graph_alignment/stage3_temp/50826at8782.bam
Applied 71 variants
Completed: 47737at8782 (0 variants)
Note: none of --samples-file, --ploidy or --ploidy-file given, assuming all sites are diploid
[mpileup] 1 samples in 1 input files
[mpileup] maximum number of reads per input file set to -d 250
Completed: 17068at8782 (405 variants)
Note: none of --samples-file, --ploidy or --ploidy-file given, assuming all sites are diploid
[mpileup] 1 samples in 1 input files
[mpileup] maximum number of reads per input file set to -d 250
Note: applying IUPAC codes based on FORMAT/GT in sample results/graph_alignment/stage3_temp/17068at8782.bam
Applied 405 variants
Completed: 2773at8782 (112 variants)
Note: none of --samples-file, --ploidy or --ploidy-file given, assuming all sites are diploid
[mpileup] 1 samples in 1 input files
[mpileup] maximum number of reads per input file set to -d 250
Note: applying IUPAC codes based on FORMAT/GT in sample results/graph_alignment/stage3_temp/2773at8782.bam
Applied 112 variants
Completed: 14918at8782 (539 variants)
[mpileup] 1 samples in 1 input files
Note: none of --samples-file, --ploidy or --ploidy-file given, assuming all sites are diploid
[mpileup] maximum number of reads per input file set to -d 250
Note: applying IUPAC codes based on FORMAT/GT in sample results/graph_alignment/stage3_temp/14918at8782.bam
Applied 539 variants
Completed: 50519at8782 (0 variants)
Note: none of --samples-file, --ploidy or --ploidy-file given, assuming all sites are diploid
[mpileup] 1 samples in 1 input files
[mpileup] maximum number of reads per input file set to -d 250
Completed: 1163at8782 (155 variants)
[mpileup] 1 samples in 1 input files
Note: none of --samples-file, --ploidy or --ploidy-file given, assuming all sites are diploid
[mpileup] maximum number of reads per input file set to -d 250
Note: applying IUPAC codes based on FORMAT/GT in sample results/graph_alignment/stage3_temp/1163at8782.bam
Applied 155 variants
Completed: 25558at8782 (40 variants)
Note: none of --samples-file, --ploidy or --ploidy-file given, assuming all sites are diploid
[mpileup] 1 samples in 1 input files
[mpileup] maximum number of reads per input file set to -d 250
Note: applying IUPAC codes based on FORMAT/GT in sample results/graph_alignment/stage3_temp/25558at8782.bam
Applied 40 variants
Completed: 47610at8782 (23 variants)
Note: none of --samples-file, --ploidy or --ploidy-file given, assuming all sites are diploid
[mpileup] 1 samples in 1 input files
[mpileup] maximum number of reads per input file set to -d 250
Note: applying IUPAC codes based on FORMAT/GT in sample results/graph_alignment/stage3_temp/47610at8782.bam
Applied 23 variants
Completed: 51255at8782 (77 variants)
Note: none of --samples-file, --ploidy or --ploidy-file given, assuming all sites are diploid
[mpileup] 1 samples in 1 input files
[mpileup] maximum number of reads per input file set to -d 250
Note: applying IUPAC codes based on FORMAT/GT in sample results/graph_alignment/stage3_temp/51255at8782.bam
Applied 77 variants
Completed: 48943at8782 (21 variants)
Note: none of --samples-file, --ploidy or --ploidy-file given, assuming all sites are diploid
[mpileup] 1 samples in 1 input files
[mpileup] maximum number of reads per input file set to -d 250
Note: applying IUPAC codes based on FORMAT/GT in sample results/graph_alignment/stage3_temp/48943at8782.bam
Applied 21 variants
Completed: 38517at8782 (79 variants)
Note: none of --samples-file, --ploidy or --ploidy-file given, assuming all sites are diploid
[mpileup] 1 samples in 1 input files
[mpileup] maximum number of reads per input file set to -d 250
Note: applying IUPAC codes based on FORMAT/GT in sample results/graph_alignment/stage3_temp/38517at8782.bam
Applied 79 variants
Completed: 38367at8782 (121 variants)
Note: none of --samples-file, --ploidy or --ploidy-file given, assuming all sites are diploid
[mpileup] 1 samples in 1 input files
[mpileup] maximum number of reads per input file set to -d 250
Note: applying IUPAC codes based on FORMAT/GT in sample results/graph_alignment/stage3_temp/38367at8782.bam
Applied 121 variants
Completed: 4523at8782 (5 variants)
Note: none of --samples-file, --ploidy or --ploidy-file given, assuming all sites are diploid
[mpileup] 1 samples in 1 input files
[mpileup] maximum number of reads per input file set to -d 250
Note: applying IUPAC codes based on FORMAT/GT in sample results/graph_alignment/stage3_temp/4523at8782.bam
Applied 5 variants
Completed: 30910at8782 (99 variants)
Note: none of --samples-file, --ploidy or --ploidy-file given, assuming all sites are diploid
[mpileup] 1 samples in 1 input files
[mpileup] maximum number of reads per input file set to -d 250
Note: applying IUPAC codes based on FORMAT/GT in sample results/graph_alignment/stage3_temp/30910at8782.bam
Applied 99 variants
Completed: 34221at8782 (77 variants)
[mpileup] 1 samples in 1 input files
Note: none of --samples-file, --ploidy or --ploidy-file given, assuming all sites are diploid
[mpileup] maximum number of reads per input file set to -d 250
Note: applying IUPAC codes based on FORMAT/GT in sample results/graph_alignment/stage3_temp/34221at8782.bam
Applied 77 variants
Completed: 11344at8782 (39 variants)
Note: none of --samples-file, --ploidy or --ploidy-file given, assuming all sites are diploid
[mpileup] 1 samples in 1 input files
[mpileup] maximum number of reads per input file set to -d 250
Note: applying IUPAC codes based on FORMAT/GT in sample results/graph_alignment/stage3_temp/11344at8782.bam
Applied 39 variants
Completed: 23254at8782 (0 variants)
Note: none of --samples-file, --ploidy or --ploidy-file given, assuming all sites are diploid
[mpileup] 1 samples in 1 input files
[mpileup] maximum number of reads per input file set to -d 250
Completed: 25697at8782 (0 variants)
Note: none of --samples-file, --ploidy or --ploidy-file given, assuming all sites are diploid
[mpileup] 1 samples in 1 input files
[mpileup] maximum number of reads per input file set to -d 250
Completed: 38399at8782 (14 variants)
[mpileup] 1 samples in 1 input files
Note: none of --samples-file, --ploidy or --ploidy-file given, assuming all sites are diploid
[mpileup] maximum number of reads per input file set to -d 250
Note: applying IUPAC codes based on FORMAT/GT in sample results/graph_alignment/stage3_temp/38399at8782.bam
Applied 14 variants
Completed: 47922at8782 (81 variants)
Note: none of --samples-file, --ploidy or --ploidy-file given, assuming all sites are diploid
[mpileup] 1 samples in 1 input files
[mpileup] maximum number of reads per input file set to -d 250
Note: applying IUPAC codes based on FORMAT/GT in sample results/graph_alignment/stage3_temp/47922at8782.bam
Applied 81 variants
Completed: 35058at8782 (156 variants)
[mpileup] 1 samples in 1 input files
Note: none of --samples-file, --ploidy or --ploidy-file given, assuming all sites are diploid
[mpileup] maximum number of reads per input file set to -d 250
Note: applying IUPAC codes based on FORMAT/GT in sample results/graph_alignment/stage3_temp/35058at8782.bam
Applied 156 variants
Completed: 49825at8782 (31 variants)
Note: none of --samples-file, --ploidy or --ploidy-file given, assuming all sites are diploid
[mpileup] 1 samples in 1 input files
[mpileup] maximum number of reads per input file set to -d 250
Note: applying IUPAC codes based on FORMAT/GT in sample results/graph_alignment/stage3_temp/49825at8782.bam
Applied 31 variants
Completed: 47093at8782 (114 variants)
[mpileup] 1 samples in 1 input files
Note: none of --samples-file, --ploidy or --ploidy-file given, assuming all sites are diploid
[mpileup] maximum number of reads per input file set to -d 250
Note: applying IUPAC codes based on FORMAT/GT in sample results/graph_alignment/stage3_temp/47093at8782.bam
Applied 114 variants
Completed: 40716at8782 (0 variants)
Note: none of --samples-file, --ploidy or --ploidy-file given, assuming all sites are diploid
[mpileup] 1 samples in 1 input files
[mpileup] maximum number of reads per input file set to -d 250
Completed: 43344at8782 (63 variants)
Note: none of --samples-file, --ploidy or --ploidy-file given, assuming all sites are diploid
[mpileup] 1 samples in 1 input files
[mpileup] maximum number of reads per input file set to -d 250
Note: applying IUPAC codes based on FORMAT/GT in sample results/graph_alignment/stage3_temp/43344at8782.bam
Applied 63 variants
Completed: 52245at8782 (64 variants)
Note: none of --samples-file, --ploidy or --ploidy-file given, assuming all sites are diploid
[mpileup] 1 samples in 1 input files
[mpileup] maximum number of reads per input file set to -d 250
Note: applying IUPAC codes based on FORMAT/GT in sample results/graph_alignment/stage3_temp/52245at8782.bam
Applied 64 variants
Completed: 20733at8782 (0 variants)
[mpileup] 1 samples in 1 input files
Note: none of --samples-file, --ploidy or --ploidy-file given, assuming all sites are diploid
[mpileup] maximum number of reads per input file set to -d 250
Completed: 40968at8782 (65 variants)
[mpileup] 1 samples in 1 input files
Note: none of --samples-file, --ploidy or --ploidy-file given, assuming all sites are diploid
[mpileup] maximum number of reads per input file set to -d 250
Note: applying IUPAC codes based on FORMAT/GT in sample results/graph_alignment/stage3_temp/40968at8782.bam
Applied 65 variants
Completed: 43502at8782 (88 variants)
[mpileup] 1 samples in 1 input files
Note: none of --samples-file, --ploidy or --ploidy-file given, assuming all sites are diploid
[mpileup] maximum number of reads per input file set to -d 250
Note: applying IUPAC codes based on FORMAT/GT in sample results/graph_alignment/stage3_temp/43502at8782.bam
Applied 88 variants
Completed: 43841at8782 (0 variants)
Note: none of --samples-file, --ploidy or --ploidy-file given, assuming all sites are diploid
[mpileup] 1 samples in 1 input files
[mpileup] maximum number of reads per input file set to -d 250
Completed: 52333at8782 (0 variants)
Note: none of --samples-file, --ploidy or --ploidy-file given, assuming all sites are diploid
[mpileup] 1 samples in 1 input files
[mpileup] maximum number of reads per input file set to -d 250
Completed: 41666at8782 (44 variants)
Note: none of --samples-file, --ploidy or --ploidy-file given, assuming all sites are diploid
[mpileup] 1 samples in 1 input files
[mpileup] maximum number of reads per input file set to -d 250
Note: applying IUPAC codes based on FORMAT/GT in sample results/graph_alignment/stage3_temp/41666at8782.bam
Applied 44 variants
Completed: 53147at8782 (76 variants)
[mpileup] 1 samples in 1 input files
Note: none of --samples-file, --ploidy or --ploidy-file given, assuming all sites are diploid
[mpileup] maximum number of reads per input file set to -d 250
Note: applying IUPAC codes based on FORMAT/GT in sample results/graph_alignment/stage3_temp/53147at8782.bam
Applied 76 variants
Completed: 43867at8782 (0 variants)
Note: none of --samples-file, --ploidy or --ploidy-file given, assuming all sites are diploid
[mpileup] 1 samples in 1 input files
[mpileup] maximum number of reads per input file set to -d 250
Completed: 34590at8782 (80 variants)
Note: none of --samples-file, --ploidy or --ploidy-file given, assuming all sites are diploid
[mpileup] 1 samples in 1 input files
[mpileup] maximum number of reads per input file set to -d 250
Note: applying IUPAC codes based on FORMAT/GT in sample results/graph_alignment/stage3_temp/34590at8782.bam
Applied 80 variants
Completed: 48714at8782 (17 variants)
Note: none of --samples-file, --ploidy or --ploidy-file given, assuming all sites are diploid
[mpileup] 1 samples in 1 input files
[mpileup] maximum number of reads per input file set to -d 250
Note: applying IUPAC codes based on FORMAT/GT in sample results/graph_alignment/stage3_temp/48714at8782.bam
Applied 17 variants
Completed: 38504at8782 (161 variants)
Note: none of --samples-file, --ploidy or --ploidy-file given, assuming all sites are diploid
[mpileup] 1 samples in 1 input files
[mpileup] maximum number of reads per input file set to -d 250
Note: applying IUPAC codes based on FORMAT/GT in sample results/graph_alignment/stage3_temp/38504at8782.bam
Applied 161 variants
Completed: 21086at8782 (72 variants)
Note: none of --samples-file, --ploidy or --ploidy-file given, assuming all sites are diploid
[mpileup] 1 samples in 1 input files
[mpileup] maximum number of reads per input file set to -d 250
Note: applying IUPAC codes based on FORMAT/GT in sample results/graph_alignment/stage3_temp/21086at8782.bam
Applied 72 variants
Completed: 39034at8782 (0 variants)
Note: none of --samples-file, --ploidy or --ploidy-file given, assuming all sites are diploid
[mpileup] 1 samples in 1 input files
[mpileup] maximum number of reads per input file set to -d 250
Completed: 36335at8782 (71 variants)
Note: none of --samples-file, --ploidy or --ploidy-file given, assuming all sites are diploid
[mpileup] 1 samples in 1 input files
[mpileup] maximum number of reads per input file set to -d 250
Note: applying IUPAC codes based on FORMAT/GT in sample results/graph_alignment/stage3_temp/36335at8782.bam
Applied 71 variants
Completed: 43616at8782 (23 variants)
Note: none of --samples-file, --ploidy or --ploidy-file given, assuming all sites are diploid
[mpileup] 1 samples in 1 input files
[mpileup] maximum number of reads per input file set to -d 250
Note: applying IUPAC codes based on FORMAT/GT in sample results/graph_alignment/stage3_temp/43616at8782.bam
Applied 23 variants
Completed: 28903at8782 (42 variants)
Note: none of --samples-file, --ploidy or --ploidy-file given, assuming all sites are diploid
[mpileup] 1 samples in 1 input files
[mpileup] maximum number of reads per input file set to -d 250
Note: applying IUPAC codes based on FORMAT/GT in sample results/graph_alignment/stage3_temp/28903at8782.bam
Applied 42 variants
Completed: 22972at8782 (33 variants)
[mpileup] 1 samples in 1 input files
Note: none of --samples-file, --ploidy or --ploidy-file given, assuming all sites are diploid
[mpileup] maximum number of reads per input file set to -d 250
Note: applying IUPAC codes based on FORMAT/GT in sample results/graph_alignment/stage3_temp/22972at8782.bam
Applied 33 variants
Completed: 31991at8782 (12 variants)
Note: none of --samples-file, --ploidy or --ploidy-file given, assuming all sites are diploid
[mpileup] 1 samples in 1 input files
[mpileup] maximum number of reads per input file set to -d 250
Note: applying IUPAC codes based on FORMAT/GT in sample results/graph_alignment/stage3_temp/31991at8782.bam
Applied 12 variants
Completed: 49656at8782 (81 variants)
Note: none of --samples-file, --ploidy or --ploidy-file given, assuming all sites are diploid
[mpileup] 1 samples in 1 input files
[mpileup] maximum number of reads per input file set to -d 250
Note: applying IUPAC codes based on FORMAT/GT in sample results/graph_alignment/stage3_temp/49656at8782.bam
Applied 81 variants
Completed: 41072at8782 (81 variants)
[mpileup] 1 samples in 1 input files
Note: none of --samples-file, --ploidy or --ploidy-file given, assuming all sites are diploid
[mpileup] maximum number of reads per input file set to -d 250
Note: applying IUPAC codes based on FORMAT/GT in sample results/graph_alignment/stage3_temp/41072at8782.bam
Applied 81 variants
Completed: 30463at8782 (64 variants)
Note: none of --samples-file, --ploidy or --ploidy-file given, assuming all sites are diploid
[mpileup] 1 samples in 1 input files
[mpileup] maximum number of reads per input file set to -d 250
Note: applying IUPAC codes based on FORMAT/GT in sample results/graph_alignment/stage3_temp/30463at8782.bam
Applied 64 variants
Completed: 48796at8782 (55 variants)
Note: none of --samples-file, --ploidy or --ploidy-file given, assuming all sites are diploid
[mpileup] 1 samples in 1 input files
[mpileup] maximum number of reads per input file set to -d 250
Note: applying IUPAC codes based on FORMAT/GT in sample results/graph_alignment/stage3_temp/48796at8782.bam
Applied 55 variants
Completed: 43297at8782 (36 variants)
Note: none of --samples-file, --ploidy or --ploidy-file given, assuming all sites are diploid
[mpileup] 1 samples in 1 input files
[mpileup] maximum number of reads per input file set to -d 250
Note: applying IUPAC codes based on FORMAT/GT in sample results/graph_alignment/stage3_temp/43297at8782.bam
Applied 36 variants
Completed: 29521at8782 (111 variants)
[mpileup] 1 samples in 1 input files
Note: none of --samples-file, --ploidy or --ploidy-file given, assuming all sites are diploid
[mpileup] maximum number of reads per input file set to -d 250
Note: applying IUPAC codes based on FORMAT/GT in sample results/graph_alignment/stage3_temp/29521at8782.bam
Applied 111 variants
Completed: 15518at8782 (25 variants)
Note: none of --samples-file, --ploidy or --ploidy-file given, assuming all sites are diploid
[mpileup] 1 samples in 1 input files
[mpileup] maximum number of reads per input file set to -d 250
Note: applying IUPAC codes based on FORMAT/GT in sample results/graph_alignment/stage3_temp/15518at8782.bam
Applied 25 variants
Completed: 51746at8782 (60 variants)
[mpileup] 1 samples in 1 input files
Note: none of --samples-file, --ploidy or --ploidy-file given, assuming all sites are diploid
[mpileup] maximum number of reads per input file set to -d 250
Note: applying IUPAC codes based on FORMAT/GT in sample results/graph_alignment/stage3_temp/51746at8782.bam
Applied 60 variants
Completed: 48776at8782 (62 variants)
[mpileup] 1 samples in 1 input files
Note: none of --samples-file, --ploidy or --ploidy-file given, assuming all sites are diploid
[mpileup] maximum number of reads per input file set to -d 250
Note: applying IUPAC codes based on FORMAT/GT in sample results/graph_alignment/stage3_temp/48776at8782.bam
Applied 62 variants
Completed: 7340at8782 (0 variants)
Note: none of --samples-file, --ploidy or --ploidy-file given, assuming all sites are diploid
[mpileup] 1 samples in 1 input files
[mpileup] maximum number of reads per input file set to -d 250
Completed: 32604at8782 (97 variants)
Note: none of --samples-file, --ploidy or --ploidy-file given, assuming all sites are diploid
[mpileup] 1 samples in 1 input files
[mpileup] maximum number of reads per input file set to -d 250
Note: applying IUPAC codes based on FORMAT/GT in sample results/graph_alignment/stage3_temp/32604at8782.bam
Applied 97 variants
Completed: 33005at8782 (63 variants)
[mpileup] 1 samples in 1 input files
Note: none of --samples-file, --ploidy or --ploidy-file given, assuming all sites are diploid
[mpileup] maximum number of reads per input file set to -d 250
Note: applying IUPAC codes based on FORMAT/GT in sample results/graph_alignment/stage3_temp/33005at8782.bam
Applied 63 variants
Completed: 49915at8782 (76 variants)
[mpileup] 1 samples in 1 input files
Note: none of --samples-file, --ploidy or --ploidy-file given, assuming all sites are diploid
[mpileup] maximum number of reads per input file set to -d 250
Note: applying IUPAC codes based on FORMAT/GT in sample results/graph_alignment/stage3_temp/49915at8782.bam
Applied 76 variants
Completed: 25611at8782 (124 variants)
Note: none of --samples-file, --ploidy or --ploidy-file given, assuming all sites are diploid
[mpileup] 1 samples in 1 input files
[mpileup] maximum number of reads per input file set to -d 250
Note: applying IUPAC codes based on FORMAT/GT in sample results/graph_alignment/stage3_temp/25611at8782.bam
Applied 124 variants
Completed: 53727at8782 (18 variants)
[mpileup] 1 samples in 1 input files
Note: none of --samples-file, --ploidy or --ploidy-file given, assuming all sites are diploid
[mpileup] maximum number of reads per input file set to -d 250
Note: applying IUPAC codes based on FORMAT/GT in sample results/graph_alignment/stage3_temp/53727at8782.bam
Applied 18 variants
Completed: 46330at8782 (51 variants)
Note: none of --samples-file, --ploidy or --ploidy-file given, assuming all sites are diploid
[mpileup] 1 samples in 1 input files
[mpileup] maximum number of reads per input file set to -d 250
Note: applying IUPAC codes based on FORMAT/GT in sample results/graph_alignment/stage3_temp/46330at8782.bam
Applied 51 variants
Completed: 48976at8782 (70 variants)
[mpileup] 1 samples in 1 input files
Note: none of --samples-file, --ploidy or --ploidy-file given, assuming all sites are diploid
[mpileup] maximum number of reads per input file set to -d 250
Note: applying IUPAC codes based on FORMAT/GT in sample results/graph_alignment/stage3_temp/48976at8782.bam
Applied 70 variants
Completed: 46851at8782 (33 variants)
Note: none of --samples-file, --ploidy or --ploidy-file given, assuming all sites are diploid
[mpileup] 1 samples in 1 input files
[mpileup] maximum number of reads per input file set to -d 250
Note: applying IUPAC codes based on FORMAT/GT in sample results/graph_alignment/stage3_temp/46851at8782.bam
Applied 33 variants
Completed: 34843at8782 (79 variants)
[mpileup] 1 samples in 1 input files
Note: none of --samples-file, --ploidy or --ploidy-file given, assuming all sites are diploid
[mpileup] maximum number of reads per input file set to -d 250
Note: applying IUPAC codes based on FORMAT/GT in sample results/graph_alignment/stage3_temp/34843at8782.bam
Applied 79 variants
Completed: 48161at8782 (42 variants)
Note: none of --samples-file, --ploidy or --ploidy-file given, assuming all sites are diploid
[mpileup] 1 samples in 1 input files
[mpileup] maximum number of reads per input file set to -d 250
Note: applying IUPAC codes based on FORMAT/GT in sample results/graph_alignment/stage3_temp/48161at8782.bam
Applied 42 variants
Completed: 51269at8782 (5 variants)
Note: none of --samples-file, --ploidy or --ploidy-file given, assuming all sites are diploid
[mpileup] 1 samples in 1 input files
[mpileup] maximum number of reads per input file set to -d 250
Note: applying IUPAC codes based on FORMAT/GT in sample results/graph_alignment/stage3_temp/51269at8782.bam
Applied 5 variants
Completed: 21653at8782 (89 variants)
[mpileup] 1 samples in 1 input files
Note: none of --samples-file, --ploidy or --ploidy-file given, assuming all sites are diploid
[mpileup] maximum number of reads per input file set to -d 250
Note: applying IUPAC codes based on FORMAT/GT in sample results/graph_alignment/stage3_temp/21653at8782.bam
Applied 89 variants
Completed: 34565at8782 (60 variants)
Note: none of --samples-file, --ploidy or --ploidy-file given, assuming all sites are diploid
[mpileup] 1 samples in 1 input files
[mpileup] maximum number of reads per input file set to -d 250
Note: applying IUPAC codes based on FORMAT/GT in sample results/graph_alignment/stage3_temp/34565at8782.bam
Applied 60 variants
Completed: 51904at8782 (40 variants)
Note: none of --samples-file, --ploidy or --ploidy-file given, assuming all sites are diploid
[mpileup] 1 samples in 1 input files
[mpileup] maximum number of reads per input file set to -d 250
Note: applying IUPAC codes based on FORMAT/GT in sample results/graph_alignment/stage3_temp/51904at8782.bam
Applied 40 variants
Completed: 49746at8782 (34 variants)
Note: none of --samples-file, --ploidy or --ploidy-file given, assuming all sites are diploid
[mpileup] 1 samples in 1 input files
[mpileup] maximum number of reads per input file set to -d 250
Note: applying IUPAC codes based on FORMAT/GT in sample results/graph_alignment/stage3_temp/49746at8782.bam
Applied 34 variants
Completed: 40358at8782 (126 variants)
Note: none of --samples-file, --ploidy or --ploidy-file given, assuming all sites are diploid
[mpileup] 1 samples in 1 input files
[mpileup] maximum number of reads per input file set to -d 250
Note: applying IUPAC codes based on FORMAT/GT in sample results/graph_alignment/stage3_temp/40358at8782.bam
Applied 126 variants
Completed: 31207at8782 (25 variants)
[mpileup] 1 samples in 1 input files
Note: none of --samples-file, --ploidy or --ploidy-file given, assuming all sites are diploid
[mpileup] maximum number of reads per input file set to -d 250
Note: applying IUPAC codes based on FORMAT/GT in sample results/graph_alignment/stage3_temp/31207at8782.bam
Applied 25 variants
Completed: 53217at8782 (45 variants)
Note: none of --samples-file, --ploidy or --ploidy-file given, assuming all sites are diploid
[mpileup] 1 samples in 1 input files
[mpileup] maximum number of reads per input file set to -d 250
Note: applying IUPAC codes based on FORMAT/GT in sample results/graph_alignment/stage3_temp/53217at8782.bam
Applied 45 variants
Completed: 41049at8782 (0 variants)
Note: none of --samples-file, --ploidy or --ploidy-file given, assuming all sites are diploid
[mpileup] 1 samples in 1 input files
[mpileup] maximum number of reads per input file set to -d 250
Completed: 52068at8782 (33 variants)
Note: none of --samples-file, --ploidy or --ploidy-file given, assuming all sites are diploid
[mpileup] 1 samples in 1 input files
[mpileup] maximum number of reads per input file set to -d 250
Note: applying IUPAC codes based on FORMAT/GT in sample results/graph_alignment/stage3_temp/52068at8782.bam
Applied 33 variants
Completed: 29744at8782 (0 variants)
[mpileup] 1 samples in 1 input files
Note: none of --samples-file, --ploidy or --ploidy-file given, assuming all sites are diploid
[mpileup] maximum number of reads per input file set to -d 250
Completed: 51601at8782 (52 variants)
[mpileup] 1 samples in 1 input files
Note: none of --samples-file, --ploidy or --ploidy-file given, assuming all sites are diploid
[mpileup] maximum number of reads per input file set to -d 250
Note: applying IUPAC codes based on FORMAT/GT in sample results/graph_alignment/stage3_temp/51601at8782.bam
Applied 52 variants
Completed: 50131at8782 (138 variants)
Note: none of --samples-file, --ploidy or --ploidy-file given, assuming all sites are diploid
[mpileup] 1 samples in 1 input files
[mpileup] maximum number of reads per input file set to -d 250
Note: applying IUPAC codes based on FORMAT/GT in sample results/graph_alignment/stage3_temp/50131at8782.bam
Applied 138 variants
Completed: 35542at8782 (13 variants)
Note: none of --samples-file, --ploidy or --ploidy-file given, assuming all sites are diploid
[mpileup] 1 samples in 1 input files
[mpileup] maximum number of reads per input file set to -d 250
Note: applying IUPAC codes based on FORMAT/GT in sample results/graph_alignment/stage3_temp/35542at8782.bam
Applied 13 variants
Completed: 45210at8782 (49 variants)
Note: none of --samples-file, --ploidy or --ploidy-file given, assuming all sites are diploid
[mpileup] 1 samples in 1 input files
[mpileup] maximum number of reads per input file set to -d 250
Note: applying IUPAC codes based on FORMAT/GT in sample results/graph_alignment/stage3_temp/45210at8782.bam
Applied 49 variants
Completed: 38453at8782 (0 variants)
Note: none of --samples-file, --ploidy or --ploidy-file given, assuming all sites are diploid
[mpileup] 1 samples in 1 input files
[mpileup] maximum number of reads per input file set to -d 250
Completed: 38921at8782 (112 variants)
Note: none of --samples-file, --ploidy or --ploidy-file given, assuming all sites are diploid
[mpileup] 1 samples in 1 input files
[mpileup] maximum number of reads per input file set to -d 250
Note: applying IUPAC codes based on FORMAT/GT in sample results/graph_alignment/stage3_temp/38921at8782.bam
Applied 112 variants
Completed: 52298at8782 (0 variants)
[mpileup] 1 samples in 1 input files
Note: none of --samples-file, --ploidy or --ploidy-file given, assuming all sites are diploid
[mpileup] maximum number of reads per input file set to -d 250
Completed: 39632at8782 (50 variants)
Note: none of --samples-file, --ploidy or --ploidy-file given, assuming all sites are diploid
[mpileup] 1 samples in 1 input files
[mpileup] maximum number of reads per input file set to -d 250
Note: applying IUPAC codes based on FORMAT/GT in sample results/graph_alignment/stage3_temp/39632at8782.bam
Applied 50 variants
Completed: 51309at8782 (61 variants)
Note: none of --samples-file, --ploidy or --ploidy-file given, assuming all sites are diploid
[mpileup] 1 samples in 1 input files
[mpileup] maximum number of reads per input file set to -d 250
Note: applying IUPAC codes based on FORMAT/GT in sample results/graph_alignment/stage3_temp/51309at8782.bam
Applied 61 variants
Completed: 42617at8782 (212 variants)
[mpileup] 1 samples in 1 input files
Note: none of --samples-file, --ploidy or --ploidy-file given, assuming all sites are diploid
[mpileup] maximum number of reads per input file set to -d 250
Note: applying IUPAC codes based on FORMAT/GT in sample results/graph_alignment/stage3_temp/42617at8782.bam
Applied 212 variants
Completed: 7521at8782 (86 variants)
[mpileup] 1 samples in 1 input files
Note: none of --samples-file, --ploidy or --ploidy-file given, assuming all sites are diploid
[mpileup] maximum number of reads per input file set to -d 250
Note: applying IUPAC codes based on FORMAT/GT in sample results/graph_alignment/stage3_temp/7521at8782.bam
Applied 86 variants
Completed: 25101at8782 (41 variants)
Note: none of --samples-file, --ploidy or --ploidy-file given, assuming all sites are diploid
[mpileup] 1 samples in 1 input files
[mpileup] maximum number of reads per input file set to -d 250
Note: applying IUPAC codes based on FORMAT/GT in sample results/graph_alignment/stage3_temp/25101at8782.bam
Applied 41 variants
Completed: 47883at8782 (48 variants)
Note: none of --samples-file, --ploidy or --ploidy-file given, assuming all sites are diploid
[mpileup] 1 samples in 1 input files
[mpileup] maximum number of reads per input file set to -d 250
Note: applying IUPAC codes based on FORMAT/GT in sample results/graph_alignment/stage3_temp/47883at8782.bam
Applied 48 variants
Completed: 45625at8782 (0 variants)
Note: none of --samples-file, --ploidy or --ploidy-file given, assuming all sites are diploid
[mpileup] 1 samples in 1 input files
[mpileup] maximum number of reads per input file set to -d 250
Completed: 30252at8782 (140 variants)
[mpileup] 1 samples in 1 input files
Note: none of --samples-file, --ploidy or --ploidy-file given, assuming all sites are diploid
[mpileup] maximum number of reads per input file set to -d 250
Note: applying IUPAC codes based on FORMAT/GT in sample results/graph_alignment/stage3_temp/30252at8782.bam
Applied 140 variants
Completed: 46204at8782 (81 variants)
Note: none of --samples-file, --ploidy or --ploidy-file given, assuming all sites are diploid
[mpileup] 1 samples in 1 input files
[mpileup] maximum number of reads per input file set to -d 250
Note: applying IUPAC codes based on FORMAT/GT in sample results/graph_alignment/stage3_temp/46204at8782.bam
Applied 81 variants
Completed: 32623at8782 (89 variants)
Note: none of --samples-file, --ploidy or --ploidy-file given, assuming all sites are diploid
[mpileup] 1 samples in 1 input files
[mpileup] maximum number of reads per input file set to -d 250
Note: applying IUPAC codes based on FORMAT/GT in sample results/graph_alignment/stage3_temp/32623at8782.bam
Applied 89 variants
Completed: 37615at8782 (46 variants)
[mpileup] 1 samples in 1 input files
Note: none of --samples-file, --ploidy or --ploidy-file given, assuming all sites are diploid
[mpileup] maximum number of reads per input file set to -d 250
Note: applying IUPAC codes based on FORMAT/GT in sample results/graph_alignment/stage3_temp/37615at8782.bam
Applied 46 variants
Completed: 17725at8782 (16 variants)
Note: none of --samples-file, --ploidy or --ploidy-file given, assuming all sites are diploid
[mpileup] 1 samples in 1 input files
[mpileup] maximum number of reads per input file set to -d 250
Note: applying IUPAC codes based on FORMAT/GT in sample results/graph_alignment/stage3_temp/17725at8782.bam
Applied 16 variants
Completed: 30939at8782 (61 variants)
Note: none of --samples-file, --ploidy or --ploidy-file given, assuming all sites are diploid
[mpileup] 1 samples in 1 input files
[mpileup] maximum number of reads per input file set to -d 250
Note: applying IUPAC codes based on FORMAT/GT in sample results/graph_alignment/stage3_temp/30939at8782.bam
Applied 61 variants
Completed: 32347at8782 (147 variants)
Note: none of --samples-file, --ploidy or --ploidy-file given, assuming all sites are diploid
[mpileup] 1 samples in 1 input files
[mpileup] maximum number of reads per input file set to -d 250
Note: applying IUPAC codes based on FORMAT/GT in sample results/graph_alignment/stage3_temp/32347at8782.bam
Applied 147 variants
Completed: 47002at8782 (58 variants)
Note: none of --samples-file, --ploidy or --ploidy-file given, assuming all sites are diploid
[mpileup] 1 samples in 1 input files
[mpileup] maximum number of reads per input file set to -d 250
Note: applying IUPAC codes based on FORMAT/GT in sample results/graph_alignment/stage3_temp/47002at8782.bam
Applied 58 variants
Completed: 2696at8782 (34 variants)
Note: none of --samples-file, --ploidy or --ploidy-file given, assuming all sites are diploid
[mpileup] 1 samples in 1 input files
[mpileup] maximum number of reads per input file set to -d 250
Note: applying IUPAC codes based on FORMAT/GT in sample results/graph_alignment/stage3_temp/2696at8782.bam
Applied 34 variants
Completed: 5919at8782 (71 variants)
[mpileup] 1 samples in 1 input files
Note: none of --samples-file, --ploidy or --ploidy-file given, assuming all sites are diploid
[mpileup] maximum number of reads per input file set to -d 250
Note: applying IUPAC codes based on FORMAT/GT in sample results/graph_alignment/stage3_temp/5919at8782.bam
Applied 71 variants
Completed: 50489at8782 (0 variants)
Note: none of --samples-file, --ploidy or --ploidy-file given, assuming all sites are diploid
[mpileup] 1 samples in 1 input files
[mpileup] maximum number of reads per input file set to -d 250
Completed: 36324at8782 (135 variants)
[mpileup] 1 samples in 1 input files
Note: none of --samples-file, --ploidy or --ploidy-file given, assuming all sites are diploid
[mpileup] maximum number of reads per input file set to -d 250
Note: applying IUPAC codes based on FORMAT/GT in sample results/graph_alignment/stage3_temp/36324at8782.bam
Applied 135 variants
Completed: 43436at8782 (0 variants)
Note: none of --samples-file, --ploidy or --ploidy-file given, assuming all sites are diploid
[mpileup] 1 samples in 1 input files
[mpileup] maximum number of reads per input file set to -d 250
Completed: 19311at8782 (123 variants)
[mpileup] 1 samples in 1 input files
Note: none of --samples-file, --ploidy or --ploidy-file given, assuming all sites are diploid
[mpileup] maximum number of reads per input file set to -d 250
Note: applying IUPAC codes based on FORMAT/GT in sample results/graph_alignment/stage3_temp/19311at8782.bam
Applied 123 variants
Completed: 44873at8782 (70 variants)
Note: none of --samples-file, --ploidy or --ploidy-file given, assuming all sites are diploid
[mpileup] 1 samples in 1 input files
[mpileup] maximum number of reads per input file set to -d 250
Note: applying IUPAC codes based on FORMAT/GT in sample results/graph_alignment/stage3_temp/44873at8782.bam
Applied 70 variants
Completed: 36423at8782 (95 variants)
[mpileup] 1 samples in 1 input files
Note: none of --samples-file, --ploidy or --ploidy-file given, assuming all sites are diploid
[mpileup] maximum number of reads per input file set to -d 250
Note: applying IUPAC codes based on FORMAT/GT in sample results/graph_alignment/stage3_temp/36423at8782.bam
Applied 95 variants
Completed: 19957at8782 (93 variants)
Note: none of --samples-file, --ploidy or --ploidy-file given, assuming all sites are diploid
[mpileup] 1 samples in 1 input files
[mpileup] maximum number of reads per input file set to -d 250
Note: applying IUPAC codes based on FORMAT/GT in sample results/graph_alignment/stage3_temp/19957at8782.bam
Applied 93 variants
Completed: 28645at8782 (0 variants)
Note: none of --samples-file, --ploidy or --ploidy-file given, assuming all sites are diploid
[mpileup] 1 samples in 1 input files
[mpileup] maximum number of reads per input file set to -d 250
Completed: 45758at8782 (0 variants)
[mpileup] 1 samples in 1 input files
Note: none of --samples-file, --ploidy or --ploidy-file given, assuming all sites are diploid
[mpileup] maximum number of reads per input file set to -d 250
Completed: 32496at8782 (76 variants)
Note: none of --samples-file, --ploidy or --ploidy-file given, assuming all sites are diploid
[mpileup] 1 samples in 1 input files
[mpileup] maximum number of reads per input file set to -d 250
Note: applying IUPAC codes based on FORMAT/GT in sample results/graph_alignment/stage3_temp/32496at8782.bam
Applied 76 variants
Completed: 45465at8782 (0 variants)
Note: none of --samples-file, --ploidy or --ploidy-file given, assuming all sites are diploid
[mpileup] 1 samples in 1 input files
[mpileup] maximum number of reads per input file set to -d 250
Completed: 53050at8782 (0 variants)
Note: none of --samples-file, --ploidy or --ploidy-file given, assuming all sites are diploid
[mpileup] 1 samples in 1 input files
[mpileup] maximum number of reads per input file set to -d 250
Completed: 40873at8782 (72 variants)
Note: none of --samples-file, --ploidy or --ploidy-file given, assuming all sites are diploid
[mpileup] 1 samples in 1 input files
[mpileup] maximum number of reads per input file set to -d 250
Note: applying IUPAC codes based on FORMAT/GT in sample results/graph_alignment/stage3_temp/40873at8782.bam
Applied 72 variants
Completed: 24005at8782 (77 variants)
[mpileup] 1 samples in 1 input files
Note: none of --samples-file, --ploidy or --ploidy-file given, assuming all sites are diploid
[mpileup] maximum number of reads per input file set to -d 250
Note: applying IUPAC codes based on FORMAT/GT in sample results/graph_alignment/stage3_temp/24005at8782.bam
Applied 77 variants
Completed: 23161at8782 (108 variants)
Note: none of --samples-file, --ploidy or --ploidy-file given, assuming all sites are diploid
[mpileup] 1 samples in 1 input files
[mpileup] maximum number of reads per input file set to -d 250
Note: applying IUPAC codes based on FORMAT/GT in sample results/graph_alignment/stage3_temp/23161at8782.bam
Applied 108 variants
Completed: 39222at8782 (57 variants)
Note: none of --samples-file, --ploidy or --ploidy-file given, assuming all sites are diploid
[mpileup] 1 samples in 1 input files
[mpileup] maximum number of reads per input file set to -d 250
Note: applying IUPAC codes based on FORMAT/GT in sample results/graph_alignment/stage3_temp/39222at8782.bam
Applied 57 variants
Completed: 23146at8782 (73 variants)
Note: none of --samples-file, --ploidy or --ploidy-file given, assuming all sites are diploid
[mpileup] 1 samples in 1 input files
[mpileup] maximum number of reads per input file set to -d 250
Note: applying IUPAC codes based on FORMAT/GT in sample results/graph_alignment/stage3_temp/23146at8782.bam
Applied 73 variants
Completed: 21370at8782 (44 variants)
Note: none of --samples-file, --ploidy or --ploidy-file given, assuming all sites are diploid
[mpileup] 1 samples in 1 input files
[mpileup] maximum number of reads per input file set to -d 250
Note: applying IUPAC codes based on FORMAT/GT in sample results/graph_alignment/stage3_temp/21370at8782.bam
Applied 44 variants
Completed: 19075at8782 (45 variants)
[mpileup] 1 samples in 1 input files
Note: none of --samples-file, --ploidy or --ploidy-file given, assuming all sites are diploid
[mpileup] maximum number of reads per input file set to -d 250
Note: applying IUPAC codes based on FORMAT/GT in sample results/graph_alignment/stage3_temp/19075at8782.bam
Applied 45 variants
Completed: 37467at8782 (104 variants)
Note: none of --samples-file, --ploidy or --ploidy-file given, assuming all sites are diploid
[mpileup] 1 samples in 1 input files
[mpileup] maximum number of reads per input file set to -d 250
Note: applying IUPAC codes based on FORMAT/GT in sample results/graph_alignment/stage3_temp/37467at8782.bam
Applied 104 variants
Completed: 37664at8782 (73 variants)
Note: none of --samples-file, --ploidy or --ploidy-file given, assuming all sites are diploid
[mpileup] 1 samples in 1 input files
[mpileup] maximum number of reads per input file set to -d 250
Note: applying IUPAC codes based on FORMAT/GT in sample results/graph_alignment/stage3_temp/37664at8782.bam
Applied 73 variants
Completed: 28265at8782 (43 variants)
Note: none of --samples-file, --ploidy or --ploidy-file given, assuming all sites are diploid
[mpileup] 1 samples in 1 input files
[mpileup] maximum number of reads per input file set to -d 250
Note: applying IUPAC codes based on FORMAT/GT in sample results/graph_alignment/stage3_temp/28265at8782.bam
Applied 43 variants
Completed: 45256at8782 (74 variants)
Note: none of --samples-file, --ploidy or --ploidy-file given, assuming all sites are diploid
[mpileup] 1 samples in 1 input files
[mpileup] maximum number of reads per input file set to -d 250
Note: applying IUPAC codes based on FORMAT/GT in sample results/graph_alignment/stage3_temp/45256at8782.bam
Applied 74 variants
Completed: 25319at8782 (136 variants)
[mpileup] 1 samples in 1 input files
Note: none of --samples-file, --ploidy or --ploidy-file given, assuming all sites are diploid
[mpileup] maximum number of reads per input file set to -d 250
Note: applying IUPAC codes based on FORMAT/GT in sample results/graph_alignment/stage3_temp/25319at8782.bam
Applied 136 variants
Completed: 31148at8782 (87 variants)
Note: none of --samples-file, --ploidy or --ploidy-file given, assuming all sites are diploid
[mpileup] 1 samples in 1 input files
[mpileup] maximum number of reads per input file set to -d 250
Note: applying IUPAC codes based on FORMAT/GT in sample results/graph_alignment/stage3_temp/31148at8782.bam
Applied 87 variants
Completed: 21305at8782 (13 variants)
Note: none of --samples-file, --ploidy or --ploidy-file given, assuming all sites are diploid
[mpileup] 1 samples in 1 input files
[mpileup] maximum number of reads per input file set to -d 250
Note: applying IUPAC codes based on FORMAT/GT in sample results/graph_alignment/stage3_temp/21305at8782.bam
Applied 13 variants
Completed: 40025at8782 (142 variants)
Note: none of --samples-file, --ploidy or --ploidy-file given, assuming all sites are diploid
[mpileup] 1 samples in 1 input files
[mpileup] maximum number of reads per input file set to -d 250
Note: applying IUPAC codes based on FORMAT/GT in sample results/graph_alignment/stage3_temp/40025at8782.bam
Applied 142 variants
Completed: 33049at8782 (73 variants)
Note: none of --samples-file, --ploidy or --ploidy-file given, assuming all sites are diploid
[mpileup] 1 samples in 1 input files
[mpileup] maximum number of reads per input file set to -d 250
Note: applying IUPAC codes based on FORMAT/GT in sample results/graph_alignment/stage3_temp/33049at8782.bam
Applied 73 variants
Completed: 7850at8782 (161 variants)
Note: none of --samples-file, --ploidy or --ploidy-file given, assuming all sites are diploid
[mpileup] 1 samples in 1 input files
[mpileup] maximum number of reads per input file set to -d 250
Note: applying IUPAC codes based on FORMAT/GT in sample results/graph_alignment/stage3_temp/7850at8782.bam
Applied 161 variants
Completed: 50577at8782 (31 variants)
[mpileup] 1 samples in 1 input files
Note: none of --samples-file, --ploidy or --ploidy-file given, assuming all sites are diploid
[mpileup] maximum number of reads per input file set to -d 250
Note: applying IUPAC codes based on FORMAT/GT in sample results/graph_alignment/stage3_temp/50577at8782.bam
Applied 31 variants
Completed: 45553at8782 (49 variants)
Note: none of --samples-file, --ploidy or --ploidy-file given, assuming all sites are diploid
[mpileup] 1 samples in 1 input files
[mpileup] maximum number of reads per input file set to -d 250
Note: applying IUPAC codes based on FORMAT/GT in sample results/graph_alignment/stage3_temp/45553at8782.bam
Applied 49 variants
Completed: 24528at8782 (0 variants)
Note: none of --samples-file, --ploidy or --ploidy-file given, assuming all sites are diploid
[mpileup] 1 samples in 1 input files
[mpileup] maximum number of reads per input file set to -d 250
Completed: 45095at8782 (101 variants)
Note: none of --samples-file, --ploidy or --ploidy-file given, assuming all sites are diploid
[mpileup] 1 samples in 1 input files
[mpileup] maximum number of reads per input file set to -d 250
Note: applying IUPAC codes based on FORMAT/GT in sample results/graph_alignment/stage3_temp/45095at8782.bam
Applied 101 variants
Completed: 20738at8782 (51 variants)
Note: none of --samples-file, --ploidy or --ploidy-file given, assuming all sites are diploid
[mpileup] 1 samples in 1 input files
[mpileup] maximum number of reads per input file set to -d 250
Note: applying IUPAC codes based on FORMAT/GT in sample results/graph_alignment/stage3_temp/20738at8782.bam
Applied 51 variants
Completed: 19055at8782 (75 variants)
Note: none of --samples-file, --ploidy or --ploidy-file given, assuming all sites are diploid
[mpileup] 1 samples in 1 input files
[mpileup] maximum number of reads per input file set to -d 250
Note: applying IUPAC codes based on FORMAT/GT in sample results/graph_alignment/stage3_temp/19055at8782.bam
Applied 75 variants
Completed: 48585at8782 (42 variants)
Note: none of --samples-file, --ploidy or --ploidy-file given, assuming all sites are diploid
[mpileup] 1 samples in 1 input files
[mpileup] maximum number of reads per input file set to -d 250
Note: applying IUPAC codes based on FORMAT/GT in sample results/graph_alignment/stage3_temp/48585at8782.bam
Applied 42 variants
Completed: 17864at8782 (140 variants)
Note: none of --samples-file, --ploidy or --ploidy-file given, assuming all sites are diploid
[mpileup] 1 samples in 1 input files
[mpileup] maximum number of reads per input file set to -d 250
Note: applying IUPAC codes based on FORMAT/GT in sample results/graph_alignment/stage3_temp/17864at8782.bam
Applied 140 variants
Completed: 30377at8782 (113 variants)
Note: none of --samples-file, --ploidy or --ploidy-file given, assuming all sites are diploid
[mpileup] 1 samples in 1 input files
[mpileup] maximum number of reads per input file set to -d 250
Note: applying IUPAC codes based on FORMAT/GT in sample results/graph_alignment/stage3_temp/30377at8782.bam
Applied 113 variants
Completed: 15183at8782 (231 variants)
Note: none of --samples-file, --ploidy or --ploidy-file given, assuming all sites are diploid
[mpileup] 1 samples in 1 input files
[mpileup] maximum number of reads per input file set to -d 250
Note: applying IUPAC codes based on FORMAT/GT in sample results/graph_alignment/stage3_temp/15183at8782.bam
Applied 231 variants
Completed: 46903at8782 (39 variants)
Note: none of --samples-file, --ploidy or --ploidy-file given, assuming all sites are diploid
[mpileup] 1 samples in 1 input files
[mpileup] maximum number of reads per input file set to -d 250
Note: applying IUPAC codes based on FORMAT/GT in sample results/graph_alignment/stage3_temp/46903at8782.bam
Applied 39 variants
Completed: 22192at8782 (0 variants)
Note: none of --samples-file, --ploidy or --ploidy-file given, assuming all sites are diploid
[mpileup] 1 samples in 1 input files
[mpileup] maximum number of reads per input file set to -d 250
Completed: 41604at8782 (141 variants)
Note: none of --samples-file, --ploidy or --ploidy-file given, assuming all sites are diploid
[mpileup] 1 samples in 1 input files
[mpileup] maximum number of reads per input file set to -d 250
Note: applying IUPAC codes based on FORMAT/GT in sample results/graph_alignment/stage3_temp/41604at8782.bam
Applied 141 variants
Completed: 41695at8782 (79 variants)
Note: none of --samples-file, --ploidy or --ploidy-file given, assuming all sites are diploid
[mpileup] 1 samples in 1 input files
[mpileup] maximum number of reads per input file set to -d 250
Note: applying IUPAC codes based on FORMAT/GT in sample results/graph_alignment/stage3_temp/41695at8782.bam
Applied 79 variants
Completed: 21658at8782 (92 variants)
Note: none of --samples-file, --ploidy or --ploidy-file given, assuming all sites are diploid
[mpileup] 1 samples in 1 input files
[mpileup] maximum number of reads per input file set to -d 250
Note: applying IUPAC codes based on FORMAT/GT in sample results/graph_alignment/stage3_temp/21658at8782.bam
Applied 92 variants
Completed: 38305at8782 (47 variants)
Note: none of --samples-file, --ploidy or --ploidy-file given, assuming all sites are diploid
[mpileup] 1 samples in 1 input files
[mpileup] maximum number of reads per input file set to -d 250
Note: applying IUPAC codes based on FORMAT/GT in sample results/graph_alignment/stage3_temp/38305at8782.bam
Applied 47 variants
Completed: 38936at8782 (137 variants)
Note: none of --samples-file, --ploidy or --ploidy-file given, assuming all sites are diploid
[mpileup] 1 samples in 1 input files
[mpileup] maximum number of reads per input file set to -d 250
Note: applying IUPAC codes based on FORMAT/GT in sample results/graph_alignment/stage3_temp/38936at8782.bam
Applied 137 variants
Completed: 34323at8782 (73 variants)
Note: none of --samples-file, --ploidy or --ploidy-file given, assuming all sites are diploid
[mpileup] 1 samples in 1 input files
[mpileup] maximum number of reads per input file set to -d 250
Note: applying IUPAC codes based on FORMAT/GT in sample results/graph_alignment/stage3_temp/34323at8782.bam
Applied 73 variants
Completed: 38877at8782 (32 variants)
Note: none of --samples-file, --ploidy or --ploidy-file given, assuming all sites are diploid
[mpileup] 1 samples in 1 input files
[mpileup] maximum number of reads per input file set to -d 250
Note: applying IUPAC codes based on FORMAT/GT in sample results/graph_alignment/stage3_temp/38877at8782.bam
Applied 32 variants
Completed: 45577at8782 (0 variants)
Note: none of --samples-file, --ploidy or --ploidy-file given, assuming all sites are diploid
[mpileup] 1 samples in 1 input files
[mpileup] maximum number of reads per input file set to -d 250
Completed: 11268at8782 (182 variants)
[mpileup] 1 samples in 1 input files
Note: none of --samples-file, --ploidy or --ploidy-file given, assuming all sites are diploid
[mpileup] maximum number of reads per input file set to -d 250
Note: applying IUPAC codes based on FORMAT/GT in sample results/graph_alignment/stage3_temp/11268at8782.bam
Applied 182 variants
Completed: 50436at8782 (20 variants)
Note: none of --samples-file, --ploidy or --ploidy-file given, assuming all sites are diploid
[mpileup] 1 samples in 1 input files
[mpileup] maximum number of reads per input file set to -d 250
Note: applying IUPAC codes based on FORMAT/GT in sample results/graph_alignment/stage3_temp/50436at8782.bam
Applied 20 variants
Completed: 44847at8782 (0 variants)
Note: none of --samples-file, --ploidy or --ploidy-file given, assuming all sites are diploid
[mpileup] 1 samples in 1 input files
[mpileup] maximum number of reads per input file set to -d 250
Completed: 34068at8782 (86 variants)
Note: none of --samples-file, --ploidy or --ploidy-file given, assuming all sites are diploid
[mpileup] 1 samples in 1 input files
[mpileup] maximum number of reads per input file set to -d 250
Note: applying IUPAC codes based on FORMAT/GT in sample results/graph_alignment/stage3_temp/34068at8782.bam
Applied 86 variants
Completed: 53306at8782 (0 variants)
Note: none of --samples-file, --ploidy or --ploidy-file given, assuming all sites are diploid
[mpileup] 1 samples in 1 input files
[mpileup] maximum number of reads per input file set to -d 250
Completed: 50276at8782 (97 variants)
[mpileup] 1 samples in 1 input files
Note: none of --samples-file, --ploidy or --ploidy-file given, assuming all sites are diploid
[mpileup] maximum number of reads per input file set to -d 250
Note: applying IUPAC codes based on FORMAT/GT in sample results/graph_alignment/stage3_temp/50276at8782.bam
Applied 97 variants
Completed: 11296at8782 (157 variants)
Note: none of --samples-file, --ploidy or --ploidy-file given, assuming all sites are diploid
[mpileup] 1 samples in 1 input files
[mpileup] maximum number of reads per input file set to -d 250
Note: applying IUPAC codes based on FORMAT/GT in sample results/graph_alignment/stage3_temp/11296at8782.bam
Applied 157 variants
Completed: 23748at8782 (35 variants)
[mpileup] 1 samples in 1 input files
Note: none of --samples-file, --ploidy or --ploidy-file given, assuming all sites are diploid
[mpileup] maximum number of reads per input file set to -d 250
Note: applying IUPAC codes based on FORMAT/GT in sample results/graph_alignment/stage3_temp/23748at8782.bam
Applied 35 variants
Completed: 45396at8782 (53 variants)
Note: none of --samples-file, --ploidy or --ploidy-file given, assuming all sites are diploid
[mpileup] 1 samples in 1 input files
[mpileup] maximum number of reads per input file set to -d 250
Note: applying IUPAC codes based on FORMAT/GT in sample results/graph_alignment/stage3_temp/45396at8782.bam
Applied 53 variants
Completed: 28280at8782 (145 variants)
Note: none of --samples-file, --ploidy or --ploidy-file given, assuming all sites are diploid
[mpileup] 1 samples in 1 input files
[mpileup] maximum number of reads per input file set to -d 250
Note: applying IUPAC codes based on FORMAT/GT in sample results/graph_alignment/stage3_temp/28280at8782.bam
Applied 145 variants
Completed: 42736at8782 (55 variants)
[mpileup] 1 samples in 1 input files
Note: none of --samples-file, --ploidy or --ploidy-file given, assuming all sites are diploid
[mpileup] maximum number of reads per input file set to -d 250
Note: applying IUPAC codes based on FORMAT/GT in sample results/graph_alignment/stage3_temp/42736at8782.bam
Applied 55 variants
Completed: 30747at8782 (117 variants)
Note: none of --samples-file, --ploidy or --ploidy-file given, assuming all sites are diploid
[mpileup] 1 samples in 1 input files
[mpileup] maximum number of reads per input file set to -d 250
Note: applying IUPAC codes based on FORMAT/GT in sample results/graph_alignment/stage3_temp/30747at8782.bam
Applied 117 variants
Completed: 16133at8782 (149 variants)
Note: none of --samples-file, --ploidy or --ploidy-file given, assuming all sites are diploid
[mpileup] 1 samples in 1 input files
[mpileup] maximum number of reads per input file set to -d 250
Note: applying IUPAC codes based on FORMAT/GT in sample results/graph_alignment/stage3_temp/16133at8782.bam
Applied 149 variants
Completed: 51696at8782 (0 variants)
Note: none of --samples-file, --ploidy or --ploidy-file given, assuming all sites are diploid
[mpileup] 1 samples in 1 input files
[mpileup] maximum number of reads per input file set to -d 250
Completed: 32269at8782 (78 variants)
Note: none of --samples-file, --ploidy or --ploidy-file given, assuming all sites are diploid
[mpileup] 1 samples in 1 input files
[mpileup] maximum number of reads per input file set to -d 250
Note: applying IUPAC codes based on FORMAT/GT in sample results/graph_alignment/stage3_temp/32269at8782.bam
Applied 78 variants
Completed: 42217at8782 (127 variants)
[mpileup] 1 samples in 1 input files
Note: none of --samples-file, --ploidy or --ploidy-file given, assuming all sites are diploid
[mpileup] maximum number of reads per input file set to -d 250
Note: applying IUPAC codes based on FORMAT/GT in sample results/graph_alignment/stage3_temp/42217at8782.bam
Applied 127 variants
Completed: 29909at8782 (76 variants)
Note: none of --samples-file, --ploidy or --ploidy-file given, assuming all sites are diploid
[mpileup] 1 samples in 1 input files
[mpileup] maximum number of reads per input file set to -d 250
Note: applying IUPAC codes based on FORMAT/GT in sample results/graph_alignment/stage3_temp/29909at8782.bam
Applied 76 variants
Completed: 36366at8782 (84 variants)
Note: none of --samples-file, --ploidy or --ploidy-file given, assuming all sites are diploid
[mpileup] 1 samples in 1 input files
[mpileup] maximum number of reads per input file set to -d 250
Note: applying IUPAC codes based on FORMAT/GT in sample results/graph_alignment/stage3_temp/36366at8782.bam
Applied 84 variants
Completed: 48971at8782 (34 variants)
Note: none of --samples-file, --ploidy or --ploidy-file given, assuming all sites are diploid
[mpileup] 1 samples in 1 input files
[mpileup] maximum number of reads per input file set to -d 250
Note: applying IUPAC codes based on FORMAT/GT in sample results/graph_alignment/stage3_temp/48971at8782.bam
Applied 34 variants
Completed: 19258at8782 (105 variants)
Note: none of --samples-file, --ploidy or --ploidy-file given, assuming all sites are diploid
[mpileup] 1 samples in 1 input files
[mpileup] maximum number of reads per input file set to -d 250
Note: applying IUPAC codes based on FORMAT/GT in sample results/graph_alignment/stage3_temp/19258at8782.bam
Applied 105 variants
Completed: 31806at8782 (118 variants)
Note: none of --samples-file, --ploidy or --ploidy-file given, assuming all sites are diploid
[mpileup] 1 samples in 1 input files
[mpileup] maximum number of reads per input file set to -d 250
Note: applying IUPAC codes based on FORMAT/GT in sample results/graph_alignment/stage3_temp/31806at8782.bam
Applied 118 variants
Completed: 44199at8782 (29 variants)
Note: none of --samples-file, --ploidy or --ploidy-file given, assuming all sites are diploid
[mpileup] 1 samples in 1 input files
[mpileup] maximum number of reads per input file set to -d 250
Note: applying IUPAC codes based on FORMAT/GT in sample results/graph_alignment/stage3_temp/44199at8782.bam
Applied 29 variants
Completed: 35125at8782 (68 variants)
[mpileup] 1 samples in 1 input files
Note: none of --samples-file, --ploidy or --ploidy-file given, assuming all sites are diploid
[mpileup] maximum number of reads per input file set to -d 250
Note: applying IUPAC codes based on FORMAT/GT in sample results/graph_alignment/stage3_temp/35125at8782.bam
Applied 68 variants
Completed: 26062at8782 (61 variants)
Note: none of --samples-file, --ploidy or --ploidy-file given, assuming all sites are diploid
[mpileup] 1 samples in 1 input files
[mpileup] maximum number of reads per input file set to -d 250
Note: applying IUPAC codes based on FORMAT/GT in sample results/graph_alignment/stage3_temp/26062at8782.bam
Applied 61 variants
Completed: 20752at8782 (92 variants)
Note: none of --samples-file, --ploidy or --ploidy-file given, assuming all sites are diploid
[mpileup] 1 samples in 1 input files
[mpileup] maximum number of reads per input file set to -d 250
Note: applying IUPAC codes based on FORMAT/GT in sample results/graph_alignment/stage3_temp/20752at8782.bam
Applied 92 variants
Completed: 27049at8782 (83 variants)
Note: none of --samples-file, --ploidy or --ploidy-file given, assuming all sites are diploid
[mpileup] 1 samples in 1 input files
[mpileup] maximum number of reads per input file set to -d 250
Note: applying IUPAC codes based on FORMAT/GT in sample results/graph_alignment/stage3_temp/27049at8782.bam
Applied 83 variants
Completed: 13172at8782 (223 variants)
Note: none of --samples-file, --ploidy or --ploidy-file given, assuming all sites are diploid
[mpileup] 1 samples in 1 input files
[mpileup] maximum number of reads per input file set to -d 250
Note: applying IUPAC codes based on FORMAT/GT in sample results/graph_alignment/stage3_temp/13172at8782.bam
Applied 223 variants
Completed: 17468at8782 (43 variants)
Note: none of --samples-file, --ploidy or --ploidy-file given, assuming all sites are diploid
[mpileup] 1 samples in 1 input files
[mpileup] maximum number of reads per input file set to -d 250
Note: applying IUPAC codes based on FORMAT/GT in sample results/graph_alignment/stage3_temp/17468at8782.bam
Applied 43 variants
Completed: 47624at8782 (22 variants)
Note: none of --samples-file, --ploidy or --ploidy-file given, assuming all sites are diploid
[mpileup] 1 samples in 1 input files
[mpileup] maximum number of reads per input file set to -d 250
Note: applying IUPAC codes based on FORMAT/GT in sample results/graph_alignment/stage3_temp/47624at8782.bam
Applied 22 variants
Completed: 35988at8782 (63 variants)
Note: none of --samples-file, --ploidy or --ploidy-file given, assuming all sites are diploid
[mpileup] 1 samples in 1 input files
[mpileup] maximum number of reads per input file set to -d 250
Note: applying IUPAC codes based on FORMAT/GT in sample results/graph_alignment/stage3_temp/35988at8782.bam
Applied 63 variants
Completed: 16993at8782 (82 variants)
Note: none of --samples-file, --ploidy or --ploidy-file given, assuming all sites are diploid
[mpileup] 1 samples in 1 input files
[mpileup] maximum number of reads per input file set to -d 250
Note: applying IUPAC codes based on FORMAT/GT in sample results/graph_alignment/stage3_temp/16993at8782.bam
Applied 82 variants
Completed: 29599at8782 (99 variants)
[mpileup] 1 samples in 1 input files
Note: none of --samples-file, --ploidy or --ploidy-file given, assuming all sites are diploid
[mpileup] maximum number of reads per input file set to -d 250
Note: applying IUPAC codes based on FORMAT/GT in sample results/graph_alignment/stage3_temp/29599at8782.bam
Applied 99 variants
Completed: 33168at8782 (33 variants)
Note: none of --samples-file, --ploidy or --ploidy-file given, assuming all sites are diploid
[mpileup] 1 samples in 1 input files
[mpileup] maximum number of reads per input file set to -d 250
Note: applying IUPAC codes based on FORMAT/GT in sample results/graph_alignment/stage3_temp/33168at8782.bam
Applied 33 variants
Completed: 30948at8782 (94 variants)
Note: none of --samples-file, --ploidy or --ploidy-file given, assuming all sites are diploid
[mpileup] 1 samples in 1 input files
[mpileup] maximum number of reads per input file set to -d 250
Note: applying IUPAC codes based on FORMAT/GT in sample results/graph_alignment/stage3_temp/30948at8782.bam
Applied 94 variants
Completed: 8594at8782 (147 variants)
Note: none of --samples-file, --ploidy or --ploidy-file given, assuming all sites are diploid
[mpileup] 1 samples in 1 input files
[mpileup] maximum number of reads per input file set to -d 250
Note: applying IUPAC codes based on FORMAT/GT in sample results/graph_alignment/stage3_temp/8594at8782.bam
Applied 147 variants
Completed: 43699at8782 (14 variants)
Note: none of --samples-file, --ploidy or --ploidy-file given, assuming all sites are diploid
[mpileup] 1 samples in 1 input files
[mpileup] maximum number of reads per input file set to -d 250
Note: applying IUPAC codes based on FORMAT/GT in sample results/graph_alignment/stage3_temp/43699at8782.bam
Applied 14 variants
Completed: 43770at8782 (0 variants)
Note: none of --samples-file, --ploidy or --ploidy-file given, assuming all sites are diploid
[mpileup] 1 samples in 1 input files
[mpileup] maximum number of reads per input file set to -d 250
Completed: 19569at8782 (44 variants)
[mpileup] 1 samples in 1 input files
Note: none of --samples-file, --ploidy or --ploidy-file given, assuming all sites are diploid
[mpileup] maximum number of reads per input file set to -d 250
Note: applying IUPAC codes based on FORMAT/GT in sample results/graph_alignment/stage3_temp/19569at8782.bam
Applied 44 variants
Completed: 11667at8782 (163 variants)
[mpileup] 1 samples in 1 input files
Note: none of --samples-file, --ploidy or --ploidy-file given, assuming all sites are diploid
[mpileup] maximum number of reads per input file set to -d 250
Note: applying IUPAC codes based on FORMAT/GT in sample results/graph_alignment/stage3_temp/11667at8782.bam
Applied 163 variants
Completed: 39196at8782 (29 variants)
Note: none of --samples-file, --ploidy or --ploidy-file given, assuming all sites are diploid
[mpileup] 1 samples in 1 input files
[mpileup] maximum number of reads per input file set to -d 250
Note: applying IUPAC codes based on FORMAT/GT in sample results/graph_alignment/stage3_temp/39196at8782.bam
Applied 29 variants
Completed: 41195at8782 (37 variants)
Note: none of --samples-file, --ploidy or --ploidy-file given, assuming all sites are diploid
[mpileup] 1 samples in 1 input files
[mpileup] maximum number of reads per input file set to -d 250
Note: applying IUPAC codes based on FORMAT/GT in sample results/graph_alignment/stage3_temp/41195at8782.bam
Applied 37 variants
Completed: 38474at8782 (146 variants)
Note: none of --samples-file, --ploidy or --ploidy-file given, assuming all sites are diploid
[mpileup] 1 samples in 1 input files
[mpileup] maximum number of reads per input file set to -d 250
Note: applying IUPAC codes based on FORMAT/GT in sample results/graph_alignment/stage3_temp/38474at8782.bam
Applied 146 variants
Completed: 40691at8782 (70 variants)
Note: none of --samples-file, --ploidy or --ploidy-file given, assuming all sites are diploid
[mpileup] 1 samples in 1 input files
[mpileup] maximum number of reads per input file set to -d 250
Note: applying IUPAC codes based on FORMAT/GT in sample results/graph_alignment/stage3_temp/40691at8782.bam
Applied 70 variants
Completed: 33566at8782 (87 variants)
Note: none of --samples-file, --ploidy or --ploidy-file given, assuming all sites are diploid
[mpileup] 1 samples in 1 input files
[mpileup] maximum number of reads per input file set to -d 250
Note: applying IUPAC codes based on FORMAT/GT in sample results/graph_alignment/stage3_temp/33566at8782.bam
Applied 87 variants
Completed: 5791at8782 (9 variants)
Note: none of --samples-file, --ploidy or --ploidy-file given, assuming all sites are diploid
[mpileup] 1 samples in 1 input files
[mpileup] maximum number of reads per input file set to -d 250
Note: applying IUPAC codes based on FORMAT/GT in sample results/graph_alignment/stage3_temp/5791at8782.bam
Applied 9 variants
Completed: 52168at8782 (0 variants)
Note: none of --samples-file, --ploidy or --ploidy-file given, assuming all sites are diploid
[mpileup] 1 samples in 1 input files
[mpileup] maximum number of reads per input file set to -d 250
Completed: 38847at8782 (28 variants)
Note: none of --samples-file, --ploidy or --ploidy-file given, assuming all sites are diploid
[mpileup] 1 samples in 1 input files
[mpileup] maximum number of reads per input file set to -d 250
Note: applying IUPAC codes based on FORMAT/GT in sample results/graph_alignment/stage3_temp/38847at8782.bam
Applied 28 variants
Completed: 44241at8782 (79 variants)
Note: none of --samples-file, --ploidy or --ploidy-file given, assuming all sites are diploid
[mpileup] 1 samples in 1 input files
[mpileup] maximum number of reads per input file set to -d 250
Note: applying IUPAC codes based on FORMAT/GT in sample results/graph_alignment/stage3_temp/44241at8782.bam
Applied 79 variants
Completed: 24140at8782 (77 variants)
Note: none of --samples-file, --ploidy or --ploidy-file given, assuming all sites are diploid
[mpileup] 1 samples in 1 input files
[mpileup] maximum number of reads per input file set to -d 250
Note: applying IUPAC codes based on FORMAT/GT in sample results/graph_alignment/stage3_temp/24140at8782.bam
Applied 77 variants
Completed: 36577at8782 (28 variants)
Note: none of --samples-file, --ploidy or --ploidy-file given, assuming all sites are diploid
[mpileup] 1 samples in 1 input files
[mpileup] maximum number of reads per input file set to -d 250
Note: applying IUPAC codes based on FORMAT/GT in sample results/graph_alignment/stage3_temp/36577at8782.bam
Applied 28 variants
Completed: 43376at8782 (30 variants)
Note: none of --samples-file, --ploidy or --ploidy-file given, assuming all sites are diploid
[mpileup] 1 samples in 1 input files
[mpileup] maximum number of reads per input file set to -d 250
Note: applying IUPAC codes based on FORMAT/GT in sample results/graph_alignment/stage3_temp/43376at8782.bam
Applied 30 variants
Completed: 29029at8782 (132 variants)
[mpileup] 1 samples in 1 input files
Note: none of --samples-file, --ploidy or --ploidy-file given, assuming all sites are diploid
[mpileup] maximum number of reads per input file set to -d 250
Note: applying IUPAC codes based on FORMAT/GT in sample results/graph_alignment/stage3_temp/29029at8782.bam
Applied 132 variants
Completed: 31535at8782 (81 variants)
Note: none of --samples-file, --ploidy or --ploidy-file given, assuming all sites are diploid
[mpileup] 1 samples in 1 input files
[mpileup] maximum number of reads per input file set to -d 250
Note: applying IUPAC codes based on FORMAT/GT in sample results/graph_alignment/stage3_temp/31535at8782.bam
Applied 81 variants
Completed: 26957at8782 (58 variants)
[mpileup] 1 samples in 1 input files
Note: none of --samples-file, --ploidy or --ploidy-file given, assuming all sites are diploid
[mpileup] maximum number of reads per input file set to -d 250
Note: applying IUPAC codes based on FORMAT/GT in sample results/graph_alignment/stage3_temp/26957at8782.bam
Applied 58 variants
Completed: 46340at8782 (40 variants)
Note: none of --samples-file, --ploidy or --ploidy-file given, assuming all sites are diploid
[mpileup] 1 samples in 1 input files
[mpileup] maximum number of reads per input file set to -d 250
Note: applying IUPAC codes based on FORMAT/GT in sample results/graph_alignment/stage3_temp/46340at8782.bam
Applied 40 variants
Completed: 44503at8782 (55 variants)
Note: none of --samples-file, --ploidy or --ploidy-file given, assuming all sites are diploid
[mpileup] 1 samples in 1 input files
[mpileup] maximum number of reads per input file set to -d 250
Note: applying IUPAC codes based on FORMAT/GT in sample results/graph_alignment/stage3_temp/44503at8782.bam
Applied 55 variants
Completed: 48813at8782 (0 variants)
Note: none of --samples-file, --ploidy or --ploidy-file given, assuming all sites are diploid
[mpileup] 1 samples in 1 input files
[mpileup] maximum number of reads per input file set to -d 250
Completed: 42528at8782 (64 variants)
[mpileup] 1 samples in 1 input files
Note: none of --samples-file, --ploidy or --ploidy-file given, assuming all sites are diploid
[mpileup] maximum number of reads per input file set to -d 250
Note: applying IUPAC codes based on FORMAT/GT in sample results/graph_alignment/stage3_temp/42528at8782.bam
Applied 64 variants
Completed: 45048at8782 (0 variants)
Note: none of --samples-file, --ploidy or --ploidy-file given, assuming all sites are diploid
[mpileup] 1 samples in 1 input files
[mpileup] maximum number of reads per input file set to -d 250
Completed: 52802at8782 (0 variants)
Note: none of --samples-file, --ploidy or --ploidy-file given, assuming all sites are diploid
[mpileup] 1 samples in 1 input files
[mpileup] maximum number of reads per input file set to -d 250
Completed: 29466at8782 (12 variants)
Note: none of --samples-file, --ploidy or --ploidy-file given, assuming all sites are diploid
[mpileup] 1 samples in 1 input files
[mpileup] maximum number of reads per input file set to -d 250
Note: applying IUPAC codes based on FORMAT/GT in sample results/graph_alignment/stage3_temp/29466at8782.bam
Applied 12 variants
Completed: 27722at8782 (34 variants)
Note: none of --samples-file, --ploidy or --ploidy-file given, assuming all sites are diploid
[mpileup] 1 samples in 1 input files
[mpileup] maximum number of reads per input file set to -d 250
Note: applying IUPAC codes based on FORMAT/GT in sample results/graph_alignment/stage3_temp/27722at8782.bam
Applied 34 variants
Completed: 28897at8782 (75 variants)
Note: none of --samples-file, --ploidy or --ploidy-file given, assuming all sites are diploid
[mpileup] 1 samples in 1 input files
[mpileup] maximum number of reads per input file set to -d 250
Note: applying IUPAC codes based on FORMAT/GT in sample results/graph_alignment/stage3_temp/28897at8782.bam
Applied 75 variants
Completed: 46936at8782 (34 variants)
Note: none of --samples-file, --ploidy or --ploidy-file given, assuming all sites are diploid
[mpileup] 1 samples in 1 input files
[mpileup] maximum number of reads per input file set to -d 250
Note: applying IUPAC codes based on FORMAT/GT in sample results/graph_alignment/stage3_temp/46936at8782.bam
Applied 34 variants
Completed: 23821at8782 (68 variants)
[mpileup] 1 samples in 1 input files
Note: none of --samples-file, --ploidy or --ploidy-file given, assuming all sites are diploid
[mpileup] maximum number of reads per input file set to -d 250
Note: applying IUPAC codes based on FORMAT/GT in sample results/graph_alignment/stage3_temp/23821at8782.bam
Applied 68 variants
Completed: 30158at8782 (117 variants)
Note: none of --samples-file, --ploidy or --ploidy-file given, assuming all sites are diploid
[mpileup] 1 samples in 1 input files
[mpileup] maximum number of reads per input file set to -d 250
Note: applying IUPAC codes based on FORMAT/GT in sample results/graph_alignment/stage3_temp/30158at8782.bam
Applied 117 variants
Completed: 10944at8782 (35 variants)
Note: none of --samples-file, --ploidy or --ploidy-file given, assuming all sites are diploid
[mpileup] 1 samples in 1 input files
[mpileup] maximum number of reads per input file set to -d 250
Note: applying IUPAC codes based on FORMAT/GT in sample results/graph_alignment/stage3_temp/10944at8782.bam
Applied 35 variants
Completed: 32190at8782 (81 variants)
Note: none of --samples-file, --ploidy or --ploidy-file given, assuming all sites are diploid
[mpileup] 1 samples in 1 input files
[mpileup] maximum number of reads per input file set to -d 250
Note: applying IUPAC codes based on FORMAT/GT in sample results/graph_alignment/stage3_temp/32190at8782.bam
Applied 81 variants
Completed: 27417at8782 (124 variants)
[mpileup] 1 samples in 1 input files
Note: none of --samples-file, --ploidy or --ploidy-file given, assuming all sites are diploid
[mpileup] maximum number of reads per input file set to -d 250
Note: applying IUPAC codes based on FORMAT/GT in sample results/graph_alignment/stage3_temp/27417at8782.bam
Applied 124 variants
Completed: 11300at8782 (61 variants)
Note: none of --samples-file, --ploidy or --ploidy-file given, assuming all sites are diploid
[mpileup] 1 samples in 1 input files
[mpileup] maximum number of reads per input file set to -d 250
Note: applying IUPAC codes based on FORMAT/GT in sample results/graph_alignment/stage3_temp/11300at8782.bam
Applied 61 variants
Completed: 35314at8782 (120 variants)
Note: none of --samples-file, --ploidy or --ploidy-file given, assuming all sites are diploid
[mpileup] 1 samples in 1 input files
[mpileup] maximum number of reads per input file set to -d 250
Note: applying IUPAC codes based on FORMAT/GT in sample results/graph_alignment/stage3_temp/35314at8782.bam
Applied 120 variants
Completed: 23328at8782 (113 variants)
[mpileup] 1 samples in 1 input files
Note: none of --samples-file, --ploidy or --ploidy-file given, assuming all sites are diploid
[mpileup] maximum number of reads per input file set to -d 250
Note: applying IUPAC codes based on FORMAT/GT in sample results/graph_alignment/stage3_temp/23328at8782.bam
Applied 113 variants
Completed: 12913at8782 (221 variants)
Note: none of --samples-file, --ploidy or --ploidy-file given, assuming all sites are diploid
[mpileup] 1 samples in 1 input files
[mpileup] maximum number of reads per input file set to -d 250
Note: applying IUPAC codes based on FORMAT/GT in sample results/graph_alignment/stage3_temp/12913at8782.bam
Applied 221 variants
Completed: 45477at8782 (83 variants)
Note: none of --samples-file, --ploidy or --ploidy-file given, assuming all sites are diploid
[mpileup] 1 samples in 1 input files
[mpileup] maximum number of reads per input file set to -d 250
Note: applying IUPAC codes based on FORMAT/GT in sample results/graph_alignment/stage3_temp/45477at8782.bam
Applied 83 variants
Completed: 35469at8782 (126 variants)
[mpileup] 1 samples in 1 input files
Note: none of --samples-file, --ploidy or --ploidy-file given, assuming all sites are diploid
[mpileup] maximum number of reads per input file set to -d 250
Note: applying IUPAC codes based on FORMAT/GT in sample results/graph_alignment/stage3_temp/35469at8782.bam
Applied 126 variants
Completed: 31664at8782 (0 variants)
Note: none of --samples-file, --ploidy or --ploidy-file given, assuming all sites are diploid
[mpileup] 1 samples in 1 input files
[mpileup] maximum number of reads per input file set to -d 250
Completed: 31648at8782 (85 variants)
[mpileup] 1 samples in 1 input files
Note: none of --samples-file, --ploidy or --ploidy-file given, assuming all sites are diploid
[mpileup] maximum number of reads per input file set to -d 250
Note: applying IUPAC codes based on FORMAT/GT in sample results/graph_alignment/stage3_temp/31648at8782.bam
Applied 85 variants
Completed: 44639at8782 (2 variants)
Note: none of --samples-file, --ploidy or --ploidy-file given, assuming all sites are diploid
[mpileup] 1 samples in 1 input files
[mpileup] maximum number of reads per input file set to -d 250
Note: applying IUPAC codes based on FORMAT/GT in sample results/graph_alignment/stage3_temp/44639at8782.bam
Applied 2 variants
Completed: 13079at8782 (0 variants)
Note: none of --samples-file, --ploidy or --ploidy-file given, assuming all sites are diploid
[mpileup] 1 samples in 1 input files
[mpileup] maximum number of reads per input file set to -d 250
Completed: 13983at8782 (14 variants)
Note: none of --samples-file, --ploidy or --ploidy-file given, assuming all sites are diploid
[mpileup] 1 samples in 1 input files
[mpileup] maximum number of reads per input file set to -d 250
Note: applying IUPAC codes based on FORMAT/GT in sample results/graph_alignment/stage3_temp/13983at8782.bam
Applied 14 variants
Completed: 12383at8782 (132 variants)
Note: none of --samples-file, --ploidy or --ploidy-file given, assuming all sites are diploid
[mpileup] 1 samples in 1 input files
[mpileup] maximum number of reads per input file set to -d 250
Note: applying IUPAC codes based on FORMAT/GT in sample results/graph_alignment/stage3_temp/12383at8782.bam
Applied 132 variants
Completed: 40709at8782 (76 variants)
Note: none of --samples-file, --ploidy or --ploidy-file given, assuming all sites are diploid
[mpileup] 1 samples in 1 input files
[mpileup] maximum number of reads per input file set to -d 250
Note: applying IUPAC codes based on FORMAT/GT in sample results/graph_alignment/stage3_temp/40709at8782.bam
Applied 76 variants
Completed: 46250at8782 (0 variants)
Note: none of --samples-file, --ploidy or --ploidy-file given, assuming all sites are diploid
[mpileup] 1 samples in 1 input files
[mpileup] maximum number of reads per input file set to -d 250
Completed: 7510at8782 (90 variants)
Note: none of --samples-file, --ploidy or --ploidy-file given, assuming all sites are diploid
[mpileup] 1 samples in 1 input files
[mpileup] maximum number of reads per input file set to -d 250
Note: applying IUPAC codes based on FORMAT/GT in sample results/graph_alignment/stage3_temp/7510at8782.bam
Applied 90 variants
Completed: 48270at8782 (27 variants)
Note: none of --samples-file, --ploidy or --ploidy-file given, assuming all sites are diploid
[mpileup] 1 samples in 1 input files
[mpileup] maximum number of reads per input file set to -d 250
Note: applying IUPAC codes based on FORMAT/GT in sample results/graph_alignment/stage3_temp/48270at8782.bam
Applied 27 variants
Completed: 40396at8782 (25 variants)
Note: none of --samples-file, --ploidy or --ploidy-file given, assuming all sites are diploid
[mpileup] 1 samples in 1 input files
[mpileup] maximum number of reads per input file set to -d 250
Note: applying IUPAC codes based on FORMAT/GT in sample results/graph_alignment/stage3_temp/40396at8782.bam
Applied 25 variants
Completed: 28969at8782 (46 variants)
Note: none of --samples-file, --ploidy or --ploidy-file given, assuming all sites are diploid
[mpileup] 1 samples in 1 input files
[mpileup] maximum number of reads per input file set to -d 250
Note: applying IUPAC codes based on FORMAT/GT in sample results/graph_alignment/stage3_temp/28969at8782.bam
Applied 46 variants
Completed: 45661at8782 (33 variants)
Note: none of --samples-file, --ploidy or --ploidy-file given, assuming all sites are diploid
[mpileup] 1 samples in 1 input files
[mpileup] maximum number of reads per input file set to -d 250
Note: applying IUPAC codes based on FORMAT/GT in sample results/graph_alignment/stage3_temp/45661at8782.bam
Applied 33 variants
Completed: 24520at8782 (107 variants)
Note: none of --samples-file, --ploidy or --ploidy-file given, assuming all sites are diploid
[mpileup] 1 samples in 1 input files
[mpileup] maximum number of reads per input file set to -d 250
Note: applying IUPAC codes based on FORMAT/GT in sample results/graph_alignment/stage3_temp/24520at8782.bam
Applied 107 variants
Completed: 41364at8782 (10 variants)
Note: none of --samples-file, --ploidy or --ploidy-file given, assuming all sites are diploid
[mpileup] 1 samples in 1 input files
[mpileup] maximum number of reads per input file set to -d 250
Note: applying IUPAC codes based on FORMAT/GT in sample results/graph_alignment/stage3_temp/41364at8782.bam
Applied 10 variants
Completed: 52153at8782 (38 variants)
[mpileup] 1 samples in 1 input files
Note: none of --samples-file, --ploidy or --ploidy-file given, assuming all sites are diploid
[mpileup] maximum number of reads per input file set to -d 250
Note: applying IUPAC codes based on FORMAT/GT in sample results/graph_alignment/stage3_temp/52153at8782.bam
Applied 38 variants
Completed: 40148at8782 (3 variants)
Note: none of --samples-file, --ploidy or --ploidy-file given, assuming all sites are diploid
[mpileup] 1 samples in 1 input files
[mpileup] maximum number of reads per input file set to -d 250
Note: applying IUPAC codes based on FORMAT/GT in sample results/graph_alignment/stage3_temp/40148at8782.bam
Applied 3 variants
Completed: 41166at8782 (49 variants)
[mpileup] 1 samples in 1 input files
Note: none of --samples-file, --ploidy or --ploidy-file given, assuming all sites are diploid
[mpileup] maximum number of reads per input file set to -d 250
Note: applying IUPAC codes based on FORMAT/GT in sample results/graph_alignment/stage3_temp/41166at8782.bam
Applied 49 variants
Completed: 52761at8782 (0 variants)
Note: none of --samples-file, --ploidy or --ploidy-file given, assuming all sites are diploid
[mpileup] 1 samples in 1 input files
[mpileup] maximum number of reads per input file set to -d 250
Completed: 8944at8782 (210 variants)
Note: none of --samples-file, --ploidy or --ploidy-file given, assuming all sites are diploid
[mpileup] 1 samples in 1 input files
[mpileup] maximum number of reads per input file set to -d 250
Note: applying IUPAC codes based on FORMAT/GT in sample results/graph_alignment/stage3_temp/8944at8782.bam
Applied 210 variants
Completed: 30032at8782 (57 variants)
Note: none of --samples-file, --ploidy or --ploidy-file given, assuming all sites are diploid
[mpileup] 1 samples in 1 input files
[mpileup] maximum number of reads per input file set to -d 250
Note: applying IUPAC codes based on FORMAT/GT in sample results/graph_alignment/stage3_temp/30032at8782.bam
Applied 57 variants
Completed: 27677at8782 (52 variants)
[mpileup] 1 samples in 1 input files
Note: none of --samples-file, --ploidy or --ploidy-file given, assuming all sites are diploid
[mpileup] maximum number of reads per input file set to -d 250
Note: applying IUPAC codes based on FORMAT/GT in sample results/graph_alignment/stage3_temp/27677at8782.bam
Applied 52 variants
Completed: 44631at8782 (28 variants)
Note: none of --samples-file, --ploidy or --ploidy-file given, assuming all sites are diploid
[mpileup] 1 samples in 1 input files
[mpileup] maximum number of reads per input file set to -d 250
Note: applying IUPAC codes based on FORMAT/GT in sample results/graph_alignment/stage3_temp/44631at8782.bam
Applied 28 variants
Completed: 51131at8782 (21 variants)
Note: none of --samples-file, --ploidy or --ploidy-file given, assuming all sites are diploid
[mpileup] 1 samples in 1 input files
[mpileup] maximum number of reads per input file set to -d 250
Note: applying IUPAC codes based on FORMAT/GT in sample results/graph_alignment/stage3_temp/51131at8782.bam
Applied 21 variants
Completed: 27656at8782 (127 variants)
Note: none of --samples-file, --ploidy or --ploidy-file given, assuming all sites are diploid
[mpileup] 1 samples in 1 input files
[mpileup] maximum number of reads per input file set to -d 250
Note: applying IUPAC codes based on FORMAT/GT in sample results/graph_alignment/stage3_temp/27656at8782.bam
Applied 127 variants
Completed: 49470at8782 (0 variants)
[mpileup] 1 samples in 1 input files
Note: none of --samples-file, --ploidy or --ploidy-file given, assuming all sites are diploid
[mpileup] maximum number of reads per input file set to -d 250
Completed: 44405at8782 (1 variants)
[mpileup] 1 samples in 1 input files
Note: none of --samples-file, --ploidy or --ploidy-file given, assuming all sites are diploid
[mpileup] maximum number of reads per input file set to -d 250
Note: applying IUPAC codes based on FORMAT/GT in sample results/graph_alignment/stage3_temp/44405at8782.bam
Applied 1 variants
Completed: 42990at8782 (0 variants)
[mpileup] 1 samples in 1 input files
Note: none of --samples-file, --ploidy or --ploidy-file given, assuming all sites are diploid
[mpileup] maximum number of reads per input file set to -d 250
Completed: 40015at8782 (59 variants)
[mpileup] 1 samples in 1 input files
Note: none of --samples-file, --ploidy or --ploidy-file given, assuming all sites are diploid
[mpileup] maximum number of reads per input file set to -d 250
Note: applying IUPAC codes based on FORMAT/GT in sample results/graph_alignment/stage3_temp/40015at8782.bam
Applied 59 variants
Completed: 32447at8782 (0 variants)
Note: none of --samples-file, --ploidy or --ploidy-file given, assuming all sites are diploid
[mpileup] 1 samples in 1 input files
[mpileup] maximum number of reads per input file set to -d 250
Completed: 42496at8782 (59 variants)
Note: none of --samples-file, --ploidy or --ploidy-file given, assuming all sites are diploid
[mpileup] 1 samples in 1 input files
[mpileup] maximum number of reads per input file set to -d 250
Note: applying IUPAC codes based on FORMAT/GT in sample results/graph_alignment/stage3_temp/42496at8782.bam
Applied 59 variants
Completed: 44971at8782 (54 variants)
Note: none of --samples-file, --ploidy or --ploidy-file given, assuming all sites are diploid
[mpileup] 1 samples in 1 input files
[mpileup] maximum number of reads per input file set to -d 250
Note: applying IUPAC codes based on FORMAT/GT in sample results/graph_alignment/stage3_temp/44971at8782.bam
Applied 54 variants
Completed: 48903at8782 (6 variants)
Note: none of --samples-file, --ploidy or --ploidy-file given, assuming all sites are diploid
[mpileup] 1 samples in 1 input files
[mpileup] maximum number of reads per input file set to -d 250
Note: applying IUPAC codes based on FORMAT/GT in sample results/graph_alignment/stage3_temp/48903at8782.bam
Applied 6 variants
Completed: 53363at8782 (0 variants)
Note: none of --samples-file, --ploidy or --ploidy-file given, assuming all sites are diploid
[mpileup] 1 samples in 1 input files
[mpileup] maximum number of reads per input file set to -d 250
Completed: 31126at8782 (37 variants)
Note: none of --samples-file, --ploidy or --ploidy-file given, assuming all sites are diploid
[mpileup] 1 samples in 1 input files
[mpileup] maximum number of reads per input file set to -d 250
Note: applying IUPAC codes based on FORMAT/GT in sample results/graph_alignment/stage3_temp/31126at8782.bam
Applied 37 variants
Completed: 16103at8782 (17 variants)
Note: none of --samples-file, --ploidy or --ploidy-file given, assuming all sites are diploid
[mpileup] 1 samples in 1 input files
[mpileup] maximum number of reads per input file set to -d 250
Note: applying IUPAC codes based on FORMAT/GT in sample results/graph_alignment/stage3_temp/16103at8782.bam
Applied 17 variants
Completed: 25153at8782 (82 variants)
Note: none of --samples-file, --ploidy or --ploidy-file given, assuming all sites are diploid
[mpileup] 1 samples in 1 input files
[mpileup] maximum number of reads per input file set to -d 250
Note: applying IUPAC codes based on FORMAT/GT in sample results/graph_alignment/stage3_temp/25153at8782.bam
Applied 82 variants
Completed: 11432at8782 (76 variants)
[mpileup] 1 samples in 1 input files
Note: none of --samples-file, --ploidy or --ploidy-file given, assuming all sites are diploid
[mpileup] maximum number of reads per input file set to -d 250
Note: applying IUPAC codes based on FORMAT/GT in sample results/graph_alignment/stage3_temp/11432at8782.bam
Applied 76 variants
Completed: 29530at8782 (118 variants)
Note: none of --samples-file, --ploidy or --ploidy-file given, assuming all sites are diploid
[mpileup] 1 samples in 1 input files
[mpileup] maximum number of reads per input file set to -d 250
Note: applying IUPAC codes based on FORMAT/GT in sample results/graph_alignment/stage3_temp/29530at8782.bam
Applied 118 variants
Completed: 19208at8782 (38 variants)
Note: none of --samples-file, --ploidy or --ploidy-file given, assuming all sites are diploid
[mpileup] 1 samples in 1 input files
[mpileup] maximum number of reads per input file set to -d 250
Note: applying IUPAC codes based on FORMAT/GT in sample results/graph_alignment/stage3_temp/19208at8782.bam
Applied 38 variants
Completed: 37993at8782 (82 variants)
Note: none of --samples-file, --ploidy or --ploidy-file given, assuming all sites are diploid
[mpileup] 1 samples in 1 input files
[mpileup] maximum number of reads per input file set to -d 250
Note: applying IUPAC codes based on FORMAT/GT in sample results/graph_alignment/stage3_temp/37993at8782.bam
Applied 82 variants
Completed: 11717at8782 (79 variants)
Note: none of --samples-file, --ploidy or --ploidy-file given, assuming all sites are diploid
[mpileup] 1 samples in 1 input files
[mpileup] maximum number of reads per input file set to -d 250
Note: applying IUPAC codes based on FORMAT/GT in sample results/graph_alignment/stage3_temp/11717at8782.bam
Applied 79 variants
Completed: 18638at8782 (106 variants)
Note: none of --samples-file, --ploidy or --ploidy-file given, assuming all sites are diploid
[mpileup] 1 samples in 1 input files
[mpileup] maximum number of reads per input file set to -d 250
Note: applying IUPAC codes based on FORMAT/GT in sample results/graph_alignment/stage3_temp/18638at8782.bam
Applied 106 variants
Completed: 34797at8782 (81 variants)
Note: none of --samples-file, --ploidy or --ploidy-file given, assuming all sites are diploid
[mpileup] 1 samples in 1 input files
[mpileup] maximum number of reads per input file set to -d 250
Note: applying IUPAC codes based on FORMAT/GT in sample results/graph_alignment/stage3_temp/34797at8782.bam
Applied 81 variants
Completed: 29688at8782 (25 variants)
Note: none of --samples-file, --ploidy or --ploidy-file given, assuming all sites are diploid
[mpileup] 1 samples in 1 input files
[mpileup] maximum number of reads per input file set to -d 250
Note: applying IUPAC codes based on FORMAT/GT in sample results/graph_alignment/stage3_temp/29688at8782.bam
Applied 25 variants
Completed: 44949at8782 (0 variants)
[mpileup] 1 samples in 1 input files
Note: none of --samples-file, --ploidy or --ploidy-file given, assuming all sites are diploid
[mpileup] maximum number of reads per input file set to -d 250
Completed: 35728at8782 (61 variants)
Note: none of --samples-file, --ploidy or --ploidy-file given, assuming all sites are diploid
[mpileup] 1 samples in 1 input files
[mpileup] maximum number of reads per input file set to -d 250
Note: applying IUPAC codes based on FORMAT/GT in sample results/graph_alignment/stage3_temp/35728at8782.bam
Applied 61 variants
Completed: 47707at8782 (33 variants)
Note: none of --samples-file, --ploidy or --ploidy-file given, assuming all sites are diploid
[mpileup] 1 samples in 1 input files
[mpileup] maximum number of reads per input file set to -d 250
Note: applying IUPAC codes based on FORMAT/GT in sample results/graph_alignment/stage3_temp/47707at8782.bam
Applied 33 variants
Completed: 34650at8782 (52 variants)
[mpileup] 1 samples in 1 input files
Note: none of --samples-file, --ploidy or --ploidy-file given, assuming all sites are diploid
[mpileup] maximum number of reads per input file set to -d 250
Note: applying IUPAC codes based on FORMAT/GT in sample results/graph_alignment/stage3_temp/34650at8782.bam
Applied 52 variants
Completed: 36964at8782 (21 variants)
[mpileup] 1 samples in 1 input files
Note: none of --samples-file, --ploidy or --ploidy-file given, assuming all sites are diploid
[mpileup] maximum number of reads per input file set to -d 250
Note: applying IUPAC codes based on FORMAT/GT in sample results/graph_alignment/stage3_temp/36964at8782.bam
Applied 21 variants
Completed: 17158at8782 (82 variants)
Note: none of --samples-file, --ploidy or --ploidy-file given, assuming all sites are diploid
[mpileup] 1 samples in 1 input files
[mpileup] maximum number of reads per input file set to -d 250
Note: applying IUPAC codes based on FORMAT/GT in sample results/graph_alignment/stage3_temp/17158at8782.bam
Applied 82 variants
Completed: 45326at8782 (28 variants)
Note: none of --samples-file, --ploidy or --ploidy-file given, assuming all sites are diploid
[mpileup] 1 samples in 1 input files
[mpileup] maximum number of reads per input file set to -d 250
Note: applying IUPAC codes based on FORMAT/GT in sample results/graph_alignment/stage3_temp/45326at8782.bam
Applied 28 variants
Completed: 51693at8782 (0 variants)
Note: none of --samples-file, --ploidy or --ploidy-file given, assuming all sites are diploid
[mpileup] 1 samples in 1 input files
[mpileup] maximum number of reads per input file set to -d 250
Completed: 44770at8782 (58 variants)
Note: none of --samples-file, --ploidy or --ploidy-file given, assuming all sites are diploid
[mpileup] 1 samples in 1 input files
[mpileup] maximum number of reads per input file set to -d 250
Note: applying IUPAC codes based on FORMAT/GT in sample results/graph_alignment/stage3_temp/44770at8782.bam
Applied 58 variants
Completed: 24627at8782 (75 variants)
Note: none of --samples-file, --ploidy or --ploidy-file given, assuming all sites are diploid
[mpileup] 1 samples in 1 input files
[mpileup] maximum number of reads per input file set to -d 250
Note: applying IUPAC codes based on FORMAT/GT in sample results/graph_alignment/stage3_temp/24627at8782.bam
Applied 75 variants
Completed: 24512at8782 (61 variants)
[mpileup] 1 samples in 1 input files
Note: none of --samples-file, --ploidy or --ploidy-file given, assuming all sites are diploid
[mpileup] maximum number of reads per input file set to -d 250
Note: applying IUPAC codes based on FORMAT/GT in sample results/graph_alignment/stage3_temp/24512at8782.bam
Applied 61 variants
Completed: 5764at8782 (54 variants)
Note: none of --samples-file, --ploidy or --ploidy-file given, assuming all sites are diploid
[mpileup] 1 samples in 1 input files
[mpileup] maximum number of reads per input file set to -d 250
Note: applying IUPAC codes based on FORMAT/GT in sample results/graph_alignment/stage3_temp/5764at8782.bam
Applied 54 variants
Completed: 22852at8782 (131 variants)
Note: none of --samples-file, --ploidy or --ploidy-file given, assuming all sites are diploid
[mpileup] 1 samples in 1 input files
[mpileup] maximum number of reads per input file set to -d 250
Note: applying IUPAC codes based on FORMAT/GT in sample results/graph_alignment/stage3_temp/22852at8782.bam
Applied 131 variants
Completed: 39174at8782 (38 variants)
Note: none of --samples-file, --ploidy or --ploidy-file given, assuming all sites are diploid
[mpileup] 1 samples in 1 input files
[mpileup] maximum number of reads per input file set to -d 250
Note: applying IUPAC codes based on FORMAT/GT in sample results/graph_alignment/stage3_temp/39174at8782.bam
Applied 38 variants
Completed: 51856at8782 (0 variants)
Note: none of --samples-file, --ploidy or --ploidy-file given, assuming all sites are diploid
[mpileup] 1 samples in 1 input files
[mpileup] maximum number of reads per input file set to -d 250
Completed: 42238at8782 (30 variants)
[mpileup] 1 samples in 1 input files
Note: none of --samples-file, --ploidy or --ploidy-file given, assuming all sites are diploid
[mpileup] maximum number of reads per input file set to -d 250
Note: applying IUPAC codes based on FORMAT/GT in sample results/graph_alignment/stage3_temp/42238at8782.bam
Applied 30 variants
Completed: 37576at8782 (75 variants)
[mpileup] 1 samples in 1 input files
Note: none of --samples-file, --ploidy or --ploidy-file given, assuming all sites are diploid
[mpileup] maximum number of reads per input file set to -d 250
Note: applying IUPAC codes based on FORMAT/GT in sample results/graph_alignment/stage3_temp/37576at8782.bam
Applied 75 variants
Completed: 35917at8782 (112 variants)
Note: none of --samples-file, --ploidy or --ploidy-file given, assuming all sites are diploid
[mpileup] 1 samples in 1 input files
[mpileup] maximum number of reads per input file set to -d 250
Note: applying IUPAC codes based on FORMAT/GT in sample results/graph_alignment/stage3_temp/35917at8782.bam
Applied 112 variants
Completed: 50010at8782 (20 variants)
Note: none of --samples-file, --ploidy or --ploidy-file given, assuming all sites are diploid
[mpileup] 1 samples in 1 input files
[mpileup] maximum number of reads per input file set to -d 250
Note: applying IUPAC codes based on FORMAT/GT in sample results/graph_alignment/stage3_temp/50010at8782.bam
Applied 20 variants
Completed: 39803at8782 (0 variants)
Note: none of --samples-file, --ploidy or --ploidy-file given, assuming all sites are diploid
[mpileup] 1 samples in 1 input files
[mpileup] maximum number of reads per input file set to -d 250
Completed: 48448at8782 (37 variants)
Note: none of --samples-file, --ploidy or --ploidy-file given, assuming all sites are diploid
[mpileup] 1 samples in 1 input files
[mpileup] maximum number of reads per input file set to -d 250
Note: applying IUPAC codes based on FORMAT/GT in sample results/graph_alignment/stage3_temp/48448at8782.bam
Applied 37 variants
Completed: 33217at8782 (47 variants)
Note: none of --samples-file, --ploidy or --ploidy-file given, assuming all sites are diploid
[mpileup] 1 samples in 1 input files
[mpileup] maximum number of reads per input file set to -d 250
Note: applying IUPAC codes based on FORMAT/GT in sample results/graph_alignment/stage3_temp/33217at8782.bam
Applied 47 variants
Completed: 44859at8782 (42 variants)
Note: none of --samples-file, --ploidy or --ploidy-file given, assuming all sites are diploid
[mpileup] 1 samples in 1 input files
[mpileup] maximum number of reads per input file set to -d 250
Note: applying IUPAC codes based on FORMAT/GT in sample results/graph_alignment/stage3_temp/44859at8782.bam
Applied 42 variants
Completed: 46743at8782 (0 variants)
[mpileup] 1 samples in 1 input files
Note: none of --samples-file, --ploidy or --ploidy-file given, assuming all sites are diploid
[mpileup] maximum number of reads per input file set to -d 250
Completed: 8224at8782 (141 variants)
Note: none of --samples-file, --ploidy or --ploidy-file given, assuming all sites are diploid
[mpileup] 1 samples in 1 input files
[mpileup] maximum number of reads per input file set to -d 250
Note: applying IUPAC codes based on FORMAT/GT in sample results/graph_alignment/stage3_temp/8224at8782.bam
Applied 141 variants
Completed: 44627at8782 (37 variants)
Note: none of --samples-file, --ploidy or --ploidy-file given, assuming all sites are diploid
[mpileup] 1 samples in 1 input files
[mpileup] maximum number of reads per input file set to -d 250
Note: applying IUPAC codes based on FORMAT/GT in sample results/graph_alignment/stage3_temp/44627at8782.bam
Applied 37 variants
Completed: 30159at8782 (70 variants)
Note: none of --samples-file, --ploidy or --ploidy-file given, assuming all sites are diploid
[mpileup] 1 samples in 1 input files
[mpileup] maximum number of reads per input file set to -d 250
Note: applying IUPAC codes based on FORMAT/GT in sample results/graph_alignment/stage3_temp/30159at8782.bam
Applied 70 variants
Completed: 26149at8782 (57 variants)
Note: none of --samples-file, --ploidy or --ploidy-file given, assuming all sites are diploid
[mpileup] 1 samples in 1 input files
[mpileup] maximum number of reads per input file set to -d 250
Note: applying IUPAC codes based on FORMAT/GT in sample results/graph_alignment/stage3_temp/26149at8782.bam
Applied 57 variants
Completed: 35111at8782 (123 variants)
Note: none of --samples-file, --ploidy or --ploidy-file given, assuming all sites are diploid
[mpileup] 1 samples in 1 input files
[mpileup] maximum number of reads per input file set to -d 250
Note: applying IUPAC codes based on FORMAT/GT in sample results/graph_alignment/stage3_temp/35111at8782.bam
Applied 123 variants
Completed: 38433at8782 (39 variants)
[mpileup] 1 samples in 1 input files
Note: none of --samples-file, --ploidy or --ploidy-file given, assuming all sites are diploid
[mpileup] maximum number of reads per input file set to -d 250
Note: applying IUPAC codes based on FORMAT/GT in sample results/graph_alignment/stage3_temp/38433at8782.bam
Applied 39 variants
Completed: 20551at8782 (107 variants)
[mpileup] 1 samples in 1 input files
Note: none of --samples-file, --ploidy or --ploidy-file given, assuming all sites are diploid
[mpileup] maximum number of reads per input file set to -d 250
Note: applying IUPAC codes based on FORMAT/GT in sample results/graph_alignment/stage3_temp/20551at8782.bam
Applied 107 variants
Completed: 42951at8782 (38 variants)
Note: none of --samples-file, --ploidy or --ploidy-file given, assuming all sites are diploid
[mpileup] 1 samples in 1 input files
[mpileup] maximum number of reads per input file set to -d 250
Note: applying IUPAC codes based on FORMAT/GT in sample results/graph_alignment/stage3_temp/42951at8782.bam
Applied 38 variants
Completed: 41341at8782 (69 variants)
Note: none of --samples-file, --ploidy or --ploidy-file given, assuming all sites are diploid
[mpileup] 1 samples in 1 input files
[mpileup] maximum number of reads per input file set to -d 250
Note: applying IUPAC codes based on FORMAT/GT in sample results/graph_alignment/stage3_temp/41341at8782.bam
Applied 69 variants
Completed: 27685at8782 (0 variants)
[mpileup] 1 samples in 1 input files
Note: none of --samples-file, --ploidy or --ploidy-file given, assuming all sites are diploid
[mpileup] maximum number of reads per input file set to -d 250
Completed: 12828at8782 (87 variants)
Note: none of --samples-file, --ploidy or --ploidy-file given, assuming all sites are diploid
[mpileup] 1 samples in 1 input files
[mpileup] maximum number of reads per input file set to -d 250
Note: applying IUPAC codes based on FORMAT/GT in sample results/graph_alignment/stage3_temp/12828at8782.bam
Applied 87 variants
Completed: 19035at8782 (74 variants)
Note: none of --samples-file, --ploidy or --ploidy-file given, assuming all sites are diploid
[mpileup] 1 samples in 1 input files
[mpileup] maximum number of reads per input file set to -d 250
Note: applying IUPAC codes based on FORMAT/GT in sample results/graph_alignment/stage3_temp/19035at8782.bam
Applied 74 variants
Completed: 44256at8782 (60 variants)
Note: none of --samples-file, --ploidy or --ploidy-file given, assuming all sites are diploid
[mpileup] 1 samples in 1 input files
[mpileup] maximum number of reads per input file set to -d 250
Note: applying IUPAC codes based on FORMAT/GT in sample results/graph_alignment/stage3_temp/44256at8782.bam
Applied 60 variants
Completed: 22412at8782 (117 variants)
[mpileup] 1 samples in 1 input files
Note: none of --samples-file, --ploidy or --ploidy-file given, assuming all sites are diploid
[mpileup] maximum number of reads per input file set to -d 250
Note: applying IUPAC codes based on FORMAT/GT in sample results/graph_alignment/stage3_temp/22412at8782.bam
Applied 117 variants
Completed: 14400at8782 (0 variants)
[mpileup] 1 samples in 1 input files
Note: none of --samples-file, --ploidy or --ploidy-file given, assuming all sites are diploid
[mpileup] maximum number of reads per input file set to -d 250
Completed: 37537at8782 (18 variants)
Note: none of --samples-file, --ploidy or --ploidy-file given, assuming all sites are diploid
[mpileup] 1 samples in 1 input files
[mpileup] maximum number of reads per input file set to -d 250
Note: applying IUPAC codes based on FORMAT/GT in sample results/graph_alignment/stage3_temp/37537at8782.bam
Applied 18 variants
Completed: 41338at8782 (33 variants)
Note: none of --samples-file, --ploidy or --ploidy-file given, assuming all sites are diploid
[mpileup] 1 samples in 1 input files
[mpileup] maximum number of reads per input file set to -d 250
Note: applying IUPAC codes based on FORMAT/GT in sample results/graph_alignment/stage3_temp/41338at8782.bam
Applied 33 variants
Completed: 30520at8782 (24 variants)
Note: none of --samples-file, --ploidy or --ploidy-file given, assuming all sites are diploid
[mpileup] 1 samples in 1 input files
[mpileup] maximum number of reads per input file set to -d 250
Note: applying IUPAC codes based on FORMAT/GT in sample results/graph_alignment/stage3_temp/30520at8782.bam
Applied 24 variants
Completed: 44454at8782 (41 variants)
Note: none of --samples-file, --ploidy or --ploidy-file given, assuming all sites are diploid
[mpileup] 1 samples in 1 input files
[mpileup] maximum number of reads per input file set to -d 250
Note: applying IUPAC codes based on FORMAT/GT in sample results/graph_alignment/stage3_temp/44454at8782.bam
Applied 41 variants
Completed: 30020at8782 (47 variants)
Note: none of --samples-file, --ploidy or --ploidy-file given, assuming all sites are diploid
[mpileup] 1 samples in 1 input files
[mpileup] maximum number of reads per input file set to -d 250
Note: applying IUPAC codes based on FORMAT/GT in sample results/graph_alignment/stage3_temp/30020at8782.bam
Applied 47 variants
Completed: 9655at8782 (11 variants)
Note: none of --samples-file, --ploidy or --ploidy-file given, assuming all sites are diploid
[mpileup] 1 samples in 1 input files
[mpileup] maximum number of reads per input file set to -d 250
Note: applying IUPAC codes based on FORMAT/GT in sample results/graph_alignment/stage3_temp/9655at8782.bam
Applied 11 variants
Completed: 21632at8782 (57 variants)
Note: none of --samples-file, --ploidy or --ploidy-file given, assuming all sites are diploid
[mpileup] 1 samples in 1 input files
[mpileup] maximum number of reads per input file set to -d 250
Note: applying IUPAC codes based on FORMAT/GT in sample results/graph_alignment/stage3_temp/21632at8782.bam
Applied 57 variants
Completed: 43428at8782 (10 variants)
Note: none of --samples-file, --ploidy or --ploidy-file given, assuming all sites are diploid
[mpileup] 1 samples in 1 input files
[mpileup] maximum number of reads per input file set to -d 250
Note: applying IUPAC codes based on FORMAT/GT in sample results/graph_alignment/stage3_temp/43428at8782.bam
Applied 10 variants
Completed: 16226at8782 (96 variants)
Note: none of --samples-file, --ploidy or --ploidy-file given, assuming all sites are diploid
[mpileup] 1 samples in 1 input files
[mpileup] maximum number of reads per input file set to -d 250
Note: applying IUPAC codes based on FORMAT/GT in sample results/graph_alignment/stage3_temp/16226at8782.bam
Applied 96 variants
Completed: 31667at8782 (38 variants)
Note: none of --samples-file, --ploidy or --ploidy-file given, assuming all sites are diploid
[mpileup] 1 samples in 1 input files
[mpileup] maximum number of reads per input file set to -d 250
Note: applying IUPAC codes based on FORMAT/GT in sample results/graph_alignment/stage3_temp/31667at8782.bam
Applied 38 variants
Completed: 47266at8782 (9 variants)
Note: none of --samples-file, --ploidy or --ploidy-file given, assuming all sites are diploid
[mpileup] 1 samples in 1 input files
[mpileup] maximum number of reads per input file set to -d 250
Note: applying IUPAC codes based on FORMAT/GT in sample results/graph_alignment/stage3_temp/47266at8782.bam
Applied 9 variants
Completed: 20711at8782 (92 variants)
[mpileup] 1 samples in 1 input files
Note: none of --samples-file, --ploidy or --ploidy-file given, assuming all sites are diploid
[mpileup] maximum number of reads per input file set to -d 250
Note: applying IUPAC codes based on FORMAT/GT in sample results/graph_alignment/stage3_temp/20711at8782.bam
Applied 92 variants
Completed: 41709at8782 (53 variants)
[mpileup] 1 samples in 1 input files
Note: none of --samples-file, --ploidy or --ploidy-file given, assuming all sites are diploid
[mpileup] maximum number of reads per input file set to -d 250
Note: applying IUPAC codes based on FORMAT/GT in sample results/graph_alignment/stage3_temp/41709at8782.bam
Applied 53 variants
Completed: 3468at8782 (151 variants)
Note: none of --samples-file, --ploidy or --ploidy-file given, assuming all sites are diploid
[mpileup] 1 samples in 1 input files
[mpileup] maximum number of reads per input file set to -d 250
Note: applying IUPAC codes based on FORMAT/GT in sample results/graph_alignment/stage3_temp/3468at8782.bam
Applied 151 variants
Completed: 43663at8782 (95 variants)
[mpileup] 1 samples in 1 input files
Note: none of --samples-file, --ploidy or --ploidy-file given, assuming all sites are diploid
[mpileup] maximum number of reads per input file set to -d 250
Note: applying IUPAC codes based on FORMAT/GT in sample results/graph_alignment/stage3_temp/43663at8782.bam
Applied 95 variants
Completed: 37968at8782 (28 variants)
Note: none of --samples-file, --ploidy or --ploidy-file given, assuming all sites are diploid
[mpileup] 1 samples in 1 input files
[mpileup] maximum number of reads per input file set to -d 250
Note: applying IUPAC codes based on FORMAT/GT in sample results/graph_alignment/stage3_temp/37968at8782.bam
Applied 28 variants
Completed: 37031at8782 (68 variants)
[mpileup] 1 samples in 1 input files
Note: none of --samples-file, --ploidy or --ploidy-file given, assuming all sites are diploid
[mpileup] maximum number of reads per input file set to -d 250
Note: applying IUPAC codes based on FORMAT/GT in sample results/graph_alignment/stage3_temp/37031at8782.bam
Applied 68 variants
Completed: 32134at8782 (55 variants)
[mpileup] 1 samples in 1 input files
Note: none of --samples-file, --ploidy or --ploidy-file given, assuming all sites are diploid
[mpileup] maximum number of reads per input file set to -d 250
Note: applying IUPAC codes based on FORMAT/GT in sample results/graph_alignment/stage3_temp/32134at8782.bam
Applied 55 variants
Completed: 35608at8782 (0 variants)
Note: none of --samples-file, --ploidy or --ploidy-file given, assuming all sites are diploid
[mpileup] 1 samples in 1 input files
[mpileup] maximum number of reads per input file set to -d 250
Completed: 42454at8782 (69 variants)
Note: none of --samples-file, --ploidy or --ploidy-file given, assuming all sites are diploid
[mpileup] 1 samples in 1 input files
[mpileup] maximum number of reads per input file set to -d 250
Note: applying IUPAC codes based on FORMAT/GT in sample results/graph_alignment/stage3_temp/42454at8782.bam
Applied 69 variants
Completed: 15312at8782 (91 variants)
[mpileup] 1 samples in 1 input files
Note: none of --samples-file, --ploidy or --ploidy-file given, assuming all sites are diploid
[mpileup] maximum number of reads per input file set to -d 250
Note: applying IUPAC codes based on FORMAT/GT in sample results/graph_alignment/stage3_temp/15312at8782.bam
Applied 91 variants
Completed: 36252at8782 (86 variants)
Note: none of --samples-file, --ploidy or --ploidy-file given, assuming all sites are diploid
[mpileup] 1 samples in 1 input files
[mpileup] maximum number of reads per input file set to -d 250
Note: applying IUPAC codes based on FORMAT/GT in sample results/graph_alignment/stage3_temp/36252at8782.bam
Applied 86 variants
Completed: 43724at8782 (26 variants)
Note: none of --samples-file, --ploidy or --ploidy-file given, assuming all sites are diploid
[mpileup] 1 samples in 1 input files
[mpileup] maximum number of reads per input file set to -d 250
Note: applying IUPAC codes based on FORMAT/GT in sample results/graph_alignment/stage3_temp/43724at8782.bam
Applied 26 variants
Completed: 24878at8782 (53 variants)
Note: none of --samples-file, --ploidy or --ploidy-file given, assuming all sites are diploid
[mpileup] 1 samples in 1 input files
[mpileup] maximum number of reads per input file set to -d 250
Note: applying IUPAC codes based on FORMAT/GT in sample results/graph_alignment/stage3_temp/24878at8782.bam
Applied 53 variants
Completed: 53435at8782 (25 variants)
Note: none of --samples-file, --ploidy or --ploidy-file given, assuming all sites are diploid
[mpileup] 1 samples in 1 input files
[mpileup] maximum number of reads per input file set to -d 250
Note: applying IUPAC codes based on FORMAT/GT in sample results/graph_alignment/stage3_temp/53435at8782.bam
Applied 25 variants
Completed: 29498at8782 (86 variants)
Note: none of --samples-file, --ploidy or --ploidy-file given, assuming all sites are diploid
[mpileup] 1 samples in 1 input files
[mpileup] maximum number of reads per input file set to -d 250
Note: applying IUPAC codes based on FORMAT/GT in sample results/graph_alignment/stage3_temp/29498at8782.bam
Applied 86 variants
Completed: 15639at8782 (90 variants)
Note: none of --samples-file, --ploidy or --ploidy-file given, assuming all sites are diploid
[mpileup] 1 samples in 1 input files
[mpileup] maximum number of reads per input file set to -d 250
Note: applying IUPAC codes based on FORMAT/GT in sample results/graph_alignment/stage3_temp/15639at8782.bam
Applied 90 variants
Completed: 33871at8782 (49 variants)
[mpileup] 1 samples in 1 input files
Note: none of --samples-file, --ploidy or --ploidy-file given, assuming all sites are diploid
[mpileup] maximum number of reads per input file set to -d 250
Note: applying IUPAC codes based on FORMAT/GT in sample results/graph_alignment/stage3_temp/33871at8782.bam
Applied 49 variants
Completed: 40782at8782 (68 variants)
Note: none of --samples-file, --ploidy or --ploidy-file given, assuming all sites are diploid
[mpileup] 1 samples in 1 input files
[mpileup] maximum number of reads per input file set to -d 250
Note: applying IUPAC codes based on FORMAT/GT in sample results/graph_alignment/stage3_temp/40782at8782.bam
Applied 68 variants
Completed: 11111at8782 (157 variants)
[mpileup] 1 samples in 1 input files
Note: none of --samples-file, --ploidy or --ploidy-file given, assuming all sites are diploid
[mpileup] maximum number of reads per input file set to -d 250
Note: applying IUPAC codes based on FORMAT/GT in sample results/graph_alignment/stage3_temp/11111at8782.bam
Applied 157 variants
Completed: 47406at8782 (16 variants)
[mpileup] 1 samples in 1 input files
Note: none of --samples-file, --ploidy or --ploidy-file given, assuming all sites are diploid
[mpileup] maximum number of reads per input file set to -d 250
Note: applying IUPAC codes based on FORMAT/GT in sample results/graph_alignment/stage3_temp/47406at8782.bam
Applied 16 variants
Completed: 21876at8782 (9 variants)
[mpileup] 1 samples in 1 input files
Note: none of --samples-file, --ploidy or --ploidy-file given, assuming all sites are diploid
[mpileup] maximum number of reads per input file set to -d 250
Note: applying IUPAC codes based on FORMAT/GT in sample results/graph_alignment/stage3_temp/21876at8782.bam
Applied 9 variants
Completed: 44614at8782 (58 variants)
[mpileup] 1 samples in 1 input files
Note: none of --samples-file, --ploidy or --ploidy-file given, assuming all sites are diploid
[mpileup] maximum number of reads per input file set to -d 250
Note: applying IUPAC codes based on FORMAT/GT in sample results/graph_alignment/stage3_temp/44614at8782.bam
Applied 58 variants
Completed: 17193at8782 (19 variants)
[mpileup] 1 samples in 1 input files
Note: none of --samples-file, --ploidy or --ploidy-file given, assuming all sites are diploid
[mpileup] maximum number of reads per input file set to -d 250
Note: applying IUPAC codes based on FORMAT/GT in sample results/graph_alignment/stage3_temp/17193at8782.bam
Applied 19 variants
Completed: 49916at8782 (45 variants)
[mpileup] 1 samples in 1 input files
Note: none of --samples-file, --ploidy or --ploidy-file given, assuming all sites are diploid
[mpileup] maximum number of reads per input file set to -d 250
Note: applying IUPAC codes based on FORMAT/GT in sample results/graph_alignment/stage3_temp/49916at8782.bam
Applied 45 variants
Completed: 16115at8782 (123 variants)
Note: none of --samples-file, --ploidy or --ploidy-file given, assuming all sites are diploid
[mpileup] 1 samples in 1 input files
[mpileup] maximum number of reads per input file set to -d 250
Note: applying IUPAC codes based on FORMAT/GT in sample results/graph_alignment/stage3_temp/16115at8782.bam
Applied 123 variants
Completed: 12728at8782 (84 variants)
Note: none of --samples-file, --ploidy or --ploidy-file given, assuming all sites are diploid
[mpileup] 1 samples in 1 input files
[mpileup] maximum number of reads per input file set to -d 250
Note: applying IUPAC codes based on FORMAT/GT in sample results/graph_alignment/stage3_temp/12728at8782.bam
Applied 84 variants
Completed: 16424at8782 (94 variants)
Note: none of --samples-file, --ploidy or --ploidy-file given, assuming all sites are diploid
[mpileup] 1 samples in 1 input files
[mpileup] maximum number of reads per input file set to -d 250
Note: applying IUPAC codes based on FORMAT/GT in sample results/graph_alignment/stage3_temp/16424at8782.bam
Applied 94 variants
Completed: 51536at8782 (0 variants)
[mpileup] 1 samples in 1 input files
Note: none of --samples-file, --ploidy or --ploidy-file given, assuming all sites are diploid
[mpileup] maximum number of reads per input file set to -d 250
Completed: 22562at8782 (121 variants)
Note: none of --samples-file, --ploidy or --ploidy-file given, assuming all sites are diploid
[mpileup] 1 samples in 1 input files
[mpileup] maximum number of reads per input file set to -d 250
Note: applying IUPAC codes based on FORMAT/GT in sample results/graph_alignment/stage3_temp/22562at8782.bam
Applied 121 variants
Completed: 17062at8782 (73 variants)
Note: none of --samples-file, --ploidy or --ploidy-file given, assuming all sites are diploid
[mpileup] 1 samples in 1 input files
[mpileup] maximum number of reads per input file set to -d 250
Note: applying IUPAC codes based on FORMAT/GT in sample results/graph_alignment/stage3_temp/17062at8782.bam
Applied 73 variants
Completed: 34160at8782 (79 variants)
Note: none of --samples-file, --ploidy or --ploidy-file given, assuming all sites are diploid
[mpileup] 1 samples in 1 input files
[mpileup] maximum number of reads per input file set to -d 250
Note: applying IUPAC codes based on FORMAT/GT in sample results/graph_alignment/stage3_temp/34160at8782.bam
Applied 79 variants
Completed: 40583at8782 (32 variants)
Note: none of --samples-file, --ploidy or --ploidy-file given, assuming all sites are diploid
[mpileup] 1 samples in 1 input files
[mpileup] maximum number of reads per input file set to -d 250
Note: applying IUPAC codes based on FORMAT/GT in sample results/graph_alignment/stage3_temp/40583at8782.bam
Applied 32 variants
Completed: 27231at8782 (107 variants)
[mpileup] 1 samples in 1 input files
Note: none of --samples-file, --ploidy or --ploidy-file given, assuming all sites are diploid
[mpileup] maximum number of reads per input file set to -d 250
Note: applying IUPAC codes based on FORMAT/GT in sample results/graph_alignment/stage3_temp/27231at8782.bam
Applied 107 variants
Completed: 39700at8782 (16 variants)
Note: none of --samples-file, --ploidy or --ploidy-file given, assuming all sites are diploid
[mpileup] 1 samples in 1 input files
[mpileup] maximum number of reads per input file set to -d 250
Note: applying IUPAC codes based on FORMAT/GT in sample results/graph_alignment/stage3_temp/39700at8782.bam
Applied 16 variants
Completed: 14844at8782 (74 variants)
Note: none of --samples-file, --ploidy or --ploidy-file given, assuming all sites are diploid
[mpileup] 1 samples in 1 input files
[mpileup] maximum number of reads per input file set to -d 250
Note: applying IUPAC codes based on FORMAT/GT in sample results/graph_alignment/stage3_temp/14844at8782.bam
Applied 74 variants
Completed: 41135at8782 (45 variants)
Note: none of --samples-file, --ploidy or --ploidy-file given, assuming all sites are diploid
[mpileup] 1 samples in 1 input files
[mpileup] maximum number of reads per input file set to -d 250
Note: applying IUPAC codes based on FORMAT/GT in sample results/graph_alignment/stage3_temp/41135at8782.bam
Applied 45 variants
Completed: 47162at8782 (0 variants)
Note: none of --samples-file, --ploidy or --ploidy-file given, assuming all sites are diploid
[mpileup] 1 samples in 1 input files
[mpileup] maximum number of reads per input file set to -d 250
Completed: 8560at8782 (116 variants)
Note: none of --samples-file, --ploidy or --ploidy-file given, assuming all sites are diploid
[mpileup] 1 samples in 1 input files
[mpileup] maximum number of reads per input file set to -d 250
Note: applying IUPAC codes based on FORMAT/GT in sample results/graph_alignment/stage3_temp/8560at8782.bam
Applied 116 variants
Completed: 12620at8782 (57 variants)
Note: none of --samples-file, --ploidy or --ploidy-file given, assuming all sites are diploid
[mpileup] 1 samples in 1 input files
[mpileup] maximum number of reads per input file set to -d 250
Note: applying IUPAC codes based on FORMAT/GT in sample results/graph_alignment/stage3_temp/12620at8782.bam
Applied 57 variants
Completed: 4984at8782 (81 variants)
Note: none of --samples-file, --ploidy or --ploidy-file given, assuming all sites are diploid
[mpileup] 1 samples in 1 input files
[mpileup] maximum number of reads per input file set to -d 250
Note: applying IUPAC codes based on FORMAT/GT in sample results/graph_alignment/stage3_temp/4984at8782.bam
Applied 81 variants
Completed: 18040at8782 (93 variants)
Note: none of --samples-file, --ploidy or --ploidy-file given, assuming all sites are diploid
[mpileup] 1 samples in 1 input files
[mpileup] maximum number of reads per input file set to -d 250
Note: applying IUPAC codes based on FORMAT/GT in sample results/graph_alignment/stage3_temp/18040at8782.bam
Applied 93 variants
Completed: 18807at8782 (96 variants)
Note: none of --samples-file, --ploidy or --ploidy-file given, assuming all sites are diploid
[mpileup] 1 samples in 1 input files
[mpileup] maximum number of reads per input file set to -d 250
Note: applying IUPAC codes based on FORMAT/GT in sample results/graph_alignment/stage3_temp/18807at8782.bam
Applied 96 variants
Completed: 17042at8782 (59 variants)
Note: none of --samples-file, --ploidy or --ploidy-file given, assuming all sites are diploid
[mpileup] 1 samples in 1 input files
[mpileup] maximum number of reads per input file set to -d 250
Note: applying IUPAC codes based on FORMAT/GT in sample results/graph_alignment/stage3_temp/17042at8782.bam
Applied 59 variants
Completed: 25657at8782 (69 variants)
Note: none of --samples-file, --ploidy or --ploidy-file given, assuming all sites are diploid
[mpileup] 1 samples in 1 input files
[mpileup] maximum number of reads per input file set to -d 250
Note: applying IUPAC codes based on FORMAT/GT in sample results/graph_alignment/stage3_temp/25657at8782.bam
Applied 69 variants
Completed: 22714at8782 (52 variants)
Note: none of --samples-file, --ploidy or --ploidy-file given, assuming all sites are diploid
[mpileup] 1 samples in 1 input files
[mpileup] maximum number of reads per input file set to -d 250
Note: applying IUPAC codes based on FORMAT/GT in sample results/graph_alignment/stage3_temp/22714at8782.bam
Applied 52 variants
Completed: 33346at8782 (28 variants)
Note: none of --samples-file, --ploidy or --ploidy-file given, assuming all sites are diploid
[mpileup] 1 samples in 1 input files
[mpileup] maximum number of reads per input file set to -d 250
Note: applying IUPAC codes based on FORMAT/GT in sample results/graph_alignment/stage3_temp/33346at8782.bam
Applied 28 variants
Completed: 16326at8782 (98 variants)
Note: none of --samples-file, --ploidy or --ploidy-file given, assuming all sites are diploid
[mpileup] 1 samples in 1 input files
[mpileup] maximum number of reads per input file set to -d 250
Note: applying IUPAC codes based on FORMAT/GT in sample results/graph_alignment/stage3_temp/16326at8782.bam
Applied 98 variants
Completed: 36635at8782 (41 variants)
Note: none of --samples-file, --ploidy or --ploidy-file given, assuming all sites are diploid
[mpileup] 1 samples in 1 input files
[mpileup] maximum number of reads per input file set to -d 250
Note: applying IUPAC codes based on FORMAT/GT in sample results/graph_alignment/stage3_temp/36635at8782.bam
Applied 41 variants
Completed: 16847at8782 (28 variants)
[mpileup] 1 samples in 1 input files
Note: none of --samples-file, --ploidy or --ploidy-file given, assuming all sites are diploid
[mpileup] maximum number of reads per input file set to -d 250
Note: applying IUPAC codes based on FORMAT/GT in sample results/graph_alignment/stage3_temp/16847at8782.bam
Applied 28 variants
Completed: 32790at8782 (24 variants)
Note: none of --samples-file, --ploidy or --ploidy-file given, assuming all sites are diploid
[mpileup] 1 samples in 1 input files
[mpileup] maximum number of reads per input file set to -d 250
Note: applying IUPAC codes based on FORMAT/GT in sample results/graph_alignment/stage3_temp/32790at8782.bam
Applied 24 variants
Completed: 19460at8782 (67 variants)
Note: none of --samples-file, --ploidy or --ploidy-file given, assuming all sites are diploid
[mpileup] 1 samples in 1 input files
[mpileup] maximum number of reads per input file set to -d 250
Note: applying IUPAC codes based on FORMAT/GT in sample results/graph_alignment/stage3_temp/19460at8782.bam
Applied 67 variants
Completed: 30427at8782 (90 variants)
[mpileup] 1 samples in 1 input files
Note: none of --samples-file, --ploidy or --ploidy-file given, assuming all sites are diploid
[mpileup] maximum number of reads per input file set to -d 250
Note: applying IUPAC codes based on FORMAT/GT in sample results/graph_alignment/stage3_temp/30427at8782.bam
Applied 90 variants
Completed: 22748at8782 (50 variants)
Note: none of --samples-file, --ploidy or --ploidy-file given, assuming all sites are diploid
[mpileup] 1 samples in 1 input files
[mpileup] maximum number of reads per input file set to -d 250
Note: applying IUPAC codes based on FORMAT/GT in sample results/graph_alignment/stage3_temp/22748at8782.bam
Applied 50 variants
Completed: 32717at8782 (55 variants)
[mpileup] 1 samples in 1 input files
Note: none of --samples-file, --ploidy or --ploidy-file given, assuming all sites are diploid
[mpileup] maximum number of reads per input file set to -d 250
Note: applying IUPAC codes based on FORMAT/GT in sample results/graph_alignment/stage3_temp/32717at8782.bam
Applied 55 variants
Completed: 15255at8782 (82 variants)
Note: none of --samples-file, --ploidy or --ploidy-file given, assuming all sites are diploid
[mpileup] 1 samples in 1 input files
[mpileup] maximum number of reads per input file set to -d 250
Note: applying IUPAC codes based on FORMAT/GT in sample results/graph_alignment/stage3_temp/15255at8782.bam
Applied 82 variants
Completed: 35396at8782 (65 variants)
Note: none of --samples-file, --ploidy or --ploidy-file given, assuming all sites are diploid
[mpileup] 1 samples in 1 input files
[mpileup] maximum number of reads per input file set to -d 250
Note: applying IUPAC codes based on FORMAT/GT in sample results/graph_alignment/stage3_temp/35396at8782.bam
Applied 65 variants
Completed: 30153at8782 (77 variants)
Note: none of --samples-file, --ploidy or --ploidy-file given, assuming all sites are diploid
[mpileup] 1 samples in 1 input files
[mpileup] maximum number of reads per input file set to -d 250
Note: applying IUPAC codes based on FORMAT/GT in sample results/graph_alignment/stage3_temp/30153at8782.bam
Applied 77 variants
Completed: 47944at8782 (0 variants)
Note: none of --samples-file, --ploidy or --ploidy-file given, assuming all sites are diploid
[mpileup] 1 samples in 1 input files
[mpileup] maximum number of reads per input file set to -d 250
Completed: 32336at8782 (0 variants)
Note: none of --samples-file, --ploidy or --ploidy-file given, assuming all sites are diploid
[mpileup] 1 samples in 1 input files
[mpileup] maximum number of reads per input file set to -d 250
Completed: 18777at8782 (92 variants)
[mpileup] 1 samples in 1 input files
Note: none of --samples-file, --ploidy or --ploidy-file given, assuming all sites are diploid
[mpileup] maximum number of reads per input file set to -d 250
Note: applying IUPAC codes based on FORMAT/GT in sample results/graph_alignment/stage3_temp/18777at8782.bam
Applied 92 variants
Completed: 42833at8782 (10 variants)
Note: none of --samples-file, --ploidy or --ploidy-file given, assuming all sites are diploid
[mpileup] 1 samples in 1 input files
[mpileup] maximum number of reads per input file set to -d 250
Note: applying IUPAC codes based on FORMAT/GT in sample results/graph_alignment/stage3_temp/42833at8782.bam
Applied 10 variants
Completed: 46964at8782 (0 variants)
Note: none of --samples-file, --ploidy or --ploidy-file given, assuming all sites are diploid
[mpileup] 1 samples in 1 input files
[mpileup] maximum number of reads per input file set to -d 250
Completed: 21537at8782 (28 variants)
Note: none of --samples-file, --ploidy or --ploidy-file given, assuming all sites are diploid
[mpileup] 1 samples in 1 input files
[mpileup] maximum number of reads per input file set to -d 250
Note: applying IUPAC codes based on FORMAT/GT in sample results/graph_alignment/stage3_temp/21537at8782.bam
Applied 28 variants
Completed: 28142at8782 (88 variants)
[mpileup] 1 samples in 1 input files
Note: none of --samples-file, --ploidy or --ploidy-file given, assuming all sites are diploid
[mpileup] maximum number of reads per input file set to -d 250
Note: applying IUPAC codes based on FORMAT/GT in sample results/graph_alignment/stage3_temp/28142at8782.bam
Applied 88 variants
Completed: 37957at8782 (81 variants)
Note: none of --samples-file, --ploidy or --ploidy-file given, assuming all sites are diploid
[mpileup] 1 samples in 1 input files
[mpileup] maximum number of reads per input file set to -d 250
Note: applying IUPAC codes based on FORMAT/GT in sample results/graph_alignment/stage3_temp/37957at8782.bam
Applied 81 variants
Completed: 4341at8782 (144 variants)
Note: none of --samples-file, --ploidy or --ploidy-file given, assuming all sites are diploid
[mpileup] 1 samples in 1 input files
[mpileup] maximum number of reads per input file set to -d 250
Note: applying IUPAC codes based on FORMAT/GT in sample results/graph_alignment/stage3_temp/4341at8782.bam
Applied 144 variants
Completed: 26460at8782 (44 variants)
Note: none of --samples-file, --ploidy or --ploidy-file given, assuming all sites are diploid
[mpileup] 1 samples in 1 input files
[mpileup] maximum number of reads per input file set to -d 250
Note: applying IUPAC codes based on FORMAT/GT in sample results/graph_alignment/stage3_temp/26460at8782.bam
Applied 44 variants
Completed: 11663at8782 (107 variants)
Note: none of --samples-file, --ploidy or --ploidy-file given, assuming all sites are diploid
[mpileup] 1 samples in 1 input files
[mpileup] maximum number of reads per input file set to -d 250
Note: applying IUPAC codes based on FORMAT/GT in sample results/graph_alignment/stage3_temp/11663at8782.bam
Applied 107 variants
Completed: 17547at8782 (142 variants)
Note: none of --samples-file, --ploidy or --ploidy-file given, assuming all sites are diploid
[mpileup] 1 samples in 1 input files
[mpileup] maximum number of reads per input file set to -d 250
Note: applying IUPAC codes based on FORMAT/GT in sample results/graph_alignment/stage3_temp/17547at8782.bam
Applied 142 variants
Completed: 41938at8782 (0 variants)
Note: none of --samples-file, --ploidy or --ploidy-file given, assuming all sites are diploid
[mpileup] 1 samples in 1 input files
[mpileup] maximum number of reads per input file set to -d 250
Completed: 43500at8782 (45 variants)
Note: none of --samples-file, --ploidy or --ploidy-file given, assuming all sites are diploid
[mpileup] 1 samples in 1 input files
[mpileup] maximum number of reads per input file set to -d 250
Note: applying IUPAC codes based on FORMAT/GT in sample results/graph_alignment/stage3_temp/43500at8782.bam
Applied 45 variants
Completed: 40508at8782 (12 variants)
[mpileup] 1 samples in 1 input files
Note: none of --samples-file, --ploidy or --ploidy-file given, assuming all sites are diploid
[mpileup] maximum number of reads per input file set to -d 250
Note: applying IUPAC codes based on FORMAT/GT in sample results/graph_alignment/stage3_temp/40508at8782.bam
Applied 12 variants
Completed: 35216at8782 (22 variants)
Note: none of --samples-file, --ploidy or --ploidy-file given, assuming all sites are diploid
[mpileup] 1 samples in 1 input files
[mpileup] maximum number of reads per input file set to -d 250
Note: applying IUPAC codes based on FORMAT/GT in sample results/graph_alignment/stage3_temp/35216at8782.bam
Applied 22 variants
Completed: 44814at8782 (27 variants)
[mpileup] 1 samples in 1 input files
Note: none of --samples-file, --ploidy or --ploidy-file given, assuming all sites are diploid
[mpileup] maximum number of reads per input file set to -d 250
Note: applying IUPAC codes based on FORMAT/GT in sample results/graph_alignment/stage3_temp/44814at8782.bam
Applied 27 variants
Completed: 13056at8782 (68 variants)
[mpileup] 1 samples in 1 input files
Note: none of --samples-file, --ploidy or --ploidy-file given, assuming all sites are diploid
[mpileup] maximum number of reads per input file set to -d 250
Note: applying IUPAC codes based on FORMAT/GT in sample results/graph_alignment/stage3_temp/13056at8782.bam
Applied 68 variants
Completed: 47001at8782 (6 variants)
Note: none of --samples-file, --ploidy or --ploidy-file given, assuming all sites are diploid
[mpileup] 1 samples in 1 input files
[mpileup] maximum number of reads per input file set to -d 250
Note: applying IUPAC codes based on FORMAT/GT in sample results/graph_alignment/stage3_temp/47001at8782.bam
Applied 6 variants
Completed: 15727at8782 (46 variants)
Note: none of --samples-file, --ploidy or --ploidy-file given, assuming all sites are diploid
[mpileup] 1 samples in 1 input files
[mpileup] maximum number of reads per input file set to -d 250
Note: applying IUPAC codes based on FORMAT/GT in sample results/graph_alignment/stage3_temp/15727at8782.bam
Applied 46 variants
Completed: 36294at8782 (36 variants)
Note: none of --samples-file, --ploidy or --ploidy-file given, assuming all sites are diploid
[mpileup] 1 samples in 1 input files
[mpileup] maximum number of reads per input file set to -d 250
Note: applying IUPAC codes based on FORMAT/GT in sample results/graph_alignment/stage3_temp/36294at8782.bam
Applied 36 variants
Completed: 41479at8782 (34 variants)
[mpileup] 1 samples in 1 input files
Note: none of --samples-file, --ploidy or --ploidy-file given, assuming all sites are diploid
[mpileup] maximum number of reads per input file set to -d 250
Note: applying IUPAC codes based on FORMAT/GT in sample results/graph_alignment/stage3_temp/41479at8782.bam
Applied 34 variants
Completed: 22760at8782 (98 variants)
Note: none of --samples-file, --ploidy or --ploidy-file given, assuming all sites are diploid
[mpileup] 1 samples in 1 input files
[mpileup] maximum number of reads per input file set to -d 250
Note: applying IUPAC codes based on FORMAT/GT in sample results/graph_alignment/stage3_temp/22760at8782.bam
Applied 98 variants
Completed: 28205at8782 (67 variants)
Note: none of --samples-file, --ploidy or --ploidy-file given, assuming all sites are diploid
[mpileup] 1 samples in 1 input files
[mpileup] maximum number of reads per input file set to -d 250
Note: applying IUPAC codes based on FORMAT/GT in sample results/graph_alignment/stage3_temp/28205at8782.bam
Applied 67 variants
Completed: 48215at8782 (31 variants)
Note: none of --samples-file, --ploidy or --ploidy-file given, assuming all sites are diploid
[mpileup] 1 samples in 1 input files
[mpileup] maximum number of reads per input file set to -d 250
Note: applying IUPAC codes based on FORMAT/GT in sample results/graph_alignment/stage3_temp/48215at8782.bam
Applied 31 variants
Completed: 24604at8782 (25 variants)
Note: none of --samples-file, --ploidy or --ploidy-file given, assuming all sites are diploid
[mpileup] 1 samples in 1 input files
[mpileup] maximum number of reads per input file set to -d 250
Note: applying IUPAC codes based on FORMAT/GT in sample results/graph_alignment/stage3_temp/24604at8782.bam
Applied 25 variants
Completed: 44622at8782 (88 variants)
Note: none of --samples-file, --ploidy or --ploidy-file given, assuming all sites are diploid
[mpileup] 1 samples in 1 input files
[mpileup] maximum number of reads per input file set to -d 250
Note: applying IUPAC codes based on FORMAT/GT in sample results/graph_alignment/stage3_temp/44622at8782.bam
Applied 88 variants
Completed: 53151at8782 (15 variants)
[mpileup] 1 samples in 1 input files
Note: none of --samples-file, --ploidy or --ploidy-file given, assuming all sites are diploid
[mpileup] maximum number of reads per input file set to -d 250
Note: applying IUPAC codes based on FORMAT/GT in sample results/graph_alignment/stage3_temp/53151at8782.bam
Applied 15 variants
Completed: 48656at8782 (0 variants)
Note: none of --samples-file, --ploidy or --ploidy-file given, assuming all sites are diploid
[mpileup] 1 samples in 1 input files
[mpileup] maximum number of reads per input file set to -d 250
Completed: 19744at8782 (72 variants)
Note: none of --samples-file, --ploidy or --ploidy-file given, assuming all sites are diploid
[mpileup] 1 samples in 1 input files
[mpileup] maximum number of reads per input file set to -d 250
Note: applying IUPAC codes based on FORMAT/GT in sample results/graph_alignment/stage3_temp/19744at8782.bam
Applied 72 variants
Completed: 14004at8782 (69 variants)
Note: none of --samples-file, --ploidy or --ploidy-file given, assuming all sites are diploid
[mpileup] 1 samples in 1 input files
[mpileup] maximum number of reads per input file set to -d 250
Note: applying IUPAC codes based on FORMAT/GT in sample results/graph_alignment/stage3_temp/14004at8782.bam
Applied 69 variants
Completed: 42892at8782 (20 variants)
Note: none of --samples-file, --ploidy or --ploidy-file given, assuming all sites are diploid
[mpileup] 1 samples in 1 input files
[mpileup] maximum number of reads per input file set to -d 250
Note: applying IUPAC codes based on FORMAT/GT in sample results/graph_alignment/stage3_temp/42892at8782.bam
Applied 20 variants
Completed: 16289at8782 (119 variants)
Note: none of --samples-file, --ploidy or --ploidy-file given, assuming all sites are diploid
[mpileup] 1 samples in 1 input files
[mpileup] maximum number of reads per input file set to -d 250
Note: applying IUPAC codes based on FORMAT/GT in sample results/graph_alignment/stage3_temp/16289at8782.bam
Applied 119 variants
Completed: 51870at8782 (0 variants)
Note: none of --samples-file, --ploidy or --ploidy-file given, assuming all sites are diploid
[mpileup] 1 samples in 1 input files
[mpileup] maximum number of reads per input file set to -d 250
Completed: 46062at8782 (0 variants)
Note: none of --samples-file, --ploidy or --ploidy-file given, assuming all sites are diploid
[mpileup] 1 samples in 1 input files
[mpileup] maximum number of reads per input file set to -d 250
Completed: 5330at8782 (70 variants)
Note: none of --samples-file, --ploidy or --ploidy-file given, assuming all sites are diploid
[mpileup] 1 samples in 1 input files
[mpileup] maximum number of reads per input file set to -d 250
Note: applying IUPAC codes based on FORMAT/GT in sample results/graph_alignment/stage3_temp/5330at8782.bam
Applied 70 variants
Completed: 43985at8782 (62 variants)
Note: none of --samples-file, --ploidy or --ploidy-file given, assuming all sites are diploid
[mpileup] 1 samples in 1 input files
[mpileup] maximum number of reads per input file set to -d 250
Note: applying IUPAC codes based on FORMAT/GT in sample results/graph_alignment/stage3_temp/43985at8782.bam
Applied 62 variants
Completed: 25434at8782 (36 variants)
Note: none of --samples-file, --ploidy or --ploidy-file given, assuming all sites are diploid
[mpileup] 1 samples in 1 input files
[mpileup] maximum number of reads per input file set to -d 250
Note: applying IUPAC codes based on FORMAT/GT in sample results/graph_alignment/stage3_temp/25434at8782.bam
Applied 36 variants
Completed: 41947at8782 (0 variants)
Note: none of --samples-file, --ploidy or --ploidy-file given, assuming all sites are diploid
[mpileup] 1 samples in 1 input files
[mpileup] maximum number of reads per input file set to -d 250
Completed: 40954at8782 (40 variants)
Note: none of --samples-file, --ploidy or --ploidy-file given, assuming all sites are diploid
[mpileup] 1 samples in 1 input files
[mpileup] maximum number of reads per input file set to -d 250
Note: applying IUPAC codes based on FORMAT/GT in sample results/graph_alignment/stage3_temp/40954at8782.bam
Applied 40 variants
Completed: 10208at8782 (79 variants)
Note: none of --samples-file, --ploidy or --ploidy-file given, assuming all sites are diploid
[mpileup] 1 samples in 1 input files
[mpileup] maximum number of reads per input file set to -d 250
Note: applying IUPAC codes based on FORMAT/GT in sample results/graph_alignment/stage3_temp/10208at8782.bam
Applied 79 variants
Completed: 40366at8782 (14 variants)
Note: none of --samples-file, --ploidy or --ploidy-file given, assuming all sites are diploid
[mpileup] 1 samples in 1 input files
[mpileup] maximum number of reads per input file set to -d 250
Note: applying IUPAC codes based on FORMAT/GT in sample results/graph_alignment/stage3_temp/40366at8782.bam
Applied 14 variants
Completed: 30706at8782 (26 variants)
Note: none of --samples-file, --ploidy or --ploidy-file given, assuming all sites are diploid
[mpileup] 1 samples in 1 input files
[mpileup] maximum number of reads per input file set to -d 250
Note: applying IUPAC codes based on FORMAT/GT in sample results/graph_alignment/stage3_temp/30706at8782.bam
Applied 26 variants
Completed: 23767at8782 (52 variants)
Note: none of --samples-file, --ploidy or --ploidy-file given, assuming all sites are diploid
[mpileup] 1 samples in 1 input files
[mpileup] maximum number of reads per input file set to -d 250
Note: applying IUPAC codes based on FORMAT/GT in sample results/graph_alignment/stage3_temp/23767at8782.bam
Applied 52 variants
Completed: 9976at8782 (70 variants)
Note: none of --samples-file, --ploidy or --ploidy-file given, assuming all sites are diploid
[mpileup] 1 samples in 1 input files
[mpileup] maximum number of reads per input file set to -d 250
Note: applying IUPAC codes based on FORMAT/GT in sample results/graph_alignment/stage3_temp/9976at8782.bam
Applied 70 variants
Completed: 6855at8782 (0 variants)
Note: none of --samples-file, --ploidy or --ploidy-file given, assuming all sites are diploid
[mpileup] 1 samples in 1 input files
[mpileup] maximum number of reads per input file set to -d 250
Completed: 46023at8782 (84 variants)
Note: none of --samples-file, --ploidy or --ploidy-file given, assuming all sites are diploid
[mpileup] 1 samples in 1 input files
[mpileup] maximum number of reads per input file set to -d 250
Note: applying IUPAC codes based on FORMAT/GT in sample results/graph_alignment/stage3_temp/46023at8782.bam
Applied 84 variants
Completed: 30574at8782 (63 variants)
Note: none of --samples-file, --ploidy or --ploidy-file given, assuming all sites are diploid
[mpileup] 1 samples in 1 input files
[mpileup] maximum number of reads per input file set to -d 250
Note: applying IUPAC codes based on FORMAT/GT in sample results/graph_alignment/stage3_temp/30574at8782.bam
Applied 63 variants
Completed: 51847at8782 (0 variants)
Note: none of --samples-file, --ploidy or --ploidy-file given, assuming all sites are diploid
[mpileup] 1 samples in 1 input files
[mpileup] maximum number of reads per input file set to -d 250
Completed: 25958at8782 (46 variants)
Note: none of --samples-file, --ploidy or --ploidy-file given, assuming all sites are diploid
[mpileup] 1 samples in 1 input files
[mpileup] maximum number of reads per input file set to -d 250
Note: applying IUPAC codes based on FORMAT/GT in sample results/graph_alignment/stage3_temp/25958at8782.bam
Applied 46 variants
Completed: 43923at8782 (60 variants)
Note: none of --samples-file, --ploidy or --ploidy-file given, assuming all sites are diploid
[mpileup] 1 samples in 1 input files
[mpileup] maximum number of reads per input file set to -d 250
Note: applying IUPAC codes based on FORMAT/GT in sample results/graph_alignment/stage3_temp/43923at8782.bam
Applied 60 variants
Completed: 30615at8782 (52 variants)
Note: none of --samples-file, --ploidy or --ploidy-file given, assuming all sites are diploid
[mpileup] 1 samples in 1 input files
[mpileup] maximum number of reads per input file set to -d 250
Note: applying IUPAC codes based on FORMAT/GT in sample results/graph_alignment/stage3_temp/30615at8782.bam
Applied 52 variants
Completed: 6023at8782 (156 variants)
Note: none of --samples-file, --ploidy or --ploidy-file given, assuming all sites are diploid
[mpileup] 1 samples in 1 input files
[mpileup] maximum number of reads per input file set to -d 250
Note: applying IUPAC codes based on FORMAT/GT in sample results/graph_alignment/stage3_temp/6023at8782.bam
Applied 156 variants
Completed: 32328at8782 (66 variants)
Note: none of --samples-file, --ploidy or --ploidy-file given, assuming all sites are diploid
[mpileup] 1 samples in 1 input files
[mpileup] maximum number of reads per input file set to -d 250
Note: applying IUPAC codes based on FORMAT/GT in sample results/graph_alignment/stage3_temp/32328at8782.bam
Applied 66 variants
Completed: 52412at8782 (0 variants)
Note: none of --samples-file, --ploidy or --ploidy-file given, assuming all sites are diploid
[mpileup] 1 samples in 1 input files
[mpileup] maximum number of reads per input file set to -d 250
Completed: 24759at8782 (64 variants)
Note: none of --samples-file, --ploidy or --ploidy-file given, assuming all sites are diploid
[mpileup] 1 samples in 1 input files
[mpileup] maximum number of reads per input file set to -d 250
Note: applying IUPAC codes based on FORMAT/GT in sample results/graph_alignment/stage3_temp/24759at8782.bam
Applied 64 variants
Completed: 21885at8782 (28 variants)
Note: none of --samples-file, --ploidy or --ploidy-file given, assuming all sites are diploid
[mpileup] 1 samples in 1 input files
[mpileup] maximum number of reads per input file set to -d 250
Note: applying IUPAC codes based on FORMAT/GT in sample results/graph_alignment/stage3_temp/21885at8782.bam
Applied 28 variants
Completed: 39297at8782 (21 variants)
Note: none of --samples-file, --ploidy or --ploidy-file given, assuming all sites are diploid
[mpileup] 1 samples in 1 input files
[mpileup] maximum number of reads per input file set to -d 250
Note: applying IUPAC codes based on FORMAT/GT in sample results/graph_alignment/stage3_temp/39297at8782.bam
Applied 21 variants
Completed: 36087at8782 (73 variants)
Note: none of --samples-file, --ploidy or --ploidy-file given, assuming all sites are diploid
[mpileup] 1 samples in 1 input files
[mpileup] maximum number of reads per input file set to -d 250
Note: applying IUPAC codes based on FORMAT/GT in sample results/graph_alignment/stage3_temp/36087at8782.bam
Applied 73 variants
Completed: 8872at8782 (86 variants)
Note: none of --samples-file, --ploidy or --ploidy-file given, assuming all sites are diploid
[mpileup] 1 samples in 1 input files
[mpileup] maximum number of reads per input file set to -d 250
Note: applying IUPAC codes based on FORMAT/GT in sample results/graph_alignment/stage3_temp/8872at8782.bam
Applied 86 variants
Completed: 38340at8782 (10 variants)
Note: none of --samples-file, --ploidy or --ploidy-file given, assuming all sites are diploid
[mpileup] 1 samples in 1 input files
[mpileup] maximum number of reads per input file set to -d 250
Note: applying IUPAC codes based on FORMAT/GT in sample results/graph_alignment/stage3_temp/38340at8782.bam
Applied 10 variants
Completed: 22969at8782 (96 variants)
[mpileup] 1 samples in 1 input files
Note: none of --samples-file, --ploidy or --ploidy-file given, assuming all sites are diploid
[mpileup] maximum number of reads per input file set to -d 250
Note: applying IUPAC codes based on FORMAT/GT in sample results/graph_alignment/stage3_temp/22969at8782.bam
Applied 96 variants
Completed: 39915at8782 (25 variants)
[mpileup] 1 samples in 1 input files
Note: none of --samples-file, --ploidy or --ploidy-file given, assuming all sites are diploid
[mpileup] maximum number of reads per input file set to -d 250
Note: applying IUPAC codes based on FORMAT/GT in sample results/graph_alignment/stage3_temp/39915at8782.bam
Applied 25 variants
Completed: 36591at8782 (42 variants)
[mpileup] 1 samples in 1 input files
Note: none of --samples-file, --ploidy or --ploidy-file given, assuming all sites are diploid
[mpileup] maximum number of reads per input file set to -d 250
Note: applying IUPAC codes based on FORMAT/GT in sample results/graph_alignment/stage3_temp/36591at8782.bam
Applied 42 variants
Completed: 43179at8782 (37 variants)
Note: none of --samples-file, --ploidy or --ploidy-file given, assuming all sites are diploid
[mpileup] 1 samples in 1 input files
[mpileup] maximum number of reads per input file set to -d 250
Note: applying IUPAC codes based on FORMAT/GT in sample results/graph_alignment/stage3_temp/43179at8782.bam
Applied 37 variants
Completed: 9480at8782 (45 variants)
Note: none of --samples-file, --ploidy or --ploidy-file given, assuming all sites are diploid
[mpileup] 1 samples in 1 input files
[mpileup] maximum number of reads per input file set to -d 250
Note: applying IUPAC codes based on FORMAT/GT in sample results/graph_alignment/stage3_temp/9480at8782.bam
Applied 45 variants
Completed: 33705at8782 (29 variants)
Note: none of --samples-file, --ploidy or --ploidy-file given, assuming all sites are diploid
[mpileup] 1 samples in 1 input files
[mpileup] maximum number of reads per input file set to -d 250
Note: applying IUPAC codes based on FORMAT/GT in sample results/graph_alignment/stage3_temp/33705at8782.bam
Applied 29 variants
Completed: 6749at8782 (51 variants)
Note: none of --samples-file, --ploidy or --ploidy-file given, assuming all sites are diploid
[mpileup] 1 samples in 1 input files
[mpileup] maximum number of reads per input file set to -d 250
Note: applying IUPAC codes based on FORMAT/GT in sample results/graph_alignment/stage3_temp/6749at8782.bam
Applied 51 variants
Completed: 23484at8782 (61 variants)
[mpileup] 1 samples in 1 input files
Note: none of --samples-file, --ploidy or --ploidy-file given, assuming all sites are diploid
[mpileup] maximum number of reads per input file set to -d 250
Note: applying IUPAC codes based on FORMAT/GT in sample results/graph_alignment/stage3_temp/23484at8782.bam
Applied 61 variants
Completed: 13277at8782 (95 variants)
[mpileup] 1 samples in 1 input files
Note: none of --samples-file, --ploidy or --ploidy-file given, assuming all sites are diploid
[mpileup] maximum number of reads per input file set to -d 250
Note: applying IUPAC codes based on FORMAT/GT in sample results/graph_alignment/stage3_temp/13277at8782.bam
Applied 95 variants
Completed: 32035at8782 (56 variants)
Note: none of --samples-file, --ploidy or --ploidy-file given, assuming all sites are diploid
[mpileup] 1 samples in 1 input files
[mpileup] maximum number of reads per input file set to -d 250
Note: applying IUPAC codes based on FORMAT/GT in sample results/graph_alignment/stage3_temp/32035at8782.bam
Applied 56 variants
Completed: 17821at8782 (55 variants)
[mpileup] 1 samples in 1 input files
Note: none of --samples-file, --ploidy or --ploidy-file given, assuming all sites are diploid
[mpileup] maximum number of reads per input file set to -d 250
Note: applying IUPAC codes based on FORMAT/GT in sample results/graph_alignment/stage3_temp/17821at8782.bam
Applied 55 variants
Completed: 5896at8782 (24 variants)
Note: none of --samples-file, --ploidy or --ploidy-file given, assuming all sites are diploid
[mpileup] 1 samples in 1 input files
[mpileup] maximum number of reads per input file set to -d 250
Note: applying IUPAC codes based on FORMAT/GT in sample results/graph_alignment/stage3_temp/5896at8782.bam
Applied 24 variants
Completed: 40830at8782 (4 variants)
Note: none of --samples-file, --ploidy or --ploidy-file given, assuming all sites are diploid
[mpileup] 1 samples in 1 input files
[mpileup] maximum number of reads per input file set to -d 250
Note: applying IUPAC codes based on FORMAT/GT in sample results/graph_alignment/stage3_temp/40830at8782.bam
Applied 4 variants
Completed: 14687at8782 (34 variants)
Note: none of --samples-file, --ploidy or --ploidy-file given, assuming all sites are diploid
[mpileup] 1 samples in 1 input files
[mpileup] maximum number of reads per input file set to -d 250
Note: applying IUPAC codes based on FORMAT/GT in sample results/graph_alignment/stage3_temp/14687at8782.bam
Applied 34 variants
Completed: 41641at8782 (32 variants)
[mpileup] 1 samples in 1 input files
Note: none of --samples-file, --ploidy or --ploidy-file given, assuming all sites are diploid
[mpileup] maximum number of reads per input file set to -d 250
Note: applying IUPAC codes based on FORMAT/GT in sample results/graph_alignment/stage3_temp/41641at8782.bam
Applied 32 variants
Completed: 20867at8782 (78 variants)
Note: none of --samples-file, --ploidy or --ploidy-file given, assuming all sites are diploid
[mpileup] 1 samples in 1 input files
[mpileup] maximum number of reads per input file set to -d 250
Note: applying IUPAC codes based on FORMAT/GT in sample results/graph_alignment/stage3_temp/20867at8782.bam
Applied 78 variants
Completed: 28865at8782 (111 variants)
Note: none of --samples-file, --ploidy or --ploidy-file given, assuming all sites are diploid
[mpileup] 1 samples in 1 input files
[mpileup] maximum number of reads per input file set to -d 250
Note: applying IUPAC codes based on FORMAT/GT in sample results/graph_alignment/stage3_temp/28865at8782.bam
Applied 111 variants
Completed: 44263at8782 (0 variants)
Note: none of --samples-file, --ploidy or --ploidy-file given, assuming all sites are diploid
[mpileup] 1 samples in 1 input files
[mpileup] maximum number of reads per input file set to -d 250
Completed: 10209at8782 (35 variants)
Note: none of --samples-file, --ploidy or --ploidy-file given, assuming all sites are diploid
[mpileup] 1 samples in 1 input files
[mpileup] maximum number of reads per input file set to -d 250
Note: applying IUPAC codes based on FORMAT/GT in sample results/graph_alignment/stage3_temp/10209at8782.bam
Applied 35 variants
Completed: 51335at8782 (0 variants)
[mpileup] 1 samples in 1 input files
Note: none of --samples-file, --ploidy or --ploidy-file given, assuming all sites are diploid
[mpileup] maximum number of reads per input file set to -d 250
Completed: 43853at8782 (26 variants)
[mpileup] 1 samples in 1 input files
Note: none of --samples-file, --ploidy or --ploidy-file given, assuming all sites are diploid
[mpileup] maximum number of reads per input file set to -d 250
Note: applying IUPAC codes based on FORMAT/GT in sample results/graph_alignment/stage3_temp/43853at8782.bam
Applied 26 variants
Completed: 31405at8782 (38 variants)
Note: none of --samples-file, --ploidy or --ploidy-file given, assuming all sites are diploid
[mpileup] 1 samples in 1 input files
[mpileup] maximum number of reads per input file set to -d 250
Note: applying IUPAC codes based on FORMAT/GT in sample results/graph_alignment/stage3_temp/31405at8782.bam
Applied 38 variants
Completed: 49868at8782 (40 variants)
Note: none of --samples-file, --ploidy or --ploidy-file given, assuming all sites are diploid
[mpileup] 1 samples in 1 input files
[mpileup] maximum number of reads per input file set to -d 250
Note: applying IUPAC codes based on FORMAT/GT in sample results/graph_alignment/stage3_temp/49868at8782.bam
Applied 40 variants
Completed: 29037at8782 (0 variants)
Note: none of --samples-file, --ploidy or --ploidy-file given, assuming all sites are diploid
[mpileup] 1 samples in 1 input files
[mpileup] maximum number of reads per input file set to -d 250
Completed: 36665at8782 (89 variants)
[mpileup] 1 samples in 1 input files
Note: none of --samples-file, --ploidy or --ploidy-file given, assuming all sites are diploid
[mpileup] maximum number of reads per input file set to -d 250
Note: applying IUPAC codes based on FORMAT/GT in sample results/graph_alignment/stage3_temp/36665at8782.bam
Applied 89 variants
Completed: 4387at8782 (211 variants)
Note: none of --samples-file, --ploidy or --ploidy-file given, assuming all sites are diploid
[mpileup] 1 samples in 1 input files
[mpileup] maximum number of reads per input file set to -d 250
Note: applying IUPAC codes based on FORMAT/GT in sample results/graph_alignment/stage3_temp/4387at8782.bam
Applied 211 variants
Completed: 27404at8782 (69 variants)
Note: none of --samples-file, --ploidy or --ploidy-file given, assuming all sites are diploid
[mpileup] 1 samples in 1 input files
[mpileup] maximum number of reads per input file set to -d 250
Note: applying IUPAC codes based on FORMAT/GT in sample results/graph_alignment/stage3_temp/27404at8782.bam
Applied 69 variants
Completed: 50235at8782 (0 variants)
Note: none of --samples-file, --ploidy or --ploidy-file given, assuming all sites are diploid
[mpileup] 1 samples in 1 input files
[mpileup] maximum number of reads per input file set to -d 250
Completed: 51669at8782 (19 variants)
Note: none of --samples-file, --ploidy or --ploidy-file given, assuming all sites are diploid
[mpileup] 1 samples in 1 input files
[mpileup] maximum number of reads per input file set to -d 250
Note: applying IUPAC codes based on FORMAT/GT in sample results/graph_alignment/stage3_temp/51669at8782.bam
Applied 19 variants
Completed: 13332at8782 (100 variants)
[mpileup] 1 samples in 1 input files
Note: none of --samples-file, --ploidy or --ploidy-file given, assuming all sites are diploid
[mpileup] maximum number of reads per input file set to -d 250
Note: applying IUPAC codes based on FORMAT/GT in sample results/graph_alignment/stage3_temp/13332at8782.bam
Applied 100 variants
Completed: 34445at8782 (61 variants)
Note: none of --samples-file, --ploidy or --ploidy-file given, assuming all sites are diploid
[mpileup] 1 samples in 1 input files
[mpileup] maximum number of reads per input file set to -d 250
Note: applying IUPAC codes based on FORMAT/GT in sample results/graph_alignment/stage3_temp/34445at8782.bam
Applied 61 variants
Completed: 2912at8782 (152 variants)
Note: none of --samples-file, --ploidy or --ploidy-file given, assuming all sites are diploid
[mpileup] 1 samples in 1 input files
[mpileup] maximum number of reads per input file set to -d 250
Note: applying IUPAC codes based on FORMAT/GT in sample results/graph_alignment/stage3_temp/2912at8782.bam
Applied 152 variants
Completed: 25983at8782 (110 variants)
Note: none of --samples-file, --ploidy or --ploidy-file given, assuming all sites are diploid
[mpileup] 1 samples in 1 input files
[mpileup] maximum number of reads per input file set to -d 250
Note: applying IUPAC codes based on FORMAT/GT in sample results/graph_alignment/stage3_temp/25983at8782.bam
Applied 110 variants
Completed: 18618at8782 (81 variants)
[mpileup] 1 samples in 1 input files
Note: none of --samples-file, --ploidy or --ploidy-file given, assuming all sites are diploid
[mpileup] maximum number of reads per input file set to -d 250
Note: applying IUPAC codes based on FORMAT/GT in sample results/graph_alignment/stage3_temp/18618at8782.bam
Applied 81 variants
Completed: 22421at8782 (131 variants)
Note: none of --samples-file, --ploidy or --ploidy-file given, assuming all sites are diploid
[mpileup] 1 samples in 1 input files
[mpileup] maximum number of reads per input file set to -d 250
Note: applying IUPAC codes based on FORMAT/GT in sample results/graph_alignment/stage3_temp/22421at8782.bam
Applied 131 variants
Completed: 17370at8782 (83 variants)
Note: none of --samples-file, --ploidy or --ploidy-file given, assuming all sites are diploid
[mpileup] 1 samples in 1 input files
[mpileup] maximum number of reads per input file set to -d 250
Note: applying IUPAC codes based on FORMAT/GT in sample results/graph_alignment/stage3_temp/17370at8782.bam
Applied 83 variants
Completed: 27633at8782 (38 variants)
Note: none of --samples-file, --ploidy or --ploidy-file given, assuming all sites are diploid
[mpileup] 1 samples in 1 input files
[mpileup] maximum number of reads per input file set to -d 250
Note: applying IUPAC codes based on FORMAT/GT in sample results/graph_alignment/stage3_temp/27633at8782.bam
Applied 38 variants

===================================================================
STEP 3 Complete
Consensus sequences: 500
Protein sequences: 500
===================================================================
