reference	ref_length	mean_coverage	std_coverage	pct_covered
kraken:taxid|1000413	803281	0.00	0.05	0.05
kraken:taxid|1001283	19746	0.02	0.50	0.15
kraken:taxid|1001332	92672	0.11	3.67	0.33
kraken:taxid|1001915	16601	0.01	0.11	0.42
kraken:taxid|1001917	16568	0.00	0.09	0.22
kraken:taxid|1001925	16615	0.00	0.09	0.19
kraken:taxid|100306	16857	0.01	0.17	0.18
kraken:taxid|1003335	46308	0.01	0.46	0.24
kraken:taxid|100367	41446	0.05	0.94	0.87
kraken:taxid|1003758	16708	0.00	0.08	0.16
kraken:taxid|1003843	17892	0.01	0.23	0.22
kraken:taxid|100678	15587	0.00	0.04	0.13
kraken:taxid|1007502	30117	0.39	3.72	5.44
kraken:taxid|100756	72961	0.01	0.19	0.17
kraken:taxid|100816	45590	0.25	1.77	5.20
kraken:taxid|100828	16688	0.01	0.24	0.24
kraken:taxid|100858	16960	0.28	6.07	0.64
kraken:taxid|100859	16795	0.04	0.55	0.64
kraken:taxid|1008807	51458	0.01	0.38	0.22
kraken:taxid|1008900	750457	0.00	0.04	0.03
kraken:taxid|100945	16530	0.53	8.56	1.02
kraken:taxid|101011	283031	0.00	0.02	0.01
kraken:taxid|101014	290970	0.00	0.06	0.01
kraken:taxid|101028	110525	0.00	0.02	0.06
kraken:taxid|10105	16307	0.01	0.16	0.41
kraken:taxid|10116	16313	0.01	0.12	0.36
kraken:taxid|101162	124887	0.06	2.41	0.43
kraken:taxid|101201	29999	0.00	0.05	0.24
kraken:taxid|101317	16244	0.02	0.56	0.16
kraken:taxid|101699	17093	0.00	0.04	0.18
kraken:taxid|10181	16386	0.01	0.13	0.20
kraken:taxid|101852	45501	0.04	0.40	1.12
kraken:taxid|101920	43517	0.00	0.03	0.07
kraken:taxid|102107	535727	0.00	0.02	0.03
kraken:taxid|10212	15433	0.00	0.08	0.17
kraken:taxid|102233	16417	0.15	3.61	0.37
kraken:taxid|102404	16829	0.03	0.77	0.35
kraken:taxid|1026954	256961	0.00	0.10	0.07
kraken:taxid|102772	286160	0.01	0.12	0.23
kraken:taxid|1027831	15251	0.00	0.04	0.17
kraken:taxid|102827	19144	0.00	0.11	0.14
kraken:taxid|102876	16135	0.01	0.13	0.18
kraken:taxid|1030472	16007	0.01	0.25	0.17
kraken:taxid|1031547	9406	3.17	55.98	0.35
kraken:taxid|1032456	14282	0.01	0.13	0.19
kraken:taxid|1032745	45831	0.02	0.33	0.34
kraken:taxid|1034303	29298	0.18	2.45	4.56
kraken:taxid|1034304	29100	0.08	0.79	4.03
kraken:taxid|1034331	23497	0.00	0.03	0.11
kraken:taxid|103435	17602	0.02	0.38	0.18
kraken:taxid|1034756	16516	3.21	78.53	0.33
kraken:taxid|1036011	15357	0.04	0.84	0.26
kraken:taxid|103713	25508	0.01	0.16	0.10
kraken:taxid|1037239	15755	0.01	0.20	0.23
kraken:taxid|103827	13668	0.00	0.04	0.19
kraken:taxid|103956	16967	0.01	0.08	0.60
kraken:taxid|103999	403704	0.00	0.41	0.07
kraken:taxid|1040649	163380	0.01	0.47	0.31
kraken:taxid|1040955	17119	0.01	0.13	0.19
kraken:taxid|104198	80736	0.00	0.06	0.07
kraken:taxid|1042133	58093	0.00	0.02	0.05
kraken:taxid|104537	69465	0.00	0.10	0.06
kraken:taxid|1046848	17313	0.00	0.08	0.16
kraken:taxid|104688	15815	0.00	0.04	0.13
kraken:taxid|104691	15865	0.01	0.17	0.18
kraken:taxid|1047171	43964	0.07	0.50	2.57
kraken:taxid|1049057	18624	0.01	0.19	0.14
kraken:taxid|1050842	16605	0.00	0.04	0.17
kraken:taxid|1051321	16167	0.17	4.15	0.20
kraken:taxid|1051451	15933	0.00	0.04	0.19
kraken:taxid|1051616	26139	0.04	0.49	1.16
kraken:taxid|1051621	16476	0.02	0.39	0.19
kraken:taxid|1051997	17971	0.45	10.56	0.61
kraken:taxid|1052852	130507	0.03	1.06	0.27
kraken:taxid|105297	16269	0.00	0.06	0.37
kraken:taxid|1053340	1002696	0.00	0.03	0.01
kraken:taxid|105427	17478	0.01	0.13	0.41
kraken:taxid|105608	25165	0.10	2.95	0.12
kraken:taxid|105714	37686	0.41	3.04	3.15
kraken:taxid|105859	16156	0.00	0.09	0.33
kraken:taxid|106224	16913	0.01	0.27	0.20
kraken:taxid|106386	17162	0.00	0.04	0.19
kraken:taxid|1064604	17109	0.91	13.57	0.98
kraken:taxid|106567	385869	0.00	0.02	0.04
kraken:taxid|1069201	31228	0.39	2.36	6.37
kraken:taxid|1069709	15632	0.01	0.07	0.51
kraken:taxid|1070780	33348	3.98	17.49	17.15
kraken:taxid|1072502	15374	0.00	0.04	0.20
kraken:taxid|1073559	15935	0.00	0.04	0.20
kraken:taxid|107362	383969	0.01	0.75	0.37
kraken:taxid|107377	16919	0.08	1.11	0.74
kraken:taxid|107380	16705	0.00	0.09	0.20
kraken:taxid|1076256	122167	0.00	0.09	0.27
kraken:taxid|1077358	98533	0.07	0.86	1.37
kraken:taxid|1078248	16252	0.01	0.21	0.17
kraken:taxid|1078267	15199	0.04	0.81	0.39
kraken:taxid|1078808	15299	0.01	0.18	0.20
kraken:taxid|107881	16336	0.00	0.12	0.16
kraken:taxid|1078812	15626	0.00	0.08	0.18
kraken:taxid|1078885	16796	0.01	0.15	0.24
kraken:taxid|1079084	107186	0.00	0.21	0.04
kraken:taxid|1079087	106809	0.00	0.17	0.06
kraken:taxid|1079090	107215	0.00	0.13	0.13
kraken:taxid|1079933	15585	0.00	0.08	0.17
kraken:taxid|1080924	16661	0.00	0.04	0.20
kraken:taxid|108094	13950	0.03	0.51	0.56
kraken:taxid|1085627	15384	0.03	0.67	0.39
kraken:taxid|1085956	32954	0.00	0.06	0.08
kraken:taxid|1086102	15330	0.01	0.22	0.20
kraken:taxid|1086104	15196	0.00	0.05	0.20
kraken:taxid|1086110	16349	0.03	0.75	0.19
kraken:taxid|1086114	15423	0.01	0.14	0.38
kraken:taxid|1086150	15361	0.01	0.18	0.20
kraken:taxid|1087604	15825	1.38	36.27	1.19
kraken:taxid|1087605	15885	0.02	0.28	0.33
kraken:taxid|1087657	15387	0.00	0.05	0.25
kraken:taxid|1088141	15345	0.01	0.26	0.36
kraken:taxid|1088287	15318	0.01	0.14	0.22
kraken:taxid|108852	16770	0.02	0.28	0.55
kraken:taxid|1088818	672872	0.00	0.05	0.08
kraken:taxid|108901	144970	0.06	4.11	0.06
kraken:taxid|1089818	84295	0.14	4.59	0.74
kraken:taxid|109008	15296	0.00	0.04	0.17
kraken:taxid|109010	15293	0.01	0.17	0.71
kraken:taxid|109013	15296	0.01	0.15	0.24
kraken:taxid|109015	15295	0.00	0.04	0.17
kraken:taxid|109020	15301	0.01	0.10	0.38
kraken:taxid|109044	16692	0.00	0.12	0.18
kraken:taxid|1090881	20370	0.00	0.10	0.16
kraken:taxid|109290	16525	0.01	0.13	0.19
kraken:taxid|109296	16361	0.01	0.17	0.21
kraken:taxid|1093616	17208	0.00	0.09	0.20
kraken:taxid|109390	16773	0.01	0.20	0.45
kraken:taxid|1094199	17077	0.02	0.29	0.61
kraken:taxid|109454	16727	0.00	0.08	0.17
kraken:taxid|109461	16476	0.00	0.04	0.16
kraken:taxid|1095183	43486	0.02	0.27	0.67
kraken:taxid|109609	14817	0.00	0.04	0.20
kraken:taxid|109634	161145	0.04	1.89	0.36
kraken:taxid|109699	16485	0.07	1.44	0.44
kraken:taxid|109741	16313	0.02	0.50	0.17
kraken:taxid|1100830	15747	0.00	0.04	0.17
kraken:taxid|110109	19053	0.01	0.19	0.16
kraken:taxid|1104243	16601	0.00	0.04	0.18
kraken:taxid|1104407	42608	0.01	0.09	0.71
kraken:taxid|1105340	23794	0.16	2.39	1.11
kraken:taxid|110576	30041	0.02	0.25	0.97
kraken:taxid|110668	18959	0.01	0.17	0.57
kraken:taxid|110763	93473	0.01	0.15	0.25
kraken:taxid|1108005	17517	0.01	0.11	0.28
kraken:taxid|110926	16728	0.00	0.12	0.16
kraken:taxid|111132	17702	0.01	0.16	0.16
kraken:taxid|1112382	14205	0.00	0.04	0.18
kraken:taxid|1112448	14156	0.00	0.04	0.19
kraken:taxid|1112466	14325	0.01	0.13	0.20
kraken:taxid|1112836	16903	0.00	0.04	0.18
kraken:taxid|111452	17484	0.00	0.06	0.34
kraken:taxid|111463	62483	0.12	2.43	0.67
kraken:taxid|1114780	15747	0.00	0.08	0.17
kraken:taxid|1115533	37765	0.00	0.04	0.17
kraken:taxid|111670	59116	0.00	0.05	0.26
kraken:taxid|111810	17555	0.01	0.15	0.38
kraken:taxid|111821	18632	0.01	0.13	0.31
kraken:taxid|1118519	17089	0.00	0.04	0.20
kraken:taxid|1118560	16781	0.04	0.48	0.58
kraken:taxid|111863	15778	0.00	0.09	0.19
kraken:taxid|1118817	16660	0.00	0.04	0.19
kraken:taxid|112090	49489	0.00	0.19	0.12
kraken:taxid|112162	16635	0.00	0.04	0.16
kraken:taxid|112267	15429	0.00	0.04	0.17
kraken:taxid|1123824	16707	0.00	0.08	0.18
kraken:taxid|1124550	16444	0.04	1.06	0.23
kraken:taxid|1125678	18182	0.00	0.08	0.16
kraken:taxid|112612	33027	0.00	0.03	0.11
kraken:taxid|1126715	15640	0.00	0.04	0.17
kraken:taxid|1126719	15477	0.01	0.25	0.26
kraken:taxid|1126725	15550	0.01	0.22	0.48
kraken:taxid|112863	413881	0.02	0.40	0.62
kraken:taxid|113049	15475	0.00	0.05	0.27
kraken:taxid|113071	143271	0.00	0.07	0.13
kraken:taxid|113103	16612	0.01	0.26	0.25
kraken:taxid|1131944	16527	0.02	0.45	0.32
kraken:taxid|113210	454165	0.04	0.53	0.86
kraken:taxid|1132478	16739	0.29	5.39	0.49
kraken:taxid|113276	16583	0.01	0.13	0.19
kraken:taxid|113277	16710	0.00	0.09	0.19
kraken:taxid|1133302	143664	0.00	0.01	0.02
kraken:taxid|113602	94261	0.01	0.23	0.22
kraken:taxid|113636	783442	0.00	0.01	0.00
kraken:taxid|1136799	16574	0.01	0.22	0.19
kraken:taxid|1136883	34709	0.00	0.06	0.10
kraken:taxid|1137640	15132	0.09	1.88	0.24
kraken:taxid|1140402	99386	0.01	0.11	0.41
kraken:taxid|114155	65621	0.00	0.10	0.28
kraken:taxid|1142236	16514	0.00	0.04	0.19
kraken:taxid|114276	17003	0.98	9.50	3.10
kraken:taxid|1143072	17278	0.01	0.20	0.16
kraken:taxid|1143114	18985	0.00	0.04	0.14
kraken:taxid|1143185	33299	0.06	1.64	0.20
kraken:taxid|114331	17089	0.55	4.46	5.84
kraken:taxid|114383	17035	0.21	2.77	2.24
kraken:taxid|114505	16975	0.00	0.04	0.15
kraken:taxid|114524	72095	0.02	0.85	0.18
kraken:taxid|114525	73485	0.02	0.73	0.44
kraken:taxid|114526	77380	0.01	0.26	0.20
kraken:taxid|114594	15908	0.12	2.25	0.93
kraken:taxid|1146932	14932	0.00	0.04	0.18
kraken:taxid|1146954	16490	0.00	0.04	0.16
kraken:taxid|114742	54989	0.00	0.06	0.35
kraken:taxid|1147743	16425	0.00	0.05	0.22
kraken:taxid|1150654	17421	0.01	0.17	0.34
kraken:taxid|1151444	178540	0.15	4.74	0.71
kraken:taxid|115272	15248	0.01	0.17	0.17
kraken:taxid|115334	15961	0.02	0.36	0.24
kraken:taxid|1155016	15363	0.00	0.05	0.21
kraken:taxid|1155129	34877	0.00	0.03	0.08
kraken:taxid|1156347	17875	0.01	0.12	0.17
kraken:taxid|1156456	102950	0.08	3.45	0.55
kraken:taxid|115648	17880	0.00	0.12	0.16
kraken:taxid|1156965	27694	0.02	0.36	0.29
kraken:taxid|115700	16966	0.00	0.07	0.49
kraken:taxid|115833	16295	0.00	0.04	0.17
kraken:taxid|1158787	15891	0.00	0.05	0.26
kraken:taxid|1158923	482114	0.01	0.18	0.19
kraken:taxid|1159701	16323	0.28	6.35	0.20
kraken:taxid|1160506	29192	0.07	0.70	2.86
kraken:taxid|116065	32351	0.00	0.05	0.06
kraken:taxid|1160851	16909	0.01	0.11	0.67
kraken:taxid|1160894	16883	0.00	0.04	0.20
kraken:taxid|1163344	16232	0.00	0.04	0.16
kraken:taxid|1163345	16298	0.01	0.20	0.20
kraken:taxid|1164558	18458	0.01	0.13	0.20
kraken:taxid|1165086	330962	0.00	0.03	0.04
kraken:taxid|1167592	60841	0.02	0.51	0.23
kraken:taxid|1167813	29253	0.37	11.41	0.75
kraken:taxid|1167814	43599	0.03	1.09	0.20
kraken:taxid|116794	75318	0.07	1.26	2.10
kraken:taxid|116851	17328	0.06	1.48	0.36
kraken:taxid|1168657	15184	0.00	0.08	0.17
kraken:taxid|116992	16818	0.03	0.81	0.18
kraken:taxid|117010	65087	2.57	109.21	0.67
kraken:taxid|117018	43328	0.01	0.09	0.41
kraken:taxid|1170321	15056	0.10	2.35	0.21
kraken:taxid|117066	99774	0.24	12.54	0.44
kraken:taxid|117070	126794	0.61	37.18	0.26
kraken:taxid|117165	16901	0.03	0.26	1.10
kraken:taxid|117179	59352	0.01	0.18	0.27
kraken:taxid|117187	53753	0.01	0.07	0.53
kraken:taxid|1173061	29008	0.17	0.85	4.63
kraken:taxid|1173714	67340	0.00	0.14	0.04
kraken:taxid|1174671	257290	1.67	138.91	0.35
kraken:taxid|1174673	272238	0.09	6.57	0.32
kraken:taxid|117523	37399	0.00	0.03	0.08
kraken:taxid|1176341	15115	0.03	0.68	0.21
kraken:taxid|117820	126474	0.09	2.49	0.36
kraken:taxid|1178367	15368	0.00	0.04	0.20
kraken:taxid|118131	16647	0.02	0.31	0.26
kraken:taxid|118200	16840	0.02	0.47	0.21
kraken:taxid|118254	16073	0.04	0.90	0.17
kraken:taxid|118255	18365	0.00	0.04	0.17
kraken:taxid|1182648	15086	0.03	0.63	0.24
kraken:taxid|118266	33926	0.00	0.04	0.20
kraken:taxid|1183396	16475	0.00	0.08	0.18
kraken:taxid|1183399	16687	0.29	6.78	0.18
kraken:taxid|118357	802707	0.00	0.01	0.00
kraken:taxid|1185500	16312	0.07	1.67	0.18
kraken:taxid|118702	348585	0.00	0.06	0.10
kraken:taxid|1187023	16159	0.01	0.17	0.33
kraken:taxid|118785	16855	0.23	5.16	0.33
kraken:taxid|1188126	15213	0.00	0.04	0.17
kraken:taxid|1195128	2290019	0.08	12.78	0.05
kraken:taxid|119562	16437	0.01	0.16	0.16
kraken:taxid|1196223	16895	0.00	0.06	0.41
kraken:taxid|1196302	16894	0.01	0.25	0.17
kraken:taxid|1196305	16857	0.00	0.04	0.15
kraken:taxid|1196467	266735	0.00	0.01	0.02
kraken:taxid|119669	16326	0.00	0.08	0.16
kraken:taxid|119676	24105	0.16	1.86	1.93
kraken:taxid|119694	16508	0.00	0.08	0.18
kraken:taxid|1197313	15865	0.01	0.16	0.16
kraken:taxid|1198227	16246	0.01	0.21	0.18
kraken:taxid|1199184	14355	0.00	0.09	0.22
kraken:taxid|119927	64359	0.04	0.35	1.44
kraken:taxid|119954	391595	0.00	0.03	0.06
kraken:taxid|1200235	15701	0.74	16.96	0.36
kraken:taxid|1200249	15643	0.00	0.04	0.20
kraken:taxid|120091	14602	0.01	0.22	0.20
kraken:taxid|1201171	15630	0.01	0.19	0.50
kraken:taxid|120215	16576	0.00	0.04	0.16
kraken:taxid|1202772	46840	0.00	0.09	0.20
kraken:taxid|120508	18006	0.03	0.74	0.21
kraken:taxid|120570	16848	0.01	0.16	0.41
kraken:taxid|1205703	327921	0.00	0.26	0.06
kraken:taxid|1206065	16728	0.08	1.58	0.27
kraken:taxid|1208065	74423	0.49	20.78	0.28
kraken:taxid|1208345	117243	0.00	0.04	0.10
kraken:taxid|120870	15954	0.01	0.09	0.35
kraken:taxid|1209931	33950	0.00	0.06	0.09
kraken:taxid|1209934	30824	0.00	0.10	0.22
kraken:taxid|121045	39362	0.00	0.16	0.07
kraken:taxid|121082	535805	0.00	0.13	0.17
kraken:taxid|121088	241739	0.05	4.30	0.04
kraken:taxid|1211648	16581	0.00	0.04	0.17
kraken:taxid|121214	15400	0.00	0.09	0.21
kraken:taxid|121285	16188	0.00	0.09	0.19
kraken:taxid|1213857	36318	0.05	0.72	0.60
kraken:taxid|121492	18402	0.04	0.56	0.64
kraken:taxid|121494	20260	0.04	0.79	0.34
kraken:taxid|1217552	16143	0.01	0.28	0.16
kraken:taxid|121759	71335	0.31	8.12	1.33
kraken:taxid|1217618	16138	0.01	0.10	0.39
kraken:taxid|1220309	16986	0.00	0.08	0.16
kraken:taxid|122218	395542	0.00	0.04	0.03
kraken:taxid|122310	900031	0.00	0.11	0.11
kraken:taxid|1223488	14394	0.01	0.10	0.30
kraken:taxid|1223490	15589	0.00	0.04	0.18
kraken:taxid|122368	27789	0.24	1.34	7.64
kraken:taxid|1223897	15551	0.00	0.07	0.44
kraken:taxid|1225177	41379	0.03	0.40	0.71
kraken:taxid|1226010	30906	0.94	8.66	6.99
kraken:taxid|1227364	37405	0.05	1.55	0.32
kraken:taxid|122765	16557	0.00	0.05	0.24
kraken:taxid|1229496	15216	0.00	0.04	0.18
kraken:taxid|1229843	19312	0.16	1.96	0.84
kraken:taxid|1230761	16040	0.00	0.08	0.16
kraken:taxid|1231344	16823	0.00	0.04	0.17
kraken:taxid|1232061	15376	0.01	0.13	0.18
kraken:taxid|1233216	16677	0.01	0.18	0.37
kraken:taxid|1233435	56044	0.00	0.09	0.19
kraken:taxid|123379	17023	1.17	10.18	4.78
kraken:taxid|1236707	16954	0.00	0.08	0.16
kraken:taxid|1236722	15281	0.10	2.47	0.17
kraken:taxid|123737	16584	0.02	0.28	0.45
kraken:taxid|123797	16552	0.00	0.08	0.16
kraken:taxid|1238391	195026	0.00	0.06	0.10
kraken:taxid|1240562	16461	0.01	0.18	0.19
kraken:taxid|1240982	15331	0.01	0.17	0.37
kraken:taxid|1242752	14960	0.00	0.04	0.17
kraken:taxid|1243175	16495	0.00	0.09	0.22
kraken:taxid|1245213	15637	0.00	0.08	0.18
kraken:taxid|1245649	265604	0.00	0.21	0.09
kraken:taxid|1247161	16624	0.10	1.78	0.60
kraken:taxid|1247388	16123	0.00	0.04	0.17
kraken:taxid|1247861	23567	0.16	3.03	1.26
kraken:taxid|1248153	15205	0.02	0.39	0.19
kraken:taxid|125058	16671	0.22	5.28	0.17
kraken:taxid|125286	16802	0.03	0.64	0.18
kraken:taxid|125294	16796	0.00	0.04	0.15
kraken:taxid|1254967	15348	0.00	0.04	0.17
kraken:taxid|1254969	15899	0.00	0.12	0.16
kraken:taxid|1255173	13680	0.06	0.65	1.64
kraken:taxid|1257098	14789	0.00	0.05	0.21
kraken:taxid|1257147	24945	0.06	0.38	3.34
kraken:taxid|1258644	16361	0.00	0.04	0.17
kraken:taxid|1261036	15746	0.00	0.08	0.17
kraken:taxid|1261582	25337	0.01	0.13	0.52
kraken:taxid|1262161	37023	0.00	0.03	0.07
kraken:taxid|1262671	37341	0.00	0.05	0.07
kraken:taxid|126356	17201	0.01	0.13	0.20
kraken:taxid|126418	535692	0.01	0.24	0.29
kraken:taxid|126429	658522	0.02	0.28	0.57
kraken:taxid|1264638	15355	0.05	1.06	0.21
kraken:taxid|1264641	15589	0.00	0.04	0.17
kraken:taxid|126655	17825	0.00	0.04	0.15
kraken:taxid|1266862	16519	0.00	0.04	0.18
kraken:taxid|1267209	372339	0.01	1.41	0.02
kraken:taxid|126820	447106	0.00	0.01	0.01
kraken:taxid|126827	17413	0.01	0.10	0.38
kraken:taxid|126857	16208	0.03	0.56	0.30
kraken:taxid|126859	17389	0.01	0.14	0.21
kraken:taxid|126865	16748	0.15	2.21	0.81
kraken:taxid|126871	17065	0.01	0.08	0.61
kraken:taxid|126911	475396	0.02	0.51	0.68
kraken:taxid|127003	14681	0.02	0.45	0.22
kraken:taxid|127258	15192	0.02	0.37	0.21
kraken:taxid|1273117	16063	0.00	0.05	0.27
kraken:taxid|127404	16183	0.00	0.08	0.17
kraken:taxid|127405	16236	0.03	0.80	0.20
kraken:taxid|127406	15551	0.00	0.05	0.21
kraken:taxid|127563	24009	0.00	0.05	0.23
kraken:taxid|1277749	16960	0.01	0.14	0.21
kraken:taxid|1278899	35763	0.01	0.19	0.28
kraken:taxid|1279004	16558	0.01	0.17	0.36
kraken:taxid|127929	16845	0.01	0.22	0.20
kraken:taxid|1280432	15410	0.01	0.13	0.40
kraken:taxid|1281577	41938	0.00	0.04	0.18
kraken:taxid|1282961	16727	0.01	0.12	0.17
kraken:taxid|128390	16732	0.09	0.85	1.57
kraken:taxid|1284215	16443	0.00	0.06	0.33
kraken:taxid|128449	15337	0.01	0.13	0.46
kraken:taxid|1286318	106358	0.00	0.04	0.04
kraken:taxid|128735	270143	0.00	0.01	0.01
kraken:taxid|1288119	92107	0.29	16.29	0.33
kraken:taxid|128967	16454	0.02	0.35	0.19
kraken:taxid|128968	14938	0.81	16.60	0.26
kraken:taxid|1290591	59014	0.08	2.02	0.53
kraken:taxid|129105	16022	0.01	0.22	0.23
kraken:taxid|1291224	15370	0.01	0.18	0.20
kraken:taxid|1291247	14991	0.02	0.28	0.36
kraken:taxid|1291384	16449	0.02	0.37	0.32
kraken:taxid|129247	16282	0.00	0.05	0.21
kraken:taxid|12930	18853	0.01	0.16	0.34
kraken:taxid|129350	41297	0.01	0.07	0.53
kraken:taxid|129355	38507	0.00	0.12	0.21
kraken:taxid|129452	15005	0.02	0.34	0.25
kraken:taxid|1295081	15714	0.00	0.04	0.17
kraken:taxid|1295181	52184	0.01	0.19	0.24
kraken:taxid|129524	34094	0.02	0.40	0.74
kraken:taxid|1296548	16719	0.06	1.01	0.41
kraken:taxid|1299298	16156	0.04	0.71	0.51
kraken:taxid|12993	15949	0.00	0.04	0.19
kraken:taxid|13006	1108460	0.00	0.10	0.14
kraken:taxid|130081	21428	0.01	0.23	0.57
kraken:taxid|1302145	16893	0.01	0.08	0.65
kraken:taxid|1302316	16836	0.00	0.04	0.17
kraken:taxid|1302777	16663	0.00	0.04	0.17
kraken:taxid|130285	403806	0.24	28.79	0.02
kraken:taxid|1303443	76558	0.04	0.40	1.37
kraken:taxid|1303587	67437	0.08	3.46	0.77
kraken:taxid|13037	15314	0.00	0.04	0.17
kraken:taxid|1304780	15328	0.00	0.04	0.18
kraken:taxid|130512	412026	0.00	0.07	0.12
kraken:taxid|1305651	16221	0.01	0.16	0.16
kraken:taxid|130583	15971	0.15	3.31	0.38
kraken:taxid|130616	15553	0.08	1.91	0.17
kraken:taxid|130627	16016	0.00	0.04	0.13
kraken:taxid|130630	15457	0.15	3.32	0.52
kraken:taxid|1306428	15166	0.18	4.24	0.22
kraken:taxid|130648	16019	0.83	20.17	0.34
kraken:taxid|1308479	15536	0.03	0.65	0.19
kraken:taxid|1308480	16121	0.02	0.32	0.52
kraken:taxid|1308491	15196	0.00	0.05	0.22
kraken:taxid|1308599	16330	0.00	0.05	0.28
kraken:taxid|1309042	16182	0.02	0.48	0.17
kraken:taxid|1309151	16085	0.00	0.08	0.16
kraken:taxid|1309217	16054	0.01	0.17	0.17
kraken:taxid|1309234	16148	0.01	0.33	0.17
kraken:taxid|1309317	16083	0.01	0.13	0.18
kraken:taxid|1309363	16149	0.01	0.09	0.76
kraken:taxid|1309380	16212	0.00	0.08	0.17
kraken:taxid|130991	61645	0.01	0.22	0.27
kraken:taxid|13142	15436	0.44	8.62	0.34
kraken:taxid|13146	18193	0.00	0.10	0.25
kraken:taxid|131541	58585	0.01	0.22	0.25
kraken:taxid|13180	16781	0.00	0.09	0.19
kraken:taxid|1318717	1325814	0.00	0.56	0.03
kraken:taxid|1318718	935732	0.00	0.06	0.01
kraken:taxid|13191	15202	0.00	0.04	0.18
kraken:taxid|132186	49705	0.00	0.02	0.06
kraken:taxid|132259	29736	0.17	1.17	4.97
kraken:taxid|1323754	116310	0.00	0.02	0.05
kraken:taxid|132389	13641	1.00	20.49	0.24
kraken:taxid|13245	16854	0.21	4.43	0.23
kraken:taxid|13286	15913	0.00	0.04	0.19
kraken:taxid|13291	115162	0.00	0.08	0.06
kraken:taxid|1329480	14554	0.01	0.13	0.40
kraken:taxid|1329481	14477	0.00	0.08	0.18
kraken:taxid|1330343	39325	0.00	0.11	0.15
kraken:taxid|133065	24090	0.00	0.07	0.12
kraken:taxid|133082	15640	0.40	9.36	0.22
kraken:taxid|1332184	15354	0.10	2.18	0.56
kraken:taxid|1332185	14655	0.78	18.37	0.66
kraken:taxid|1335017	37617	0.00	0.09	0.08
kraken:taxid|13353	16506	0.00	0.09	0.18
kraken:taxid|13368	30058	0.03	0.65	0.26
kraken:taxid|1337138	15361	0.02	0.54	0.35
kraken:taxid|1339972	36644	0.02	0.31	0.34
kraken:taxid|1340010	35855	0.03	0.46	0.88
kraken:taxid|1341201	49363	0.01	0.15	0.27
kraken:taxid|13427	306009	0.28	29.15	0.06
kraken:taxid|13429	900894	0.01	0.94	0.02
kraken:taxid|1343345	16439	0.17	4.07	0.18
kraken:taxid|134526	803609	0.00	0.08	0.09
kraken:taxid|134558	55918	0.00	0.04	0.05
kraken:taxid|1346269	15377	0.01	0.21	0.45
kraken:taxid|1346812	64279	0.01	0.14	0.26
kraken:taxid|1348077	15030	0.01	0.15	0.25
kraken:taxid|134933	23035	0.01	0.18	0.13
kraken:taxid|1350006	115473	0.00	0.13	0.23
kraken:taxid|1350454	14990	0.00	0.05	0.21
kraken:taxid|135165	17205	0.03	0.76	0.37
kraken:taxid|135176	18295	0.11	3.01	0.15
kraken:taxid|135184	16998	0.00	0.04	0.18
kraken:taxid|135208	86407	0.03	0.90	0.23
kraken:taxid|135430	17855	0.00	0.05	0.27
kraken:taxid|13551	16369	0.07	1.62	0.27
kraken:taxid|135595	15013	0.00	0.04	0.18
kraken:taxid|13563	108878	0.00	0.17	0.09
kraken:taxid|135651	14212	0.01	0.18	0.21
kraken:taxid|135833	33514	0.01	0.32	0.18
kraken:taxid|136089	47328	0.02	0.34	0.98
kraken:taxid|13612	773377	0.00	0.01	0.01
kraken:taxid|136204	279265	0.02	1.10	0.28
kraken:taxid|136281	76322	0.06	1.34	0.63
kraken:taxid|13632	15945	0.02	0.28	0.48
kraken:taxid|13642	47653	0.16	2.60	0.64
kraken:taxid|1364862	16803	0.00	0.05	0.21
kraken:taxid|1367338	15859	0.01	0.13	0.32
kraken:taxid|13674	1101768	0.00	0.06	0.03
kraken:taxid|13715	856059	0.00	0.07	0.08
kraken:taxid|137221	302993	0.00	0.02	0.04
kraken:taxid|1373157	15346	0.01	0.25	0.18
kraken:taxid|13750	459678	0.01	0.42	0.05
kraken:taxid|137541	17112	0.17	1.44	2.35
kraken:taxid|1375902	15374	0.00	0.08	0.17
kraken:taxid|1376450	15904	0.00	0.05	0.22
kraken:taxid|1378109	15928	0.01	0.24	0.16
kraken:taxid|1378264	46416	0.00	0.11	0.25
kraken:taxid|138025	698138	0.00	0.04	0.04
kraken:taxid|13805	141276	0.00	0.05	0.06
kraken:taxid|1380851	16927	0.06	1.36	0.17
kraken:taxid|13813	184908	0.00	0.04	0.02
kraken:taxid|1381934	41693	0.44	2.38	7.51
kraken:taxid|1381935	45405	0.51	2.56	8.44
kraken:taxid|1382212	17362	0.01	0.21	0.18
kraken:taxid|138285	39268	1.23	7.69	12.83
kraken:taxid|138550	16737	0.00	0.09	0.19
kraken:taxid|138705	16661	0.12	2.62	0.21
kraken:taxid|1387563	50704	0.59	6.90	3.19
kraken:taxid|1389228	21792	0.02	0.32	0.32
kraken:taxid|13894	678653	0.00	0.19	0.11
kraken:taxid|1390563	15306	0.00	0.05	0.22
kraken:taxid|1390634	16585	0.00	0.04	0.19
kraken:taxid|1391043	49474	0.01	0.16	0.18
kraken:taxid|1391560	15814	0.01	0.24	0.16
kraken:taxid|139386	53885	0.01	0.14	0.35
kraken:taxid|1394546	15255	0.01	0.13	0.20
kraken:taxid|1395098	15152	0.01	0.13	0.18
kraken:taxid|139543	16188	0.01	0.19	0.18
kraken:taxid|139721	16662	0.01	0.11	0.29
kraken:taxid|139723	15364	0.00	0.04	0.19
kraken:taxid|1397537	16054	0.11	2.69	0.26
kraken:taxid|139833	179081	0.00	0.10	0.04
kraken:taxid|139869	13991	0.02	0.42	0.24
kraken:taxid|140003	104497	0.00	0.13	0.07
kraken:taxid|1404354	15805	0.13	3.14	0.45
kraken:taxid|140446	16693	0.01	0.21	0.27
kraken:taxid|140453	13338	0.00	0.04	0.20
kraken:taxid|1405805	53882	8.50	31.53	48.36
kraken:taxid|140628	106795	0.00	0.15	0.07
kraken:taxid|140635	99864	0.00	0.17	0.08
kraken:taxid|140636	104636	0.00	0.13	0.04
kraken:taxid|140661	452158	0.00	0.02	0.01
kraken:taxid|1411623	40432	0.07	2.04	0.65
kraken:taxid|141186	333948	0.00	0.05	0.04
kraken:taxid|141464	17432	0.00	0.07	0.49
kraken:taxid|1414657	15064	0.01	0.13	0.19
kraken:taxid|1414807	15563	0.00	0.04	0.20
kraken:taxid|1415246	15282	0.00	0.06	0.37
kraken:taxid|1416932	18577	0.00	0.12	0.15
kraken:taxid|1416941	152089	0.02	1.15	0.17
kraken:taxid|1417004	14597	0.85	19.91	0.61
kraken:taxid|141716	60883	0.03	0.54	0.45
kraken:taxid|1417366	15615	0.00	0.04	0.13
kraken:taxid|1417367	15365	0.00	0.08	0.17
kraken:taxid|1417370	15236	0.00	0.06	0.35
kraken:taxid|141829	14241	0.02	0.38	0.18
kraken:taxid|141836	18894	0.01	0.15	0.55
kraken:taxid|1418666	15408	0.01	0.17	0.18
kraken:taxid|1418783	15526	0.00	0.04	0.19
kraken:taxid|1423826	17211	0.01	0.18	0.20
kraken:taxid|1424640	25071	9.38	271.09	0.12
kraken:taxid|1425170	16568	0.03	0.29	1.43
kraken:taxid|142658	16699	0.13	2.73	0.23
kraken:taxid|142660	16691	0.00	0.04	0.19
kraken:taxid|1426789	16642	0.16	3.46	0.22
kraken:taxid|1426864	15661	0.02	0.40	0.37
kraken:taxid|1426894	15472	0.01	0.23	0.22
kraken:taxid|1426897	15663	0.01	0.07	0.54
kraken:taxid|1426903	15459	0.21	5.12	0.17
kraken:taxid|1429820	14681	0.01	0.13	0.18
kraken:taxid|143017	100252	0.17	6.73	0.47
kraken:taxid|1430596	15340	0.00	0.04	0.17
kraken:taxid|1430715	15545	0.01	0.10	0.37
kraken:taxid|143163	34727	0.00	0.03	0.08
kraken:taxid|1432377	17470	0.01	0.15	0.15
kraken:taxid|143297	15781	0.00	0.08	0.17
kraken:taxid|143300	16602	0.00	0.05	0.25
kraken:taxid|143326	16473	0.00	0.09	0.18
kraken:taxid|143352	16904	0.00	0.04	0.20
kraken:taxid|143354	16719	0.00	0.04	0.16
kraken:taxid|143451	42644	0.01	0.15	0.71
kraken:taxid|143568	17620	0.00	0.04	0.19
kraken:taxid|1436140	46657	0.03	1.14	0.27
kraken:taxid|143630	17220	0.01	0.30	0.19
kraken:taxid|1437087	15330	0.10	2.37	0.22
kraken:taxid|1437250	15131	0.00	0.09	0.20
kraken:taxid|143885	61314	0.01	0.37	0.11
kraken:taxid|1440115	46638	0.01	0.15	0.23
kraken:taxid|1442784	257378	0.00	0.12	0.11
kraken:taxid|1443144	53464	0.01	0.16	0.30
kraken:taxid|1443565	16705	0.02	0.46	0.17
kraken:taxid|144551	35035	0.00	0.09	0.25
kraken:taxid|144766	14128	0.01	0.17	0.19
kraken:taxid|1449814	15575	0.00	0.09	0.21
kraken:taxid|1449818	15563	0.00	0.04	0.18
kraken:taxid|1453155	15209	0.00	0.04	0.18
kraken:taxid|1453194	16882	0.01	0.16	0.16
kraken:taxid|1453199	15654	0.01	0.13	0.20
kraken:taxid|1453305	16126	0.24	3.61	0.95
kraken:taxid|1453440	15354	0.01	0.16	0.17
kraken:taxid|145471	219747	0.02	1.71	0.03
kraken:taxid|145475	49343	3.44	117.58	0.40
kraken:taxid|145522	38057	0.00	0.06	0.18
kraken:taxid|1458650	15659	0.00	0.09	0.19
kraken:taxid|145882	15432	0.01	0.12	0.17
kraken:taxid|1458866	48049	0.01	0.15	0.32
kraken:taxid|145971	36554	0.00	0.08	0.08
kraken:taxid|1460501	16625	0.01	0.20	0.16
kraken:taxid|146096	343746	0.00	0.08	0.05
kraken:taxid|1461108	16818	0.00	0.08	0.15
kraken:taxid|1461354	15572	0.00	0.09	0.19
kraken:taxid|146143	16544	0.26	6.16	0.18
kraken:taxid|1461542	36041	0.02	0.28	0.38
kraken:taxid|1461544	38736	0.01	0.15	0.15
kraken:taxid|1463941	16816	0.00	0.06	0.36
kraken:taxid|1463946	16864	0.86	19.27	0.36
kraken:taxid|1464060	18919	0.18	3.78	0.68
kraken:taxid|1464891	15662	0.02	0.42	0.34
kraken:taxid|146584	103098	0.00	0.23	0.07
kraken:taxid|146777	89139	0.00	0.10	0.06
kraken:taxid|146995	208791	0.00	0.03	0.03
kraken:taxid|1471042	46559	0.00	0.04	0.19
kraken:taxid|1472349	15562	0.01	0.18	0.21
kraken:taxid|147273	469949	0.59	67.90	0.17
kraken:taxid|147464	17070	0.00	0.06	0.39
kraken:taxid|147466	17061	0.01	0.35	0.16
kraken:taxid|1477527	16912	0.01	0.31	0.15
kraken:taxid|147926	949915	0.00	0.07	0.02
kraken:taxid|1480100	15680	0.01	0.29	0.26
kraken:taxid|1480154	186196	0.00	0.01	0.02
kraken:taxid|148064	16655	0.00	0.04	0.17
kraken:taxid|148086	16707	0.01	0.24	0.16
kraken:taxid|1481661	17893	0.01	0.18	0.53
kraken:taxid|1481669	19212	0.00	0.06	0.31
kraken:taxid|1481751	15373	0.00	0.04	0.20
kraken:taxid|1486748	15907	0.00	0.08	0.16
kraken:taxid|1486872	120920	0.16	6.63	0.81
kraken:taxid|1487565	44653	0.01	0.21	0.09
kraken:taxid|148947	209034	0.01	0.62	0.20
kraken:taxid|1489483	39216	0.01	0.30	0.33
kraken:taxid|1490262	16708	0.02	0.38	0.39
kraken:taxid|1491472	29791	0.00	0.03	0.10
kraken:taxid|1491479	28668	0.01	0.25	0.13
kraken:taxid|1496258	17612	0.01	0.14	0.39
kraken:taxid|1497103	18436	0.00	0.12	0.15
kraken:taxid|1499728	15747	0.01	0.18	0.35
kraken:taxid|149978	16665	0.03	0.59	0.18
kraken:taxid|149986	16536	0.01	0.22	0.21
kraken:taxid|1499945	55369	0.00	0.04	0.05
kraken:taxid|150206	187475	0.02	0.76	0.21
kraken:taxid|1502171	15656	0.02	0.16	1.23
kraken:taxid|150224	56695	0.00	0.03	0.10
kraken:taxid|1502324	15538	0.00	0.04	0.17
kraken:taxid|150431	16105	0.00	0.04	0.17
kraken:taxid|150436	15767	0.01	0.17	0.18
kraken:taxid|1506151	30191	0.11	0.94	3.45
kraken:taxid|1506548	113475	0.00	0.02	0.02
kraken:taxid|1507972	15753	0.01	0.14	0.40
kraken:taxid|150914	16782	0.00	0.04	0.18
kraken:taxid|1510182	16445	0.00	0.04	0.17
kraken:taxid|151182	16247	0.00	0.09	0.18
kraken:taxid|151218	17582	0.01	0.16	0.16
kraken:taxid|151332	429732	0.02	2.35	0.01
kraken:taxid|151440	510187	0.00	0.02	0.01
kraken:taxid|1514856	15190	0.00	0.04	0.18
kraken:taxid|1514897	38143	2.42	4.09	50.79
kraken:taxid|151761	18909	0.01	0.18	0.39
kraken:taxid|151773	18851	11.28	257.02	0.23
kraken:taxid|1518448	17347	0.08	2.17	0.15
kraken:taxid|1518593	32357	0.04	0.51	1.01
kraken:taxid|1518595	39842	1.28	42.37	3.76
kraken:taxid|1519145	18372	26.75	624.62	0.23
kraken:taxid|1522369	43295	0.23	4.29	0.58
kraken:taxid|1523893	16833	0.00	0.04	0.18
kraken:taxid|1524498	15846	0.00	0.08	0.21
kraken:taxid|1524544	15904	0.05	1.21	0.16
kraken:taxid|1524606	15828	0.00	0.04	0.16
kraken:taxid|1524810	15198	0.01	0.13	0.18
kraken:taxid|1524811	15669	0.00	0.06	0.36
kraken:taxid|1524889	17036	0.01	0.13	0.35
kraken:taxid|1525196	15655	0.00	0.09	0.23
kraken:taxid|152539	16534	0.00	0.09	0.19
kraken:taxid|1526548	14580	0.51	10.63	1.28
kraken:taxid|1526552	15205	0.00	0.04	0.19
kraken:taxid|1526560	15272	0.00	0.06	0.36
kraken:taxid|1526741	16787	0.00	0.04	0.15
kraken:taxid|1527830	195825	0.07	2.21	0.25
kraken:taxid|1527831	198476	0.00	0.11	0.02
kraken:taxid|1529418	15917	0.00	0.08	0.16
kraken:taxid|152958	51980	0.02	0.49	0.28
kraken:taxid|152963	56008	0.03	0.45	0.48
kraken:taxid|1529658	15216	0.00	0.04	0.18
kraken:taxid|1531312	16158	0.01	0.12	0.17
kraken:taxid|153251	47586	0.01	0.13	0.20
kraken:taxid|153459	287626	0.00	0.10	0.02
kraken:taxid|1534972	39580	0.01	0.27	0.32
kraken:taxid|153609	109103	8.79	507.33	0.19
kraken:taxid|1539280	16849	0.00	0.05	0.21
kraken:taxid|1542591	15475	0.01	0.22	0.19
kraken:taxid|154293	52139	0.01	0.18	0.09
kraken:taxid|154344	78447	0.00	0.02	0.04
kraken:taxid|154539	38296	0.00	0.03	0.12
kraken:taxid|1546019	15812	0.00	0.04	0.18
kraken:taxid|1547579	16511	0.10	1.68	0.38
kraken:taxid|154764	513095	0.01	0.28	0.14
kraken:taxid|154798	15904	0.00	0.05	0.25
kraken:taxid|154970	74129	0.01	0.24	0.26
kraken:taxid|1550413	17354	0.01	0.17	0.18
kraken:taxid|1550555	15926	0.01	0.23	0.40
kraken:taxid|155086	17061	0.09	1.33	0.63
kraken:taxid|155173	16547	0.02	0.45	0.19
kraken:taxid|1553085	15555	0.07	0.35	4.47
kraken:taxid|1555244	15490	0.00	0.06	0.34
kraken:taxid|155675	74809	0.01	0.15	0.26
kraken:taxid|1557996	15266	0.01	0.17	0.48
kraken:taxid|155915	16584	0.02	0.27	0.81
kraken:taxid|1560150	15337	0.00	0.09	0.22
kraken:taxid|1560151	16049	0.01	0.12	0.21
kraken:taxid|1560203	15219	0.00	0.04	0.17
kraken:taxid|1560210	15271	0.01	0.27	0.20
kraken:taxid|1562130	16737	0.04	1.03	0.19
kraken:taxid|1562161	15536	0.01	0.13	0.20
kraken:taxid|1562163	38666	0.10	0.87	2.11
kraken:taxid|1562316	365168	1.07	109.37	0.03
kraken:taxid|1564103	15307	0.00	0.05	0.21
kraken:taxid|1564456	56901	0.01	0.61	0.05
kraken:taxid|1564500	16029	0.01	0.24	0.22
kraken:taxid|156561	16760	0.04	0.99	0.38
kraken:taxid|1566825	88194	0.00	0.04	0.04
kraken:taxid|1567482	29517	0.01	0.24	0.50
kraken:taxid|1567524	16553	0.00	0.04	0.19
kraken:taxid|156996	32021	0.00	0.12	0.16
kraken:taxid|1569972	16014	0.02	0.29	0.78
kraken:taxid|1570515	14930	0.01	0.17	0.17
kraken:taxid|157056	16100	0.00	0.07	0.47
kraken:taxid|157061	16562	0.01	0.19	0.53
kraken:taxid|157072	49061	0.01	0.25	0.36
kraken:taxid|1571107	95676	0.00	0.01	0.02
kraken:taxid|1571514	15859	0.01	0.12	0.17
kraken:taxid|1571525	16495	0.00	0.12	0.16
kraken:taxid|157363	21209	0.06	1.62	0.25
kraken:taxid|157409	426495	0.01	0.18	0.25
kraken:taxid|1577136	15878	0.00	0.08	0.18
kraken:taxid|1577200	15970	0.02	0.55	0.22
kraken:taxid|1577906	35509	2.16	29.38	2.82
kraken:taxid|157791	401262	0.00	0.06	0.01
kraken:taxid|157914	324124	0.00	0.21	0.11
kraken:taxid|1579976	230069	0.01	0.54	0.19
kraken:taxid|1579977	209513	0.03	1.47	0.15
kraken:taxid|158019	16208	0.00	0.04	0.16
kraken:taxid|158149	504515	0.00	0.09	0.13
kraken:taxid|1581554	16619	0.00	0.04	0.19
kraken:taxid|158443	18044	0.84	14.11	0.65
kraken:taxid|1585357	15093	0.71	15.20	0.30
kraken:taxid|1585466	56579	0.05	0.81	0.72
kraken:taxid|158587	16211	3.26	77.15	0.25
kraken:taxid|158605	99976	0.01	0.23	0.30
kraken:taxid|1589673	16179	0.00	0.04	0.16
kraken:taxid|1589740	15397	0.01	0.26	0.19
kraken:taxid|1589764	35079	0.12	0.65	5.45
kraken:taxid|159053	545150	0.00	0.57	0.01
kraken:taxid|1591021	17120	0.00	0.04	0.17
kraken:taxid|1593348	15741	0.01	0.24	0.17
kraken:taxid|15945	539368	0.00	0.05	0.04
kraken:taxid|159716	18858	0.01	0.26	0.14
kraken:taxid|1602346	16466	0.00	0.04	0.18
kraken:taxid|160290	51551	0.00	0.07	0.35
kraken:taxid|1603417	15785	0.14	3.15	0.22
kraken:taxid|1604128	16711	0.00	0.06	0.21
kraken:taxid|1606511	35545	0.01	0.17	0.36
kraken:taxid|1606672	16688	0.00	0.05	0.20
kraken:taxid|1606676	16636	0.00	0.09	0.21
kraken:taxid|1606680	16597	0.16	3.79	0.19
kraken:taxid|160761	16779	0.14	3.42	0.18
kraken:taxid|160766	16597	0.00	0.04	0.19
kraken:taxid|1608326	15060	0.00	0.06	0.37
kraken:taxid|160838	13498	0.00	0.09	0.22
kraken:taxid|1608523	40665	0.09	3.05	0.23
kraken:taxid|160860	189696	0.03	1.25	0.29
kraken:taxid|160864	47937	0.05	1.52	0.53
kraken:taxid|161013	15333	0.00	0.04	0.17
kraken:taxid|161058	15722	2.15	52.65	0.18
kraken:taxid|1610689	22376	0.11	1.01	2.49
kraken:taxid|161071	15710	0.13	3.23	0.17
kraken:taxid|1615824	15252	0.01	0.30	0.19
kraken:taxid|161649	16818	0.00	0.08	0.18
kraken:taxid|161653	16847	0.00	0.04	0.17
kraken:taxid|161676	17091	0.00	0.06	0.37
kraken:taxid|1618307	16793	0.00	0.04	0.16
kraken:taxid|161979	69325	0.01	0.32	0.18
kraken:taxid|161986	64034	9.56	369.29	0.35
kraken:taxid|161997	62785	0.00	0.05	0.10
kraken:taxid|162003	59208	0.48	20.73	0.22
kraken:taxid|162004	63890	0.00	0.04	0.05
kraken:taxid|162045	64169	0.48	22.40	0.20
kraken:taxid|162120	39087	0.01	0.11	0.36
kraken:taxid|1621551	16484	0.00	0.05	0.27
kraken:taxid|162317	38406	0.10	2.80	0.17
kraken:taxid|162325	16695	0.00	0.06	0.31
kraken:taxid|1628032	13920	0.00	0.04	0.19
kraken:taxid|1628817	16584	0.01	0.13	0.41
kraken:taxid|162998	15585	0.00	0.04	0.19
kraken:taxid|1630362	13655	0.04	0.79	0.23
kraken:taxid|163121	16872	0.00	0.10	0.23
kraken:taxid|163144	16534	0.02	0.49	0.17
kraken:taxid|1631986	15259	0.00	0.08	0.18
kraken:taxid|163232	20722	0.01	0.30	0.14
kraken:taxid|163304	90816	0.00	0.03	0.11
kraken:taxid|163317	87405	0.00	0.14	0.11
kraken:taxid|1634976	16039	0.00	0.05	0.26
kraken:taxid|1638174	13475	0.36	7.72	0.30
kraken:taxid|1638731	137790	0.02	1.00	0.12
kraken:taxid|1640932	313142	0.00	0.08	0.11
kraken:taxid|1642187	18752	0.00	0.04	0.17
kraken:taxid|1642465	37083	0.00	0.03	0.07
kraken:taxid|164324	16408	0.01	0.31	0.20
kraken:taxid|164328	39314	0.01	0.28	0.30
kraken:taxid|1643632	16525	0.01	0.25	0.18
kraken:taxid|164648	16595	0.01	0.17	0.34
kraken:taxid|164686	15876	0.00	0.07	0.13
kraken:taxid|164688	15843	0.00	0.08	0.20
kraken:taxid|1647520	16210	4.60	109.48	0.38
kraken:taxid|1649241	62514	0.00	0.07	0.09
kraken:taxid|1651263	16615	0.06	1.41	0.17
kraken:taxid|165200	772631	0.00	0.01	0.01
kraken:taxid|1652496	15282	0.00	0.05	0.22
kraken:taxid|165439	108865	0.08	2.39	0.42
kraken:taxid|165473	15268	0.00	0.05	0.22
kraken:taxid|165711	825163	0.00	0.01	0.01
kraken:taxid|165712	752501	0.00	0.02	0.02
kraken:taxid|165716	1022459	0.00	0.15	0.14
kraken:taxid|1658174	51744	1.67	15.42	3.33
kraken:taxid|1659837	64620	0.04	0.48	1.68
kraken:taxid|1659845	112060	0.00	0.12	0.07
kraken:taxid|166045	15513	0.00	0.08	0.17
kraken:taxid|166114	14968	4.41	103.44	0.26
kraken:taxid|166256	16479	0.00	0.04	0.19
kraken:taxid|1663117	15376	0.00	0.09	0.20
kraken:taxid|1664388	56935	0.10	1.76	1.27
kraken:taxid|1665410	16820	0.00	0.04	0.18
kraken:taxid|167043	17364	0.01	0.21	0.17
kraken:taxid|1670692	15385	0.00	0.08	0.17
kraken:taxid|1671211	16269	0.00	0.10	0.21
kraken:taxid|1672220	16736	0.00	0.04	0.16
kraken:taxid|167337	551622	0.00	0.04	0.06
kraken:taxid|167356	119110	0.01	0.25	0.14
kraken:taxid|167367	57388	0.01	0.24	0.14
kraken:taxid|167526	15968	0.00	0.08	0.16
kraken:taxid|1677011	15164	3.37	62.30	0.47
kraken:taxid|167791	437271	0.00	0.04	0.05
kraken:taxid|1678074	106343	0.00	0.15	0.11
kraken:taxid|1678292	14638	0.00	0.04	0.20
kraken:taxid|1678301	15354	0.00	0.06	0.35
kraken:taxid|1681221	14864	0.01	0.26	0.19
kraken:taxid|1681229	51088	0.02	0.22	0.64
kraken:taxid|168172	101521	0.01	0.13	0.22
kraken:taxid|1682381	35313	0.00	0.03	0.09
kraken:taxid|168639	17380	0.00	0.04	0.16
kraken:taxid|1688786	16875	0.02	0.38	0.35
kraken:taxid|1690101	38130	0.00	0.12	0.22
kraken:taxid|169388	62978	0.64	10.93	3.41
kraken:taxid|169489	38991	0.69	2.93	11.49
kraken:taxid|1697385	82136	0.00	0.02	0.03
kraken:taxid|1697387	75407	0.00	0.08	0.04
kraken:taxid|169774	37366	0.00	0.11	0.16
kraken:taxid|169851	17575	0.00	0.04	0.19
kraken:taxid|1701550	16551	1.50	37.78	0.16
kraken:taxid|170207	16561	0.00	0.05	0.21
kraken:taxid|170227	16718	0.01	0.13	0.36
kraken:taxid|1704320	15464	0.01	0.09	0.39
kraken:taxid|1706499	15626	0.00	0.04	0.17
kraken:taxid|170895	16407	0.01	0.07	0.51
kraken:taxid|1708998	16411	0.11	2.44	0.31
kraken:taxid|171266	16732	0.01	0.23	0.44
kraken:taxid|171270	16682	0.02	0.38	0.35
kraken:taxid|171273	16860	0.28	4.81	0.63
kraken:taxid|171275	16897	0.33	6.58	0.43
kraken:taxid|171277	16817	0.39	8.67	0.56
kraken:taxid|171406	17020	0.00	0.12	0.16
kraken:taxid|171416	16599	0.01	0.24	0.16
kraken:taxid|1716017	277718	0.00	0.02	0.03
kraken:taxid|1725373	15618	0.04	0.94	0.17
kraken:taxid|172621	32029	0.02	0.35	0.53
kraken:taxid|1727191	17456	0.01	0.15	0.15
kraken:taxid|172808	15842	0.00	0.04	0.16
kraken:taxid|172906	16521	0.01	0.19	0.24
kraken:taxid|172910	16596	0.00	0.05	0.22
kraken:taxid|172946	25775	0.00	0.07	0.12
kraken:taxid|172951	25531	0.00	0.03	0.12
kraken:taxid|172968	25272	0.00	0.07	0.12
kraken:taxid|172972	25734	0.00	0.07	0.12
kraken:taxid|172979	27036	0.00	0.03	0.09
kraken:taxid|172989	25348	0.00	0.10	0.11
kraken:taxid|173222	17923	0.20	5.08	0.15
kraken:taxid|173228	17929	0.00	0.04	0.20
kraken:taxid|1734477	16825	0.01	0.21	0.37
kraken:taxid|1734949	16244	0.12	2.70	0.22
kraken:taxid|1734960	16303	0.01	0.18	0.20
kraken:taxid|173542	25235	0.02	0.74	0.11
kraken:taxid|1735648	15613	0.00	0.05	0.27
kraken:taxid|1735703	15041	0.00	0.09	0.22
kraken:taxid|1738060	15465	0.00	0.04	0.17
kraken:taxid|1738592	54684	0.00	0.02	0.06
kraken:taxid|173977	46700	0.00	0.02	0.06
kraken:taxid|174043	57569	0.04	1.21	0.40
kraken:taxid|174044	57826	0.00	0.15	0.04
kraken:taxid|174053	53632	0.01	0.13	0.32
kraken:taxid|174056	52819	0.00	0.05	0.27
kraken:taxid|174060	59822	0.00	0.09	0.09
kraken:taxid|174067	58325	0.00	0.15	0.11
kraken:taxid|174074	55771	0.01	0.18	0.12
kraken:taxid|174076	50482	0.00	0.03	0.08
kraken:taxid|174077	58895	0.00	0.06	0.22
kraken:taxid|174080	65878	0.01	0.16	0.22
kraken:taxid|1744888	520764	0.00	0.11	0.07
kraken:taxid|174634	16140	64.76	1518.82	0.23
kraken:taxid|174643	79835	0.00	0.04	0.03
kraken:taxid|174719	16948	0.01	0.13	0.34
kraken:taxid|1751538	16152	0.00	0.04	0.16
kraken:taxid|1751714	15229	0.00	0.04	0.17
kraken:taxid|1754001	16546	0.00	0.08	0.16
kraken:taxid|1756217	16936	0.04	0.72	0.66
kraken:taxid|1756218	16917	0.03	0.63	0.66
kraken:taxid|1756219	17050	0.01	0.14	0.50
kraken:taxid|175648	58959	0.01	0.32	0.05
kraken:taxid|175686	97345	0.00	0.02	0.03
kraken:taxid|175830	17117	0.01	0.11	0.42
kraken:taxid|175834	22737	0.00	0.04	0.13
kraken:taxid|175858	95209	0.01	0.23	0.09
kraken:taxid|175930	16820	0.00	0.04	0.17
kraken:taxid|175933	16796	0.00	0.06	0.33
kraken:taxid|175949	16806	0.05	0.84	0.55
kraken:taxid|176007	30892	0.01	0.15	0.50
kraken:taxid|176015	16984	0.00	0.09	0.19
kraken:taxid|176024	16842	0.00	0.06	0.38
kraken:taxid|176057	16818	0.01	0.11	0.49
kraken:taxid|176192	16675	0.01	0.19	0.23
kraken:taxid|176196	16443	0.01	0.36	0.16
kraken:taxid|176275	29961	0.04	0.97	0.32
kraken:taxid|176285	14418	0.00	0.04	0.20
kraken:taxid|1764286	37591	0.03	0.42	0.61
kraken:taxid|1764295	37892	0.01	0.21	0.42
kraken:taxid|176453	51156	0.00	0.07	0.26
kraken:taxid|1765089	16582	0.10	2.08	0.24
kraken:taxid|176626	66704	0.00	0.06	0.10
kraken:taxid|1767050	16662	0.00	0.04	0.17
kraken:taxid|176822	54177	0.00	0.09	0.26
kraken:taxid|1769047	16462	0.00	0.09	0.21
kraken:taxid|177078	197427	0.02	0.54	0.14
kraken:taxid|177147	17160	0.01	0.23	0.20
kraken:taxid|1772269	17397	0.01	0.31	0.16
kraken:taxid|1775926	56464	0.00	0.04	0.05
kraken:taxid|177870	14732	0.03	0.64	0.18
kraken:taxid|1780282	1168029	0.00	0.12	0.06
kraken:taxid|1781627	15437	0.02	0.29	0.39
kraken:taxid|1783568	16018	0.01	0.08	0.57
kraken:taxid|178552	18990	0.01	0.13	0.18
kraken:taxid|178872	43990	0.00	0.03	0.12
kraken:taxid|178893	16995	0.15	3.69	0.18
kraken:taxid|1789663	14238	0.00	0.09	0.19
kraken:taxid|179049	186911	0.00	0.01	0.02
kraken:taxid|1792635	15813	0.00	0.08	0.18
kraken:taxid|1792847	16571	0.00	0.04	0.16
kraken:taxid|179409	16797	0.01	0.09	0.79
kraken:taxid|179425	14985	0.00	0.09	0.19
kraken:taxid|1795459	15967	0.14	3.13	0.42
kraken:taxid|179808	16746	0.00	0.05	0.20
kraken:taxid|1798942	16499	0.01	0.17	0.35
kraken:taxid|180179	16446	0.25	4.21	0.44
kraken:taxid|180228	48522	0.00	0.11	0.15
kraken:taxid|1802957	27186	0.26	2.87	2.93
kraken:taxid|1804611	17130	0.00	0.05	0.27
kraken:taxid|1804740	16641	0.01	0.25	0.30
kraken:taxid|180498	561839	0.00	0.10	0.06
kraken:taxid|180528	42091	0.37	2.13	5.57
kraken:taxid|1806175	15888	0.03	0.53	0.35
kraken:taxid|1806177	15588	0.00	0.04	0.19
kraken:taxid|1806179	15808	0.00	0.04	0.19
kraken:taxid|1806185	16027	0.00	0.09	0.19
kraken:taxid|1806187	16403	0.00	0.04	0.18
kraken:taxid|1806715	15173	0.01	0.08	0.57
kraken:taxid|1806867	16708	0.00	0.05	0.25
kraken:taxid|1806994	23811	0.06	1.61	0.26
kraken:taxid|1807361	15811	0.01	0.16	0.16
kraken:taxid|1807681	77864	0.00	0.04	0.03
kraken:taxid|1807688	105181	0.02	0.80	0.10
kraken:taxid|180788	24347	0.50	5.77	3.98
kraken:taxid|1808015	15565	0.00	0.04	0.19
kraken:taxid|181101	17009	0.00	0.08	0.15
kraken:taxid|181123	93299	0.00	0.04	0.06
kraken:taxid|1813533	422215	0.00	0.14	0.04
kraken:taxid|181393	16613	0.01	0.21	0.17
kraken:taxid|181425	16758	0.00	0.04	0.16
kraken:taxid|181431	16120	0.00	0.09	0.20
kraken:taxid|181440	16848	0.00	0.08	0.17
kraken:taxid|181520	129263	0.08	4.36	0.37
kraken:taxid|1815227	15784	0.00	0.04	0.16
kraken:taxid|181636	17834	0.14	3.14	0.51
kraken:taxid|181639	17817	0.00	0.04	0.18
kraken:taxid|181804	80193	0.01	0.25	0.16
kraken:taxid|1818613	15718	0.00	0.04	0.17
kraken:taxid|1820051	16128	0.00	0.08	0.17
kraken:taxid|182134	13064	0.01	0.10	0.41
kraken:taxid|1821822	60300	0.52	2.87	8.25
kraken:taxid|1821823	46165	0.36	5.22	4.20
kraken:taxid|182223	16782	0.01	0.24	0.15
kraken:taxid|182298	922816	0.00	0.02	0.01
kraken:taxid|182325	681203	0.00	0.19	0.03
kraken:taxid|1825620	29719	0.11	0.95	3.72
kraken:taxid|182845	39891	0.21	4.80	1.59
kraken:taxid|182891	17838	0.00	0.04	0.17
kraken:taxid|182897	16928	0.00	0.04	0.19
kraken:taxid|182898	16952	0.01	0.12	0.17
kraken:taxid|182910	16807	0.00	0.04	0.19
kraken:taxid|183177	16845	0.44	11.05	0.50
kraken:taxid|183478	75911	0.07	0.58	2.29
kraken:taxid|183540	17171	0.65	8.93	2.01
kraken:taxid|1836949	16577	0.01	0.13	0.43
kraken:taxid|1837245	48541	0.02	0.77	0.12
kraken:taxid|183865	14257	0.01	0.13	0.20
kraken:taxid|184108	45312	0.01	0.29	0.26
kraken:taxid|1842026	15607	0.00	0.04	0.17
kraken:taxid|184213	16953	0.00	0.04	0.16
kraken:taxid|184234	16851	0.03	0.59	0.25
kraken:taxid|1844314	15629	0.01	0.18	0.21
kraken:taxid|184482	131939	0.01	0.87	0.12
kraken:taxid|1846138	575242	0.01	0.16	0.37
kraken:taxid|1848120	16122	0.00	0.08	0.16
kraken:taxid|1848994	16620	0.01	0.20	0.18
kraken:taxid|185002	405416	0.38	24.72	0.37
kraken:taxid|1850319	15262	0.00	0.05	0.20
kraken:taxid|185530	539461	0.26	30.45	0.07
kraken:taxid|185689	16791	0.01	0.11	0.58
kraken:taxid|185738	16488	0.01	0.16	0.18
kraken:taxid|1857654	495499	0.03	0.32	0.95
kraken:taxid|186058	407988	0.00	0.06	0.12
kraken:taxid|1861842	17032	0.00	0.08	0.18
kraken:taxid|1863074	16494	0.01	0.16	0.17
kraken:taxid|186697	104979	0.01	0.40	0.10
kraken:taxid|1869259	17054	0.00	0.04	0.15
kraken:taxid|1869261	16466	0.00	0.04	0.13
kraken:taxid|186963	338456	0.00	0.03	0.02
kraken:taxid|187106	17090	0.01	0.14	0.47
kraken:taxid|187118	17026	0.00	0.06	0.32
kraken:taxid|187135	17092	0.01	0.14	0.23
kraken:taxid|1871911	202019	0.00	0.14	0.06
kraken:taxid|187286	221614	0.01	0.52	0.13
kraken:taxid|187318	15835	0.00	0.04	0.18
kraken:taxid|1873960	74089	0.02	0.25	0.66
kraken:taxid|187444	16832	0.01	0.13	0.43
kraken:taxid|187451	16874	0.01	0.19	0.41
kraken:taxid|187517	16916	0.04	1.03	0.22
kraken:taxid|187518	14950	0.00	0.10	0.23
kraken:taxid|1875285	15708	0.20	4.44	0.21
kraken:taxid|1875300	15275	0.16	2.91	0.39
kraken:taxid|1875661	15276	0.00	0.04	0.19
kraken:taxid|1875683	15796	3.12	71.15	0.87
kraken:taxid|1875907	22920	0.00	0.03	0.12
kraken:taxid|187592	14616	0.04	0.93	0.20
kraken:taxid|1880993	15768	0.00	0.09	0.33
kraken:taxid|1881634	17200	0.01	0.16	0.16
kraken:taxid|1881998	15075	0.00	0.10	0.26
kraken:taxid|1882871	15512	0.00	0.08	0.17
kraken:taxid|1883388	49744	0.02	0.51	0.32
kraken:taxid|188341	17210	0.00	0.06	0.42
kraken:taxid|188373	18722	0.01	0.10	0.37
kraken:taxid|188379	17361	0.02	0.18	0.98
kraken:taxid|1884681	15716	0.09	2.19	0.17
kraken:taxid|1884860	16171	0.00	0.08	0.22
kraken:taxid|1886482	16222	0.01	0.14	0.21
kraken:taxid|1886613	16492	0.01	0.24	0.16
kraken:taxid|188736	14761	0.06	1.35	0.20
kraken:taxid|1888206	16429	0.00	0.04	0.16
kraken:taxid|1888264	15773	0.01	0.16	0.25
kraken:taxid|189196	615370	0.00	0.01	0.02
kraken:taxid|1892586	15728	0.00	0.04	0.18
kraken:taxid|1892770	68926	0.10	0.59	4.12
kraken:taxid|1894963	287403	0.05	4.55	0.12
kraken:taxid|189506	17782	0.00	0.04	0.15
kraken:taxid|1895467	14210	0.01	0.09	0.43
kraken:taxid|1896592	15685	0.01	0.22	0.36
kraken:taxid|1896769	27664	27.05	681.27	0.61
kraken:taxid|1896963	26052	0.00	0.10	0.10
kraken:taxid|1897780	16594	0.01	0.18	0.19
kraken:taxid|1897788	16598	0.00	0.04	0.18
kraken:taxid|1898278	16340	0.00	0.04	0.20
kraken:taxid|1902407	15729	0.04	0.96	0.32
kraken:taxid|1902798	15892	455.45	9179.07	0.45
kraken:taxid|1902835	16120	0.00	0.04	0.20
kraken:taxid|190295	16936	0.09	1.25	1.52
kraken:taxid|1903112	15629	0.01	0.15	0.24
kraken:taxid|1903189	75417	0.06	1.07	0.64
kraken:taxid|190327	62563	0.01	0.41	0.34
kraken:taxid|1903710	104736	0.00	0.10	0.04
kraken:taxid|1903711	104785	0.00	0.21	0.04
kraken:taxid|1903712	104352	0.00	0.08	0.04
kraken:taxid|1903853	15528	0.10	1.04	1.24
kraken:taxid|190457	16815	0.03	0.28	1.51
kraken:taxid|190676	16356	0.01	0.24	0.64
kraken:taxid|1906767	16213	0.00	0.04	0.16
kraken:taxid|1907519	66785	0.02	0.59	0.23
kraken:taxid|190760	722009	0.00	0.02	0.02
kraken:taxid|1911024	13709	0.04	0.49	1.76
kraken:taxid|1911538	24935	0.10	2.83	0.14
kraken:taxid|1911539	24969	0.12	3.19	0.13
kraken:taxid|1911541	24915	0.00	0.07	0.14
kraken:taxid|1911547	24935	0.00	0.07	0.12
kraken:taxid|191400	15196	0.00	0.04	0.17
kraken:taxid|191405	15802	0.01	0.27	0.25
kraken:taxid|1914092	32389	0.00	0.08	0.28
kraken:taxid|1914393	17179	0.02	0.33	0.31
kraken:taxid|1914573	15763	0.01	0.26	0.18
kraken:taxid|1916091	25683	0.11	1.68	2.23
kraken:taxid|1917049	25533	0.00	0.07	0.11
kraken:taxid|1917246	18154	0.00	0.04	0.16
kraken:taxid|1918054	16504	0.00	0.04	0.19
kraken:taxid|191923	631094	0.00	0.04	0.05
kraken:taxid|192010	30629	0.00	0.04	0.17
kraken:taxid|192211	16766	0.00	0.04	0.16
kraken:taxid|192314	857234	0.00	0.19	0.02
kraken:taxid|192730	15838	0.02	0.54	0.22
kraken:taxid|1928073	15352	0.00	0.09	0.18
kraken:taxid|1928728	37152	0.01	0.14	0.43
kraken:taxid|1928774	15373	0.01	0.13	0.20
kraken:taxid|1928782	15989	0.00	0.05	0.23
kraken:taxid|1929756	93439	0.01	0.32	0.24
kraken:taxid|1930247	16313	0.00	0.04	0.19
kraken:taxid|193280	15176	0.03	0.61	0.22
kraken:taxid|1933071	17763	0.00	0.08	0.16
kraken:taxid|1934190	16511	0.00	0.04	0.20
kraken:taxid|1934431	14950	0.01	0.13	0.18
kraken:taxid|1934545	14950	0.00	0.04	0.17
kraken:taxid|1934576	14950	0.27	5.92	0.21
kraken:taxid|1934589	14949	0.01	0.25	0.17
kraken:taxid|193515	586319	0.00	0.09	0.14
kraken:taxid|1938971	17148	0.00	0.05	0.28
kraken:taxid|1939669	15059	0.01	0.26	0.19
kraken:taxid|1940113	20320	0.01	0.15	0.59
kraken:taxid|1940652	28370	0.10	0.61	3.86
kraken:taxid|194517	26142	0.04	1.26	0.11
kraken:taxid|1945530	15899	14.87	298.40	0.26
kraken:taxid|194917	15954	0.01	0.21	0.18
kraken:taxid|1954227	20612	0.00	0.03	0.12
kraken:taxid|1955321	14864	0.14	3.26	0.22
kraken:taxid|1955577	30121	0.02	0.29	0.63
kraken:taxid|195581	14835	0.00	0.08	0.22
kraken:taxid|195755	50682	0.00	0.04	0.15
kraken:taxid|195770	50045	0.00	0.07	0.20
kraken:taxid|195777	53100	0.00	0.04	0.16
kraken:taxid|195782	48700	0.00	0.03	0.07
kraken:taxid|195785	58388	0.00	0.06	0.36
kraken:taxid|195789	59878	0.01	0.38	0.27
kraken:taxid|195883	16513	0.00	0.08	0.16
kraken:taxid|196139	41628	0.01	0.40	0.13
kraken:taxid|1962538	15025	0.12	2.63	0.53
kraken:taxid|1962539	14870	0.14	3.14	0.36
kraken:taxid|1962540	15021	0.12	2.51	0.35
kraken:taxid|1962543	15139	0.87	19.97	0.19
kraken:taxid|1962545	15356	0.01	0.14	0.36
kraken:taxid|1962547	15009	0.00	0.04	0.18
kraken:taxid|1962548	15185	0.13	3.06	0.42
kraken:taxid|1962550	15385	0.10	2.51	0.17
kraken:taxid|1962553	15176	0.01	0.13	0.18
kraken:taxid|1963763	17873	0.00	0.08	0.16
kraken:taxid|196524	17205	0.00	0.05	0.23
kraken:taxid|196631	25423	0.01	0.17	0.13
kraken:taxid|196765	46553	0.00	0.08	0.21
kraken:taxid|1968986	15252	0.00	0.08	0.17
kraken:taxid|1969778	15380	0.01	0.17	0.18
kraken:taxid|197054	48508	0.01	0.38	0.06
kraken:taxid|1970646	35937	1.01	4.97	26.39
kraken:taxid|1970743	16767	0.07	1.37	0.58
kraken:taxid|197124	380906	0.01	0.24	0.16
kraken:taxid|197179	17150	0.00	0.04	0.15
kraken:taxid|1973153	38164	0.10	1.89	0.30
kraken:taxid|1973307	121484	0.00	0.16	0.13
kraken:taxid|1973564	15569	0.00	0.10	0.24
kraken:taxid|1973584	15402	0.00	0.04	0.19
kraken:taxid|1977160	16697	0.01	0.19	0.23
kraken:taxid|1977248	16310	0.00	0.08	0.16
kraken:taxid|197756	37867	0.07	1.22	0.29
kraken:taxid|197773	16954	0.13	2.95	0.34
kraken:taxid|1978023	16090	0.00	0.04	0.20
kraken:taxid|1980151	15327	0.00	0.04	0.18
kraken:taxid|198035	354692	0.00	0.03	0.02
kraken:taxid|1980634	17157	0.02	0.40	0.16
kraken:taxid|1980973	15473	0.00	0.04	0.17
kraken:taxid|198213	1678054	0.00	0.05	0.02
kraken:taxid|198227	15688	0.01	0.33	0.18
kraken:taxid|198433	16141	0.01	0.12	0.17
kraken:taxid|198507	16604	0.00	0.04	0.19
kraken:taxid|198510	16560	0.00	0.04	0.18
kraken:taxid|1985166	38065	4.46	159.45	0.15
kraken:taxid|1986077	39591	0.23	3.93	2.28
kraken:taxid|1987354	16868	0.02	0.59	0.21
kraken:taxid|1987586	16129	0.00	0.06	0.40
kraken:taxid|198806	16902	0.06	1.38	0.17
kraken:taxid|198940	16815	0.01	0.15	0.86
kraken:taxid|199225	876608	0.00	0.02	0.03
kraken:taxid|199306	75117	0.04	0.85	1.09
kraken:taxid|200191	17310	2.84	62.11	0.29
kraken:taxid|2004544	16186	0.00	0.04	0.17
kraken:taxid|2004905	15739	0.91	22.25	0.17
kraken:taxid|2006982	25139	0.01	0.16	0.11
kraken:taxid|2007208	25142	4.66	136.17	0.23
kraken:taxid|2007213	25378	0.05	1.33	0.18
kraken:taxid|2007222	15334	0.04	0.65	0.44
kraken:taxid|2008833	15721	0.02	0.57	0.17
kraken:taxid|200900	16510	0.00	0.04	0.19
kraken:taxid|200917	16130	0.00	0.08	0.17
kraken:taxid|2010950	15977	0.00	0.04	0.17
kraken:taxid|201230	59025	0.00	0.07	0.12
kraken:taxid|201312	17848	0.18	4.42	0.17
kraken:taxid|201348	17868	0.01	0.15	0.15
kraken:taxid|201358	17913	0.01	0.12	0.17
kraken:taxid|2015309	16894	0.00	0.05	0.22
kraken:taxid|2015914	73807	0.00	0.10	0.05
kraken:taxid|2016114	15976	0.05	1.21	0.16
kraken:taxid|2016140	16552	0.00	0.04	0.16
kraken:taxid|2016387	126497	0.01	0.47	0.02
kraken:taxid|2018706	50972	0.02	0.90	0.13
kraken:taxid|2019519	16099	0.01	0.21	0.19
kraken:taxid|2019549	155141	0.00	0.22	0.02
kraken:taxid|2019550	144435	0.00	0.05	0.07
kraken:taxid|2020962	59251	0.50	2.93	5.21
kraken:taxid|2021480	18277	0.04	0.70	0.94
kraken:taxid|2021492	14936	0.00	0.05	0.23
kraken:taxid|2021493	16603	0.00	0.08	0.33
kraken:taxid|2021535	16109	0.04	0.88	0.30
kraken:taxid|2022011	16579	0.01	0.26	0.19
kraken:taxid|2022672	2222920	0.00	1.05	0.02
kraken:taxid|2023715	16596	0.07	1.57	0.22
kraken:taxid|2023964	354302	0.00	0.01	0.01
kraken:taxid|2025572	16824	0.00	0.12	0.16
kraken:taxid|2025578	16823	0.00	0.04	0.18
kraken:taxid|2025579	16824	0.00	0.04	0.16
kraken:taxid|202585	16872	0.00	0.09	0.20
kraken:taxid|2026169	16826	0.00	0.04	0.16
kraken:taxid|2026244	124588	0.00	0.10	0.05
kraken:taxid|2026451	16188	0.02	0.47	0.25
kraken:taxid|202687	25380	0.62	18.99	0.11
kraken:taxid|2027056	14762	0.00	0.08	0.18
kraken:taxid|2027546	15176	0.01	0.21	0.17
kraken:taxid|2028083	79245	0.07	1.20	0.52
kraken:taxid|2029068	16833	0.00	0.08	0.16
kraken:taxid|2029751	159132	0.01	0.37	0.08
kraken:taxid|2032846	15348	0.02	0.53	0.17
kraken:taxid|2033315	16784	0.00	0.07	0.13
kraken:taxid|2035280	16129	0.00	0.08	0.16
kraken:taxid|2038759	15744	0.00	0.08	0.17
kraken:taxid|2039642	17561	0.01	0.11	0.65
kraken:taxid|204215	274779	0.00	0.10	0.24
kraken:taxid|2043556	15213	0.01	0.23	0.20
kraken:taxid|2044563	52735	0.08	1.54	0.86
kraken:taxid|2045497	14909	0.00	0.04	0.17
kraken:taxid|2047715	14646	0.01	0.16	0.25
kraken:taxid|2047824	15112	0.00	0.04	0.20
kraken:taxid|204793	16941	0.01	0.20	0.22
kraken:taxid|204919	15750	0.00	0.04	0.17
kraken:taxid|204923	16534	0.01	0.09	0.34
kraken:taxid|2049285	16784	0.00	0.05	0.23
kraken:taxid|205083	46868	0.00	0.15	0.12
kraken:taxid|2052682	59689	0.03	0.89	0.19
kraken:taxid|205354	15515	0.01	0.16	0.17
kraken:taxid|2054620	49698	0.29	7.70	1.60
kraken:taxid|205524	566695	0.01	0.20	0.27
kraken:taxid|205567	433466	0.02	0.31	0.38
kraken:taxid|205596	16938	0.00	0.12	0.15
kraken:taxid|2057051	16521	0.00	0.08	0.16
kraken:taxid|2058195	15396	0.01	0.13	0.19
kraken:taxid|2059211	15363	0.01	0.21	0.17
kraken:taxid|205971	20066	0.02	0.44	0.13
kraken:taxid|2060905	37513	0.09	1.37	1.97
kraken:taxid|2060973	33113	0.03	0.77	0.39
kraken:taxid|206348	17728	0.00	0.04	0.15
kraken:taxid|2065311	15383	0.01	0.13	0.18
kraken:taxid|2065825	16482	0.07	1.49	0.21
kraken:taxid|2074866	32900	0.08	1.60	0.48
kraken:taxid|2075311	92511	0.00	0.05	0.09
kraken:taxid|207832	112689	0.00	0.12	0.05
kraken:taxid|207833	114829	0.02	0.42	0.29
kraken:taxid|2078594	14032	0.00	0.09	0.21
kraken:taxid|2078668	15301	0.01	0.12	0.17
kraken:taxid|2079363	17011	0.00	0.04	0.16
kraken:taxid|208073	16891	0.21	4.70	0.37
kraken:taxid|208348	77894	0.74	37.17	0.50
kraken:taxid|208467	16603	0.01	0.31	0.20
kraken:taxid|208468	16603	0.02	0.53	0.20
kraken:taxid|208481	18728	0.00	0.04	0.16
kraken:taxid|208524	16784	0.05	0.47	1.35
kraken:taxid|2086606	15639	0.00	0.04	0.17
kraken:taxid|208960	115036	0.00	0.04	0.08
kraken:taxid|209129	37280	0.06	0.70	1.04
kraken:taxid|209148	69603	0.00	0.08	0.22
kraken:taxid|209166	16482	0.15	3.60	0.18
kraken:taxid|209211	16502	0.11	2.31	0.28
kraken:taxid|2093842	17965	0.00	0.04	0.14
kraken:taxid|2093909	177592	0.01	0.30	0.10
kraken:taxid|2094009	15814	0.01	0.20	0.16
kraken:taxid|2094016	15163	0.09	2.12	0.18
kraken:taxid|209534	15229	0.00	0.04	0.18
kraken:taxid|209559	29236	1.66	10.24	12.17
kraken:taxid|209564	82333	0.08	2.09	1.17
kraken:taxid|209816	144205	0.00	0.17	0.02
kraken:taxid|209926	14405	0.06	0.66	0.96
kraken:taxid|209979	18512	0.01	0.14	0.47
kraken:taxid|210010	49539	2.76	105.16	0.84
kraken:taxid|210143	1999602	0.01	0.20	0.31
kraken:taxid|210347	534321	0.00	0.13	0.09
kraken:taxid|210372	341829	0.01	0.14	0.23
kraken:taxid|210409	16026	0.01	0.28	0.16
kraken:taxid|210441	61877	0.00	0.02	0.05
kraken:taxid|2109557	19514	0.03	0.91	0.13
kraken:taxid|211598	18647	0.00	0.06	0.36
kraken:taxid|212397	104716	0.00	0.07	0.07
kraken:taxid|2126034	59508	0.01	0.12	0.22
kraken:taxid|2126071	15743	0.00	0.08	0.17
kraken:taxid|2133757	32777	0.00	0.07	0.17
kraken:taxid|2136021	55822	0.09	2.63	0.80
kraken:taxid|2136291	15185	0.02	0.45	0.17
kraken:taxid|2138606	16554	0.01	0.16	0.16
kraken:taxid|213916	15381	0.01	0.34	0.20
kraken:taxid|213929	15369	0.01	0.25	0.18
kraken:taxid|213978	15301	1.46	29.08	0.25
kraken:taxid|214525	178929	0.00	0.03	0.03
kraken:taxid|214914	16540	0.00	0.12	0.16
kraken:taxid|214969	18363	0.01	0.23	0.29
kraken:taxid|214970	17697	0.00	0.04	0.16
kraken:taxid|215256	140940	0.00	0.29	0.06
kraken:taxid|2152901	16494	0.04	1.09	0.21
kraken:taxid|2153043	15620	0.00	0.04	0.19
kraken:taxid|2153492	16368	0.01	0.21	0.17
kraken:taxid|215373	17336	0.00	0.08	0.15
kraken:taxid|215382	16537	0.00	0.05	0.22
kraken:taxid|216284	14414	0.01	0.22	0.19
kraken:taxid|2163919	16684	0.00	0.12	0.16
kraken:taxid|2164018	42257	0.07	1.61	0.63
kraken:taxid|2164054	15638	0.01	0.19	0.22
kraken:taxid|2164167	16329	0.06	1.33	0.18
kraken:taxid|216970	16901	0.11	2.45	0.23
kraken:taxid|2171672	15599	0.00	0.04	0.19
kraken:taxid|2171770	16549	0.02	0.41	0.21
kraken:taxid|2171939	15434	0.17	4.22	0.17
kraken:taxid|217214	36719	0.00	0.03	0.07
kraken:taxid|2172466	15674	0.03	0.67	0.21
kraken:taxid|217427	42366	0.00	0.04	0.17
kraken:taxid|2175132	15915	0.00	0.08	0.16
kraken:taxid|217708	17283	0.00	0.03	0.12
kraken:taxid|218192	14459	0.00	0.04	0.19
kraken:taxid|218449	31430	1.04	31.47	0.35
kraken:taxid|2185387	17668	0.01	0.16	0.16
kraken:taxid|218633	56581	0.14	3.77	0.38
kraken:taxid|218706	15441	0.00	0.04	0.17
kraken:taxid|218724	15300	13.74	316.24	0.61
kraken:taxid|218730	15324	0.02	0.35	0.19
kraken:taxid|218737	15430	0.02	0.47	0.41
kraken:taxid|218742	15546	0.01	0.10	0.44
kraken:taxid|218750	15524	0.00	0.04	0.14
kraken:taxid|218758	15346	0.04	0.75	0.25
kraken:taxid|219653	54710	0.01	0.18	0.31
kraken:taxid|2200831	18656	0.00	0.08	0.17
kraken:taxid|2201239	50098	0.01	0.30	0.12
kraken:taxid|220126	17226	0.02	0.55	0.16
kraken:taxid|2202363	16590	0.00	0.04	0.19
kraken:taxid|2202370	16561	0.19	4.13	0.21
kraken:taxid|2203017	16140	0.03	0.56	0.41
kraken:taxid|220499	16017	0.01	0.13	0.19
kraken:taxid|221103	93722	0.03	0.71	0.32
kraken:taxid|2211484	14861	0.01	0.12	0.17
kraken:taxid|2212705	14102	0.01	0.21	0.30
kraken:taxid|221721	65327	0.45	11.04	1.13
kraken:taxid|221722	36792	0.02	0.27	0.31
kraken:taxid|221724	69158	0.75	16.13	1.83
kraken:taxid|2218046	15232	0.00	0.04	0.20
kraken:taxid|2219248	15720	0.00	0.04	0.17
kraken:taxid|2219250	15439	0.08	2.05	0.17
kraken:taxid|2219254	15355	0.00	0.04	0.17
kraken:taxid|221945	13647	0.02	0.27	0.81
kraken:taxid|221966	16795	0.01	0.18	0.21
kraken:taxid|221976	16909	0.00	0.06	0.34
kraken:taxid|222809	16397	0.01	0.10	0.27
kraken:taxid|223139	16513	0.00	0.04	0.19
kraken:taxid|2231408	15594	0.00	0.04	0.17
kraken:taxid|223151	21625	0.00	0.04	0.14
kraken:taxid|2231603	24499	0.00	0.09	0.31
kraken:taxid|223224	389949	0.00	0.05	0.07
kraken:taxid|223369	16626	0.01	0.16	0.16
kraken:taxid|2234022	17172	0.00	0.04	0.17
kraken:taxid|223634	13271	0.01	0.11	0.47
kraken:taxid|224256	16185	4.06	97.14	0.21
kraken:taxid|224420	39030	0.08	0.75	2.59
kraken:taxid|2250432	15882	0.02	0.47	0.20
kraken:taxid|225396	15933	0.01	0.13	0.41
kraken:taxid|225398	17378	0.03	0.63	0.20
kraken:taxid|225728	16460	0.00	0.04	0.19
kraken:taxid|226161	16478	0.00	0.12	0.16
kraken:taxid|226208	499236	0.02	0.42	0.52
kraken:taxid|226581	471696	0.04	3.09	0.07
kraken:taxid|22663	404807	0.00	0.03	0.07
kraken:taxid|2268894	14829	0.00	0.06	0.38
kraken:taxid|2269080	16803	0.04	0.52	0.55
kraken:taxid|227275	16586	0.00	0.04	0.19
kraken:taxid|227308	493958	0.00	0.03	0.04
kraken:taxid|227321	33227	5.60	25.40	20.89
kraken:taxid|227569	15625	0.03	0.63	0.18
kraken:taxid|2282106	45604	0.00	0.06	0.31
kraken:taxid|228248	16712	0.00	0.06	0.33
kraken:taxid|228249	16707	0.00	0.04	0.16
kraken:taxid|2282860	14982	0.00	0.09	0.25
kraken:taxid|228297	16270	0.57	13.81	0.34
kraken:taxid|228307	16776	0.00	0.04	0.20
kraken:taxid|2283408	27607	0.01	0.27	0.53
kraken:taxid|2283411	79765	0.04	0.79	1.29
kraken:taxid|2283839	23462	0.00	0.10	0.12
kraken:taxid|228658	519841	0.00	0.08	0.04
kraken:taxid|228918	15801	0.12	2.86	0.18
kraken:taxid|229058	16492	0.01	0.18	0.20
kraken:taxid|229088	16776	0.00	0.04	0.15
kraken:taxid|229100	16841	0.02	0.39	0.49
kraken:taxid|2291963	15497	0.01	0.13	0.17
kraken:taxid|229543	569915	0.01	0.17	0.29
kraken:taxid|229649	14897	0.00	0.04	0.17
kraken:taxid|230081	16776	0.00	0.04	0.20
kraken:taxid|230148	17860	0.00	0.04	0.16
kraken:taxid|2302425	17199	0.01	0.12	0.17
kraken:taxid|2302647	15691	0.01	0.19	0.34
kraken:taxid|230439	43225	0.02	0.34	0.76
kraken:taxid|2305477	25531	0.15	4.45	0.12
kraken:taxid|230603	64779	0.00	0.05	0.09
kraken:taxid|231106	141684	0.00	0.06	0.06
kraken:taxid|231674	747621	0.00	0.11	0.12
kraken:taxid|231751	27882	0.00	0.03	0.10
kraken:taxid|231932	206437	0.01	0.47	0.55
kraken:taxid|23211	443525	0.00	0.25	0.01
kraken:taxid|232253	16632	0.00	0.04	0.19
kraken:taxid|232414	14829	0.00	0.06	0.36
kraken:taxid|232557	14000	0.01	0.16	0.45
kraken:taxid|232635	16883	0.00	0.04	0.18
kraken:taxid|232641	16814	0.00	0.09	0.20
kraken:taxid|232645	16814	0.01	0.29	0.26
kraken:taxid|233186	39464	0.00	0.06	0.08
kraken:taxid|2337319	14149	0.00	0.04	0.16
kraken:taxid|233772	35511	0.03	0.50	0.42
kraken:taxid|234879	14348	21.17	487.55	0.34
kraken:taxid|235153	15130	0.00	0.04	0.17
kraken:taxid|235426	16459	0.00	0.08	0.16
kraken:taxid|235537	137428	0.04	1.26	0.14
kraken:taxid|235600	15837	0.00	0.04	0.18
kraken:taxid|2358206	15405	0.00	0.09	0.21
kraken:taxid|2358227	16172	0.01	0.20	0.16
kraken:taxid|236018	15207	0.00	0.04	0.19
kraken:taxid|236055	16707	0.00	0.05	0.22
kraken:taxid|236520	14908	0.00	0.08	0.17
kraken:taxid|236790	15252	0.00	0.04	0.20
kraken:taxid|236793	15378	0.01	0.19	0.40
kraken:taxid|236857	14294	0.01	0.13	0.18
kraken:taxid|236973	381774	0.00	0.05	0.06
kraken:taxid|236974	383262	0.00	0.03	0.06
kraken:taxid|237411	16676	0.02	0.23	1.15
kraken:taxid|237438	16840	0.01	0.10	0.27
kraken:taxid|237455	37203	0.00	0.07	0.46
kraken:taxid|237616	16175	0.00	0.04	0.17
kraken:taxid|238040	15982	0.01	0.12	0.24
kraken:taxid|238055	16515	0.06	1.32	0.18
kraken:taxid|238220	16556	0.00	0.12	0.16
kraken:taxid|238647	16828	0.13	3.18	0.15
kraken:taxid|238695	16053	0.01	0.20	0.16
kraken:taxid|238855	17785	0.01	0.17	0.19
kraken:taxid|239245	16236	0.00	0.08	0.16
kraken:taxid|239371	16945	0.11	1.54	0.78
kraken:taxid|239386	16990	0.24	5.38	0.51
kraken:taxid|239685	440720	0.01	1.33	0.01
kraken:taxid|240144	16247	0.03	0.64	0.16
kraken:taxid|240152	16894	0.12	2.92	0.16
kraken:taxid|240154	16472	0.01	0.12	0.17
kraken:taxid|240201	16856	0.01	0.14	0.44
kraken:taxid|240213	24937	0.09	2.58	0.14
kraken:taxid|241747	17045	0.01	0.16	0.18
kraken:taxid|241750	16785	0.00	0.07	0.45
kraken:taxid|2419779	15968	0.01	0.24	0.41
kraken:taxid|242120	16891	0.19	3.11	0.44
kraken:taxid|242522	16682	0.00	0.04	0.18
kraken:taxid|242839	194106	0.00	0.02	0.03
kraken:taxid|244084	18698	0.39	9.22	0.43
kraken:taxid|244710	15932	0.01	0.13	0.41
kraken:taxid|244861	17586	0.00	0.04	0.19
kraken:taxid|245048	16802	0.05	1.24	0.18
kraken:taxid|245074	16151	0.00	0.04	0.19
kraken:taxid|245147	16380	0.00	0.08	0.16
kraken:taxid|245469	104480	0.00	0.20	0.04
kraken:taxid|245590	17086	0.00	0.04	0.18
kraken:taxid|246115	17143	0.02	0.32	0.28
kraken:taxid|246441	15147	0.01	0.17	0.17
kraken:taxid|247629	16701	0.02	0.42	0.29
kraken:taxid|247806	16823	0.00	0.04	0.16
kraken:taxid|2478892	17337	0.02	0.19	1.18
kraken:taxid|2483365	16150	0.11	2.81	0.16
kraken:taxid|2483892	24964	0.09	2.36	0.13
kraken:taxid|2483893	24963	0.08	2.32	0.14
kraken:taxid|2485306	16982	0.01	0.17	0.18
kraken:taxid|2485825	28264	0.54	16.06	0.67
kraken:taxid|2485974	15417	0.21	4.74	0.40
kraken:taxid|2486348	56471	0.00	0.11	0.13
kraken:taxid|2486653	79456	0.02	0.29	0.67
kraken:taxid|2486895	16071	0.01	0.12	0.17
kraken:taxid|2486982	165273	0.00	0.09	0.07
kraken:taxid|2487631	58981	0.03	0.83	0.36
kraken:taxid|2489341	15599	0.25	3.89	1.15
kraken:taxid|248993	16830	0.12	1.81	0.43
kraken:taxid|2493563	15640	0.02	0.42	0.17
kraken:taxid|249398	47526	0.01	0.18	0.70
kraken:taxid|2496075	38936	0.00	0.06	0.13
kraken:taxid|2496872	67506	0.00	0.07	0.06
kraken:taxid|2497756	17559	0.01	0.10	0.51
kraken:taxid|2498317	15964	0.00	0.04	0.16
kraken:taxid|2498636	15266	0.01	0.17	0.19
kraken:taxid|2498648	15559	0.16	3.79	0.24
kraken:taxid|2501809	15363	0.08	1.77	0.26
kraken:taxid|2501810	14927	0.01	0.34	0.18
kraken:taxid|2502920	18585	0.00	0.04	0.16
kraken:taxid|2506487	24959	0.02	0.30	0.43
kraken:taxid|2508260	15798	0.00	0.05	0.22
kraken:taxid|2510791	25729	0.00	0.04	0.13
kraken:taxid|251399	14808	0.00	0.04	0.18
kraken:taxid|2516972	15958	0.01	0.12	0.17
kraken:taxid|2517918	17773	0.00	0.08	0.15
kraken:taxid|2521360	16272	0.03	0.65	0.22
kraken:taxid|252295	15611	0.00	0.04	0.19
kraken:taxid|252399	16296	0.01	0.19	0.42
kraken:taxid|252784	18513	0.02	0.20	1.09
kraken:taxid|2527913	16582	0.01	0.22	0.19
kraken:taxid|252798	17479	0.00	0.09	0.22
kraken:taxid|2528262	38139	0.00	0.04	0.16
kraken:taxid|2529409	16972	0.02	0.34	0.48
kraken:taxid|252962	20262	0.02	0.42	0.17
kraken:taxid|253253	15594	0.00	0.04	0.17
kraken:taxid|254370	15261	0.00	0.09	0.20
kraken:taxid|254446	16956	0.00	0.06	0.32
kraken:taxid|254448	16848	0.01	0.17	0.31
kraken:taxid|254539	16604	0.00	0.07	0.43
kraken:taxid|254563	16950	0.08	1.11	0.70
kraken:taxid|2545709	46134	0.00	0.02	0.05
kraken:taxid|254575	16919	0.00	0.08	0.16
kraken:taxid|254657	16878	0.29	6.64	0.37
kraken:taxid|254709	16502	0.01	0.20	0.16
kraken:taxid|2547534	13285	0.01	0.20	0.25
kraken:taxid|2547802	16476	0.08	1.85	0.21
kraken:taxid|2547956	14713	0.01	0.13	0.20
kraken:taxid|2550860	16568	0.00	0.04	0.19
kraken:taxid|2550879	17334	0.04	0.97	0.18
kraken:taxid|2557541	42797	0.00	0.06	0.13
kraken:taxid|255872	418189	0.01	0.18	0.38
kraken:taxid|2558925	15612	0.00	0.04	0.18
kraken:taxid|2558926	348083	0.00	0.01	0.01
kraken:taxid|2559892	14349	0.00	0.04	0.18
kraken:taxid|2565562	18585	0.01	0.20	0.45
kraken:taxid|2566015	15608	0.08	1.87	0.20
kraken:taxid|2566016	16729	0.00	0.04	0.19
kraken:taxid|2566446	15433	0.01	0.25	0.17
kraken:taxid|2566501	15899	0.07	1.65	0.19
kraken:taxid|256693	16778	0.02	0.40	0.32
kraken:taxid|2567769	15296	0.01	0.13	0.54
kraken:taxid|2569831	15199	0.10	2.23	0.19
kraken:taxid|2570686	15838	0.08	1.98	0.16
kraken:taxid|2572012	13506	5.24	111.10	0.23
kraken:taxid|2572569	16175	0.00	0.04	0.15
kraken:taxid|2573047	15296	0.00	0.07	0.42
kraken:taxid|2575659	16660	0.02	0.59	0.16
kraken:taxid|2575665	15744	0.01	0.17	0.18
kraken:taxid|2576851	132631	0.00	0.03	0.02
kraken:taxid|257776	378262	0.00	0.07	0.09
kraken:taxid|257818	17835	0.00	0.04	0.19
kraken:taxid|2578367	16773	0.00	0.09	0.20
kraken:taxid|257846	16867	0.02	0.24	0.91
kraken:taxid|257867	16715	0.01	0.27	0.20
kraken:taxid|257883	17039	0.00	0.04	0.19
kraken:taxid|2581075	14808	0.00	0.09	0.18
kraken:taxid|258242	17472	0.03	0.67	0.23
kraken:taxid|2582857	25895	0.00	0.03	0.10
kraken:taxid|2583056	19277	0.00	0.04	0.15
kraken:taxid|258338	14049	0.01	0.23	0.21
kraken:taxid|2583772	15826	0.00	0.04	0.20
kraken:taxid|2584329	18220	0.00	0.08	0.15
kraken:taxid|2584333	17619	0.26	6.04	0.19
kraken:taxid|258452	18330	0.00	0.04	0.17
kraken:taxid|2585812	16919	0.00	0.05	0.28
kraken:taxid|2585813	16695	0.01	0.10	0.38
kraken:taxid|2585814	17013	0.01	0.21	0.18
kraken:taxid|2585815	16839	0.02	0.35	0.45
kraken:taxid|2585816	18290	0.00	0.04	0.20
kraken:taxid|2585818	16876	0.00	0.04	0.20
kraken:taxid|2585822	16968	0.00	0.09	0.18
kraken:taxid|2586298	15487	0.01	0.16	0.17
kraken:taxid|2586727	17442	0.00	0.08	0.15
kraken:taxid|2587412	100314	0.03	0.44	0.75
kraken:taxid|2587434	14217	0.01	0.13	0.18
kraken:taxid|2588674	17608	0.01	0.23	0.15
kraken:taxid|258930	17048	0.01	0.17	0.32
kraken:taxid|258989	60949	0.00	0.18	0.05
kraken:taxid|2590089	16273	0.00	0.08	0.17
kraken:taxid|2590091	15902	0.01	0.24	0.16
kraken:taxid|2590147	16107	0.00	0.08	0.17
kraken:taxid|2591536	42157	0.01	0.25	0.21
kraken:taxid|2592601	16262	0.01	0.21	0.48
kraken:taxid|2593410	14799	0.00	0.04	0.20
kraken:taxid|259368	60067	0.00	0.07	0.15
kraken:taxid|2597061	15389	0.00	0.06	0.33
kraken:taxid|2597064	15426	0.00	0.05	0.22
kraken:taxid|2597065	15357	0.44	9.36	0.60
kraken:taxid|2597322	14344	0.03	0.69	0.20
kraken:taxid|2597641	16500	0.01	0.12	0.17
kraken:taxid|2598134	16931	0.02	0.36	0.24
kraken:taxid|259913	16918	0.02	0.44	0.40
kraken:taxid|2599317	14627	0.01	0.09	0.36
kraken:taxid|2600091	16065	0.00	0.04	0.17
kraken:taxid|2600298	63593	0.00	0.05	0.28
kraken:taxid|260110	15582	0.00	0.04	0.19
kraken:taxid|260143	530242	0.00	0.06	0.03
kraken:taxid|260168	104741	0.06	1.09	0.45
kraken:taxid|2603932	15761	0.04	0.81	0.29
kraken:taxid|2605027	15618	0.00	0.04	0.18
kraken:taxid|2605028	15508	0.01	0.17	0.18
kraken:taxid|2605029	16011	0.00	0.04	0.17
kraken:taxid|2605905	15642	0.02	0.50	0.18
kraken:taxid|2606854	48994	0.22	2.90	3.36
kraken:taxid|2606893	41214	0.02	0.71	0.07
kraken:taxid|2607531	15737	0.00	0.08	0.18
kraken:taxid|2608302	16237	0.00	0.06	0.38
kraken:taxid|260902	16765	0.00	0.04	0.17
kraken:taxid|2609393	16700	0.00	0.04	0.18
kraken:taxid|2609713	15185	0.01	0.29	0.17
kraken:taxid|2609714	15701	0.01	0.10	0.36
kraken:taxid|2613851	15008	0.00	0.05	0.22
kraken:taxid|2613867	16331	0.04	0.92	0.20
kraken:taxid|261658	54563	0.03	0.92	0.16
kraken:taxid|261891	15358	0.00	0.09	0.19
kraken:taxid|261959	17213	0.01	0.27	0.17
kraken:taxid|261960	16906	0.19	3.02	0.60
kraken:taxid|261961	17074	0.00	0.04	0.18
kraken:taxid|262124	17264	0.04	0.71	0.68
kraken:taxid|262473	15346	0.00	0.04	0.19
kraken:taxid|262608	14446	0.00	0.05	0.21
kraken:taxid|262664	15258	0.02	0.28	0.38
kraken:taxid|262980	104345	0.02	1.06	0.07
kraken:taxid|263364	14862	0.02	0.38	0.18
kraken:taxid|263836	212153	0.00	0.06	0.03
kraken:taxid|264083	256807	0.00	0.18	0.09
kraken:taxid|264141	55769	0.12	2.76	0.48
kraken:taxid|264951	40965	3.64	19.44	16.59
kraken:taxid|264952	27480	0.15	2.05	2.07
kraken:taxid|2649997	52560	0.05	0.97	0.26
kraken:taxid|265032	17631	0.07	1.92	0.15
kraken:taxid|265046	17702	0.05	1.25	0.18
kraken:taxid|2651324	17156	0.01	0.13	0.19
kraken:taxid|2651638	114176	0.00	0.04	0.03
kraken:taxid|2651840	134288	0.20	13.50	0.16
kraken:taxid|2651841	148623	0.02	0.77	0.30
kraken:taxid|2651847	181140	0.04	2.24	0.20
kraken:taxid|2652438	15817	0.02	0.56	0.19
kraken:taxid|265456	16141	0.00	0.09	0.19
kraken:taxid|2655033	15769	0.01	0.12	0.17
kraken:taxid|265559	48652	0.00	0.05	0.06
kraken:taxid|265563	44756	0.00	0.02	0.06
kraken:taxid|265632	16930	0.11	1.38	1.06
kraken:taxid|2661749	15696	0.01	0.24	0.17
kraken:taxid|2662032	24875	3.12	86.85	0.24
kraken:taxid|2662717	15918	0.01	0.20	0.40
kraken:taxid|266351	16868	0.02	0.36	0.63
kraken:taxid|2663705	15284	0.00	0.04	0.17
kraken:taxid|2663966	17729	0.00	0.04	0.15
kraken:taxid|266767	779361	0.00	0.01	0.01
kraken:taxid|2672156	16142	0.01	0.10	0.27
kraken:taxid|2674980	73123	0.00	0.04	0.05
kraken:taxid|267567	38515	0.00	0.03	0.07
kraken:taxid|2676046	16713	0.02	0.32	0.39
kraken:taxid|2678684	15894	0.01	0.13	0.18
kraken:taxid|2678699	17786	0.38	9.97	0.19
kraken:taxid|2678946	16993	0.00	0.09	0.32
kraken:taxid|267980	16789	0.00	0.04	0.19
kraken:taxid|2680328	14634	0.00	0.04	0.18
kraken:taxid|2682779	15082	0.00	0.08	0.18
kraken:taxid|2683984	15362	0.02	0.33	0.23
kraken:taxid|2684213	15651	0.01	0.16	0.17
kraken:taxid|2684586	16482	0.01	0.20	0.16
kraken:taxid|2684587	16475	0.00	0.09	0.18
kraken:taxid|268467	17138	0.49	10.31	0.74
kraken:taxid|268470	17199	0.01	0.31	0.15
kraken:taxid|268474	17326	0.04	0.66	0.46
kraken:taxid|2684902	106827	0.00	0.11	0.15
kraken:taxid|268760	16943	0.00	0.04	0.17
kraken:taxid|2689304	16375	0.00	0.08	0.28
kraken:taxid|2689311	16543	0.00	0.08	0.16
kraken:taxid|2690220	32424	0.00	0.03	0.06
kraken:taxid|2690835	256174	0.26	18.56	0.17
kraken:taxid|2692228	16772	0.00	0.09	0.21
kraken:taxid|269412	16943	0.25	4.39	1.23
kraken:taxid|2696312	16320	0.01	0.11	0.36
kraken:taxid|2696576	114922	0.16	2.76	1.00
kraken:taxid|269719	564322	0.00	0.06	0.06
kraken:taxid|2697520	15679	0.00	0.04	0.13
kraken:taxid|269767	16216	0.01	0.16	0.17
kraken:taxid|2698477	21301	0.01	0.16	0.15
kraken:taxid|2699131	24927	0.00	0.11	0.14
kraken:taxid|2699547	15174	0.00	0.04	0.19
kraken:taxid|2704139	64525	0.00	0.16	0.15
kraken:taxid|2704509	15348	0.00	0.04	0.18
kraken:taxid|2704520	15716	0.01	0.20	0.24
kraken:taxid|270461	15140	0.01	0.13	0.31
kraken:taxid|270466	15129	0.00	0.05	0.25
kraken:taxid|270470	15304	0.00	0.04	0.17
kraken:taxid|2705017	15626	0.01	0.24	0.17
kraken:taxid|2705304	16398	1.49	25.01	0.78
kraken:taxid|270535	16061	0.00	0.04	0.16
kraken:taxid|270546	16392	0.00	0.04	0.19
kraken:taxid|270547	16590	0.00	0.09	0.19
kraken:taxid|2707115	16461	0.00	0.08	0.16
kraken:taxid|270899	16923	0.05	0.98	0.43
kraken:taxid|2709424	25726	0.01	0.16	0.51
kraken:taxid|2711	640906	0.02	1.02	0.54
kraken:taxid|2712849	15334	0.00	0.05	0.23
kraken:taxid|2713498	15721	0.01	0.14	0.22
kraken:taxid|2713617	16802	0.00	0.08	0.18
kraken:taxid|2713758	16445	0.00	0.06	0.35
kraken:taxid|2713774	16513	3.38	79.34	0.18
kraken:taxid|2714157	15349	0.02	0.51	0.29
kraken:taxid|2714596	15657	0.01	0.12	0.17
kraken:taxid|2714763	24643	0.00	0.09	0.29
kraken:taxid|2714766	117857	0.00	0.03	0.07
kraken:taxid|2715056	15931	0.01	0.13	0.25
kraken:taxid|2715842	17514	0.03	0.76	0.16
kraken:taxid|2716871	14827	9.15	207.46	0.28
kraken:taxid|2717061	16693	0.01	0.09	0.34
kraken:taxid|2717088	16678	0.00	0.06	0.37
kraken:taxid|2719083	15858	0.00	0.04	0.18
kraken:taxid|2719130	14936	0.00	0.04	0.19
kraken:taxid|2719141	15019	0.01	0.12	0.17
kraken:taxid|2720200	14415	0.00	0.04	0.18
kraken:taxid|272047	16860	0.00	0.04	0.15
kraken:taxid|2720869	15470	0.01	0.13	0.18
kraken:taxid|2721185	48417	0.02	0.87	0.11
kraken:taxid|2723987	19924	0.00	0.04	0.14
kraken:taxid|2724141	16103	0.04	0.43	0.73
kraken:taxid|2726146	65047	0.00	0.09	0.20
kraken:taxid|2726724	16497	0.68	15.94	0.46
kraken:taxid|272712	161224	0.01	0.43	0.05
kraken:taxid|27288	25753	0.01	0.21	0.12
kraken:taxid|27289	46425	0.01	0.18	0.33
kraken:taxid|27291	71355	0.07	1.28	0.64
kraken:taxid|27292	69019	0.00	0.02	0.04
kraken:taxid|2729512	248619	0.01	0.11	0.33
kraken:taxid|272952	38797	0.00	0.08	0.07
kraken:taxid|2729702	18645	0.01	0.15	0.17
kraken:taxid|2730933	46102	0.00	0.02	0.06
kraken:taxid|273131	46138	0.04	1.41	0.18
kraken:taxid|2731759	15947	0.00	0.04	0.18
kraken:taxid|27322	96922	0.00	0.14	0.06
kraken:taxid|27334	25496	0.35	2.91	6.90
kraken:taxid|2733477	1402206	0.00	0.06	0.02
kraken:taxid|27337	27184	0.06	0.77	0.95
kraken:taxid|273371	22528	0.01	0.11	0.58
kraken:taxid|273372	24152	0.01	0.19	0.39
kraken:taxid|27339	49772	0.00	0.04	0.13
kraken:taxid|27342	57732	0.00	0.07	0.16
kraken:taxid|273519	17423	0.01	0.31	0.15
kraken:taxid|273520	16222	0.01	0.20	0.16
kraken:taxid|2735432	16019	0.00	0.08	0.16
kraken:taxid|27357	30892	0.00	0.09	0.09
kraken:taxid|273775	104547	0.05	1.15	0.66
kraken:taxid|27389	15086	0.02	0.25	0.63
kraken:taxid|273949	16261	0.01	0.21	0.18
kraken:taxid|2739505	335372	0.00	0.06	0.03
kraken:taxid|2740426	16317	0.00	0.04	0.17
kraken:taxid|2742723	19646	0.00	0.08	0.17
kraken:taxid|2742724	19198	0.00	0.08	0.27
kraken:taxid|2744267	14962	0.02	0.35	0.35
kraken:taxid|27454	16134	0.00	0.04	0.19
kraken:taxid|274741	16498	0.00	0.12	0.16
kraken:taxid|27486	17817	0.00	0.09	0.20
kraken:taxid|2749093	16516	0.05	0.94	0.31
kraken:taxid|2749944	10555	1.12	22.60	0.25
kraken:taxid|2750407	15270	0.01	0.10	0.27
kraken:taxid|2751867	121350	0.08	1.49	1.10
kraken:taxid|2753391	997628	0.00	0.03	0.02
kraken:taxid|2753657	15348	0.00	0.06	0.35
kraken:taxid|2756213	15430	0.02	0.35	0.21
kraken:taxid|2756214	15407	0.02	0.39	0.38
kraken:taxid|2756270	15880	0.00	0.04	0.16
kraken:taxid|2758353	15239	0.00	0.04	0.17
kraken:taxid|2759233	16037	0.01	0.28	0.22
kraken:taxid|27615	16406	0.00	0.04	0.17
kraken:taxid|27616	16343	0.02	0.38	0.23
kraken:taxid|2762	51557	0.02	0.33	0.42
kraken:taxid|27622	16615	0.02	0.17	0.76
kraken:taxid|2762383	728635	0.01	0.49	0.14
kraken:taxid|2763923	15495	0.02	0.47	0.18
kraken:taxid|2765380	25908	0.01	0.26	0.14
kraken:taxid|2767329	15269	0.01	0.07	0.54
kraken:taxid|27674	16438	0.00	0.04	0.19
kraken:taxid|27675	16543	0.00	0.10	0.25
kraken:taxid|276763	16820	0.00	0.08	0.18
kraken:taxid|2769	25836	0.01	0.29	0.14
kraken:taxid|2769892	16057	0.00	0.12	0.16
kraken:taxid|27708	17082	0.00	0.04	0.19
kraken:taxid|27712	16540	0.00	0.09	0.18
kraken:taxid|2772037	37512	0.01	0.24	0.71
kraken:taxid|2772058	16647	0.03	0.48	0.35
kraken:taxid|2774091	15427	0.00	0.04	0.18
kraken:taxid|2774353	16234	0.00	0.04	0.18
kraken:taxid|2776654	16248	0.00	0.04	0.18
kraken:taxid|27787	16478	0.00	0.04	0.19
kraken:taxid|27788	16718	0.00	0.05	0.22
kraken:taxid|2778952	15555	0.00	0.04	0.17
kraken:taxid|2778953	15669	0.00	0.04	0.17
kraken:taxid|2779314	17141	0.02	0.44	0.16
kraken:taxid|2779804	104252	1.14	45.36	0.27
kraken:taxid|27807	15815	1.13	25.28	0.36
kraken:taxid|2781187	16035	0.02	0.39	0.27
kraken:taxid|2781637	15985	0.00	0.04	0.20
kraken:taxid|2783451	25409	0.00	0.03	0.12
kraken:taxid|2783555	17660	0.00	0.08	0.18
kraken:taxid|2783694	16414	0.02	0.56	0.16
kraken:taxid|2783702	17562	0.01	0.28	0.34
kraken:taxid|2784307	18425	0.00	0.11	0.16
kraken:taxid|2784598	38802	0.00	0.04	0.15
kraken:taxid|2785	42268	0.02	0.44	0.13
kraken:taxid|278535	2052004	0.00	0.18	0.03
kraken:taxid|2786	29123	0.03	0.49	0.44
kraken:taxid|2787	36753	0.07	2.52	0.16
kraken:taxid|278783	16532	0.09	1.48	0.34
kraken:taxid|2788	41688	0.00	0.07	0.25
kraken:taxid|2789523	16083	0.03	0.75	0.17
kraken:taxid|2789661	14916	0.00	0.04	0.17
kraken:taxid|27923	10326	0.01	0.11	0.28
kraken:taxid|2792477	15653	0.01	0.25	0.17
kraken:taxid|2792478	15943	0.00	0.04	0.19
kraken:taxid|2792509	15154	0.05	1.28	0.17
kraken:taxid|2792576	69581	0.00	0.12	0.16
kraken:taxid|2793073	54912	0.00	0.02	0.05
kraken:taxid|2793258	14956	0.01	0.21	0.17
kraken:taxid|2793981	17045	0.02	0.40	0.34
kraken:taxid|2794224	41682	0.01	0.51	0.06
kraken:taxid|279753	104624	0.00	0.15	0.04
kraken:taxid|279761	104608	0.63	15.44	0.92
kraken:taxid|2797651	15829	0.02	0.33	0.57
kraken:taxid|2798524	15798	0.02	0.53	0.22
kraken:taxid|2798527	14696	0.10	2.05	0.27
kraken:taxid|2799215	14918	0.01	0.13	0.17
kraken:taxid|279927	16822	0.00	0.09	0.32
kraken:taxid|279931	16725	0.02	0.39	0.41
kraken:taxid|279966	16826	0.01	0.16	0.39
kraken:taxid|2800228	15716	0.00	0.04	0.17
kraken:taxid|2800230	15737	0.00	0.06	0.22
kraken:taxid|2800240	15222	0.00	0.04	0.17
kraken:taxid|2800850	14917	0.00	0.04	0.20
kraken:taxid|2801	45191	0.01	0.36	0.18
kraken:taxid|2803191	16358	0.35	8.54	0.21
kraken:taxid|2803201	15409	0.14	3.37	0.17
kraken:taxid|2803750	14961	0.01	0.23	0.25
kraken:taxid|2803872	15940	0.02	0.37	0.17
kraken:taxid|280637	168526	0.00	0.03	0.04
kraken:taxid|2806439	16883	0.01	0.17	0.18
kraken:taxid|280754	25615	0.01	0.08	0.61
kraken:taxid|2807723	16198	0.00	0.08	0.16
kraken:taxid|280839	148199	0.00	0.11	0.05
kraken:taxid|2808977	15369	0.00	0.05	0.21
kraken:taxid|2810149	15730	0.00	0.12	0.17
kraken:taxid|281068	88409	0.00	0.03	0.07
kraken:taxid|281087	93602	0.00	0.03	0.07
kraken:taxid|2811511	15895	0.00	0.08	0.16
kraken:taxid|2812640	15266	0.00	0.09	0.20
kraken:taxid|2813430	15606	0.00	0.04	0.17
kraken:taxid|2813436	16442	0.00	0.04	0.16
kraken:taxid|281364	24565	0.01	0.16	0.87
kraken:taxid|2813651	160613	0.01	0.38	0.23
kraken:taxid|2816128	15312	0.00	0.08	0.18
kraken:taxid|2816129	15372	0.16	3.65	0.24
kraken:taxid|281719	47054	0.01	0.18	0.45
kraken:taxid|2818145	16155	0.02	0.31	0.26
kraken:taxid|2819025	38013	0.01	0.19	0.27
kraken:taxid|2819887	15716	0.00	0.04	0.18
kraken:taxid|2820093	16640	0.28	6.96	0.20
kraken:taxid|2820540	15443	0.01	0.13	0.19
kraken:taxid|2822	29735	0.00	0.03	0.11
kraken:taxid|282267	93343	0.00	0.03	0.12
kraken:taxid|282268	94278	0.00	0.03	0.08
kraken:taxid|282269	92936	0.00	0.02	0.03
kraken:taxid|282270	89534	0.00	0.03	0.09
kraken:taxid|282272	101777	0.00	0.02	0.03
kraken:taxid|282391	15280	0.01	0.26	0.18
kraken:taxid|2824824	15501	0.00	0.04	0.18
kraken:taxid|282772	239572	0.00	0.02	0.03
kraken:taxid|2829	38690	0.01	0.10	0.26
kraken:taxid|2829201	15736	0.02	0.54	0.39
kraken:taxid|2830340	14638	0.09	1.98	0.40
kraken:taxid|2831535	17319	0.77	18.51	0.20
kraken:taxid|2836419	18050	2.74	41.69	0.93
kraken:taxid|2836420	16005	0.03	0.39	0.56
kraken:taxid|2836840	15669	0.00	0.06	0.40
kraken:taxid|2837358	16077	0.10	1.66	1.17
kraken:taxid|283834	15372	0.01	0.19	0.40
kraken:taxid|283867	15287	0.01	0.07	0.53
kraken:taxid|2840247	75312	0.03	0.52	0.64
kraken:taxid|2848231	14791	0.01	0.14	0.39
kraken:taxid|2850	77356	0.00	0.06	0.08
kraken:taxid|28526	423596	0.00	0.02	0.01
kraken:taxid|2854037	13361	0.11	2.51	0.19
kraken:taxid|2854038	13730	0.00	0.05	0.23
kraken:taxid|2856	37784	0.00	0.08	0.23
kraken:taxid|2858	36252	0.00	0.06	0.10
kraken:taxid|28583	57473	0.00	0.09	0.05
kraken:taxid|28586	16955	0.00	0.04	0.12
kraken:taxid|2859449	15488	0.01	0.22	0.21
kraken:taxid|2859485	16358	12.17	225.86	0.33
kraken:taxid|286115	72775	0.02	0.38	0.35
kraken:taxid|286149	15183	0.00	0.05	0.20
kraken:taxid|286168	15658	0.00	0.12	0.17
kraken:taxid|2861760	17647	0.00	0.08	0.18
kraken:taxid|2861860	17359	0.31	6.32	0.24
kraken:taxid|286222	14603	0.00	0.04	0.18
kraken:taxid|2866131	16220	0.00	0.04	0.18
kraken:taxid|2866476	15316	0.13	3.07	0.19
kraken:taxid|2866487	15525	0.00	0.04	0.20
kraken:taxid|2866978	15340	0.01	0.27	0.20
kraken:taxid|2867039	15353	0.00	0.04	0.17
kraken:taxid|28685	16848	0.09	1.59	0.35
kraken:taxid|286882	1183731	0.00	0.04	0.07
kraken:taxid|2869168	15440	0.06	1.56	0.17
kraken:taxid|2870670	63479	0.02	0.32	1.22
kraken:taxid|2871843	25399	0.03	0.40	0.45
kraken:taxid|287196	16657	0.01	0.13	0.20
kraken:taxid|2872513	51453	0.01	0.24	0.21
kraken:taxid|2873973	16338	0.19	3.40	0.58
kraken:taxid|2873974	16302	0.07	1.49	0.28
kraken:taxid|2874286	14242	0.62	13.61	0.41
kraken:taxid|2874582	15565	0.14	3.06	0.22
kraken:taxid|2875974	16175	0.00	0.04	0.19
kraken:taxid|2876	31617	0.01	0.15	0.34
kraken:taxid|28792	16729	0.00	0.08	0.17
kraken:taxid|2880903	15683	0.01	0.16	0.17
kraken:taxid|2881531	15621	0.01	0.17	0.17
kraken:taxid|28849	24963	0.09	2.58	0.14
kraken:taxid|288516	13378	0.09	1.69	0.97
kraken:taxid|288557	17186	0.01	0.35	0.16
kraken:taxid|2885775	14755	0.01	0.17	0.19
kraken:taxid|2886022	15886	0.00	0.08	0.18
kraken:taxid|2886252	15620	0.01	0.18	0.13
kraken:taxid|2886253	15625	0.00	0.09	0.19
kraken:taxid|2886254	15437	0.00	0.08	0.17
kraken:taxid|2886256	15660	0.02	0.39	0.22
kraken:taxid|2886257	15432	0.14	3.12	0.23
kraken:taxid|2886263	15816	0.10	1.68	0.37
kraken:taxid|288723	62846	0.02	0.64	0.31
kraken:taxid|288795	107808	0.02	0.57	0.22
kraken:taxid|2891616	15789	0.00	0.09	0.18
kraken:taxid|2892461	583450	0.91	2.74	18.51
kraken:taxid|2892520	15469	0.00	0.09	0.19
kraken:taxid|2892960	14812	0.07	1.46	0.25
kraken:taxid|2893	38053	0.00	0.05	0.07
kraken:taxid|28930	504715	0.00	0.06	0.08
kraken:taxid|2893140	14782	0.00	0.09	0.22
kraken:taxid|2893141	14842	0.31	6.67	0.46
kraken:taxid|2893142	14614	20.42	457.19	0.40
kraken:taxid|2893144	15053	5.42	116.86	0.24
kraken:taxid|2893149	15699	0.02	0.49	0.17
kraken:taxid|2893150	14793	21.50	454.25	0.30
kraken:taxid|2893151	15391	1.44	31.05	0.31
kraken:taxid|2893152	14752	0.01	0.27	0.36
kraken:taxid|2893156	16507	0.01	0.12	0.21
kraken:taxid|289455	14491	0.07	1.55	0.21
kraken:taxid|2895755	15705	0.01	0.20	0.17
kraken:taxid|28964	737091	0.00	0.09	0.07
kraken:taxid|2897803	16195	0.01	0.20	0.30
kraken:taxid|2898271	16266	0.03	0.62	0.22
kraken:taxid|28985	40291	0.15	1.99	3.44
kraken:taxid|28995	70671	0.10	3.82	0.12
kraken:taxid|290220	420362	0.00	0.12	0.15
kraken:taxid|2902610	675483	0.00	0.20	0.02
kraken:taxid|2902762	14402	0.01	0.23	0.39
kraken:taxid|2903269	16513	0.03	0.75	0.18
kraken:taxid|2904886	16503	0.10	2.11	0.55
kraken:taxid|2904888	15010	0.01	0.13	0.19
kraken:taxid|2904893	15338	0.00	0.05	0.22
kraken:taxid|2904894	16593	0.02	0.37	0.59
kraken:taxid|2904897	15102	0.21	4.00	1.60
kraken:taxid|2904899	15262	0.01	0.25	0.17
kraken:taxid|2904900	15259	0.00	0.08	0.18
kraken:taxid|2904907	15808	0.11	2.80	0.19
kraken:taxid|290503	17805	0.01	0.27	0.15
kraken:taxid|2905217	16587	0.00	0.05	0.25
kraken:taxid|2905676	14263	0.01	0.15	0.55
kraken:taxid|2905682	16028	0.00	0.12	0.16
kraken:taxid|290576	36957	0.07	1.60	0.52
kraken:taxid|29058	15347	0.00	0.06	0.36
kraken:taxid|290649	16576	0.00	0.08	0.17
kraken:taxid|2906567	15826	0.00	0.09	0.19
kraken:taxid|2907788	15334	0.00	0.08	0.17
kraken:taxid|2908302	15631	0.00	0.08	0.18
kraken:taxid|2909401	15259	0.00	0.07	0.43
kraken:taxid|2910171	16019	0.02	0.43	0.29
kraken:taxid|2910228	17125	0.01	0.15	0.34
kraken:taxid|2910267	30721	0.09	0.62	2.35
kraken:taxid|2911681	14974	0.00	0.09	0.19
kraken:taxid|2911889	17555	0.00	0.12	0.15
kraken:taxid|2912034	104812	0.00	0.05	0.03
kraken:taxid|2912531	15419	0.03	0.82	0.17
kraken:taxid|2912563	17685	0.00	0.06	0.34
kraken:taxid|2913264	15559	0.02	0.37	0.34
kraken:taxid|2913602	15413	0.01	0.09	0.35
kraken:taxid|2913656	16218	0.01	0.21	0.18
kraken:taxid|2913657	15325	0.03	0.68	0.22
kraken:taxid|2913902	94877	0.01	0.26	0.42
kraken:taxid|2914186	16011	0.00	0.08	0.17
kraken:taxid|2914700	15617	0.05	1.11	0.20
kraken:taxid|2914704	15614	0.00	0.05	0.20
kraken:taxid|291482	16624	0.00	0.04	0.19
kraken:taxid|291501	1414795	0.00	0.04	0.01
kraken:taxid|29158	16744	0.01	0.28	0.16
kraken:taxid|2916994	15328	0.00	0.09	0.19
kraken:taxid|2919411	16571	0.04	0.90	0.67
kraken:taxid|2922175	12950	0.00	0.05	0.25
kraken:taxid|2922177	11133	0.01	0.16	0.30
kraken:taxid|2922209	18024	0.00	0.04	0.16
kraken:taxid|292273	15807	0.00	0.04	0.19
kraken:taxid|292403	15325	0.00	0.08	0.18
kraken:taxid|2926466	16162	0.00	0.04	0.19
kraken:taxid|2927193	15281	0.01	0.26	0.18
kraken:taxid|2928023	16246	0.00	0.04	0.18
kraken:taxid|2928756	16496	0.01	0.15	0.34
kraken:taxid|2928768	16613	0.00	0.04	0.17
kraken:taxid|2928774	14489	0.01	0.13	0.18
kraken:taxid|2929027	14924	125.97	2800.16	0.26
kraken:taxid|2929831	15438	0.00	0.04	0.20
kraken:taxid|2929906	16513	0.00	0.08	0.16
kraken:taxid|2929912	15689	0.03	0.60	0.22
kraken:taxid|2930055	15988	0.01	0.13	0.19
kraken:taxid|2930056	15671	0.02	0.43	0.19
kraken:taxid|2930057	15815	0.01	0.28	0.18
kraken:taxid|2930060	15784	0.10	2.26	0.22
kraken:taxid|2930062	15159	0.00	0.04	0.19
kraken:taxid|2930515	16304	3.59	72.31	1.00
kraken:taxid|2930961	16228	0.00	0.04	0.16
kraken:taxid|2932428	16451	0.00	0.04	0.18
kraken:taxid|2932622	15423	0.00	0.04	0.18
kraken:taxid|2932796	14939	0.00	0.04	0.18
kraken:taxid|2932797	15259	18.93	434.23	0.26
kraken:taxid|2933211	15851	0.00	0.04	0.16
kraken:taxid|2936620	16599	0.02	0.50	0.17
kraken:taxid|293709	16569	0.01	0.17	0.18
kraken:taxid|2939277	16076	0.01	0.12	0.22
kraken:taxid|2939475	15234	0.00	0.09	0.23
kraken:taxid|294128	15991	0.17	3.97	0.26
kraken:taxid|2942250	15023	0.00	0.04	0.18
kraken:taxid|2942403	16143	0.03	0.75	0.17
kraken:taxid|2946514	16651	0.01	0.28	0.16
kraken:taxid|2946520	16555	0.01	0.13	0.20
kraken:taxid|2946727	16108	0.00	0.04	0.16
kraken:taxid|2946729	15367	0.01	0.16	0.62
kraken:taxid|294695	15724	0.05	0.98	0.35
kraken:taxid|2950354	15999	0.00	0.12	0.16
kraken:taxid|2950357	15986	0.00	0.05	0.21
kraken:taxid|2950364	15558	0.02	0.34	0.23
kraken:taxid|2950985	128592	0.02	0.74	0.23
kraken:taxid|295213	15613	0.00	0.08	0.18
kraken:taxid|2952366	16266	0.03	0.77	0.20
kraken:taxid|2954232	77942	0.00	0.02	0.05
kraken:taxid|295481	38349	0.00	0.03	0.08
kraken:taxid|295660	14476	0.01	0.13	0.18
kraken:taxid|29583	109586	0.00	0.19	0.07
kraken:taxid|296134	16244	0.01	0.17	0.19
kraken:taxid|2962190	16528	0.66	16.68	0.16
kraken:taxid|2962406	15917	0.03	0.69	0.28
kraken:taxid|2962661	15480	0.00	0.09	0.21
kraken:taxid|2962664	16728	0.00	0.04	0.16
kraken:taxid|2962709	18218	0.16	3.81	0.40
kraken:taxid|2962738	16586	0.00	0.05	0.23
kraken:taxid|2963023	19733	0.01	0.08	0.62
kraken:taxid|2963723	16527	0.01	0.25	0.18
kraken:taxid|2965079	16673	0.00	0.04	0.13
kraken:taxid|2965261	14992	0.00	0.09	0.19
kraken:taxid|29655	191481	2.21	72.59	0.39
kraken:taxid|29656	228493	0.00	0.09	0.07
kraken:taxid|296587	47425	0.05	1.45	0.17
kraken:taxid|2966219	68909	0.10	1.96	1.44
kraken:taxid|296717	15416	0.01	0.12	0.17
kraken:taxid|29674	520691	0.00	0.08	0.12
kraken:taxid|296905	106818	0.00	0.08	0.21
kraken:taxid|2969364	14738	0.01	0.15	0.24
kraken:taxid|2969596	15040	0.00	0.08	0.18
kraken:taxid|2969665	15431	0.00	0.04	0.17
kraken:taxid|2969967	15801	0.00	0.04	0.18
kraken:taxid|2969970	15985	0.00	0.04	0.16
kraken:taxid|2971074	16118	0.00	0.09	0.20
kraken:taxid|29722	156427	0.01	0.12	0.21
kraken:taxid|29729	687482	0.00	0.02	0.01
kraken:taxid|29730	676078	0.00	0.06	0.01
kraken:taxid|2973067	16175	0.03	0.44	0.75
kraken:taxid|2974349	15374	0.01	0.22	0.19
kraken:taxid|29760	773279	0.02	0.27	0.70
kraken:taxid|2976329	16552	0.91	19.12	0.24
kraken:taxid|2976389	76643	0.01	0.26	0.11
kraken:taxid|2977349	17186	0.02	0.44	0.16
kraken:taxid|2977783	15769	0.01	0.21	0.17
kraken:taxid|2978449	15495	0.07	1.67	0.17
kraken:taxid|2980473	16375	0.01	0.12	0.23
kraken:taxid|29808	469769	0.07	5.55	0.15
kraken:taxid|2980995	17368	0.01	0.16	0.16
kraken:taxid|298172	18035	0.00	0.04	0.16
kraken:taxid|2981998	15282	0.00	0.09	0.18
kraken:taxid|2982312	16045	0.02	0.34	0.60
kraken:taxid|2982585	14896	0.00	0.04	0.17
kraken:taxid|2982681	15787	0.03	0.73	0.16
kraken:taxid|2982683	15454	0.60	14.36	0.17
kraken:taxid|29833	18844	0.00	0.08	0.15
kraken:taxid|2983421	15247	0.03	0.71	0.20
kraken:taxid|2983422	15376	0.15	3.54	0.24
kraken:taxid|2983428	15412	0.01	0.21	0.18
kraken:taxid|2983999	16571	0.01	0.19	0.34
kraken:taxid|2984018	16576	0.02	0.37	0.27
kraken:taxid|2984023	14859	0.00	0.08	0.17
kraken:taxid|2984125	14965	0.13	3.06	0.18
kraken:taxid|2984126	14997	0.00	0.04	0.14
kraken:taxid|2984367	15387	0.06	1.32	0.42
kraken:taxid|2984368	16437	0.00	0.09	0.18
kraken:taxid|29852	71638	0.03	0.51	0.63
kraken:taxid|29855	69895	0.07	1.12	1.20
kraken:taxid|29856	40921	0.01	0.33	0.28
kraken:taxid|2986	41035	0.15	2.91	0.79
kraken:taxid|2987625	15720	0.01	0.29	0.18
kraken:taxid|29883	95304	0.08	2.25	0.39
kraken:taxid|298831	16807	0.34	7.10	0.39
kraken:taxid|29884	119803	0.01	0.12	0.49
kraken:taxid|29892	40681	0.01	0.24	0.40
kraken:taxid|2989845	15730	0.01	0.14	0.38
kraken:taxid|29908	27125	0.02	0.25	1.32
kraken:taxid|29910	25328	0.02	0.51	0.49
kraken:taxid|2991874	15268	0.00	0.09	0.19
kraken:taxid|2992010	15177	0.01	0.12	0.34
kraken:taxid|2992775	16855	0.01	0.20	0.17
kraken:taxid|2992776	18290	0.00	0.04	0.14
kraken:taxid|2992820	15847	0.01	0.15	0.35
kraken:taxid|2992824	15782	0.00	0.04	0.18
kraken:taxid|2992825	15822	0.00	0.08	0.16
kraken:taxid|2992948	15587	0.75	16.70	0.55
kraken:taxid|299325	16619	0.00	0.09	0.20
kraken:taxid|2993326	16333	0.01	0.18	0.32
kraken:taxid|2993327	16058	0.00	0.04	0.19
kraken:taxid|2993453	17972	0.01	0.13	0.96
kraken:taxid|2993552	16148	0.00	0.04	0.17
kraken:taxid|2993811	16705	0.00	0.04	0.17
kraken:taxid|299392	45343	0.00	0.02	0.06
kraken:taxid|2993987	15128	0.00	0.04	0.18
kraken:taxid|2995194	16771	0.01	0.22	0.20
kraken:taxid|299549	16565	0.00	0.04	0.18
kraken:taxid|2996722	17079	0.13	3.05	0.17
kraken:taxid|2996732	15053	0.00	0.04	0.18
kraken:taxid|3000260	16683	0.00	0.04	0.17
kraken:taxid|3002416	16606	0.00	0.09	0.19
kraken:taxid|3002513	16661	0.00	0.10	0.25
kraken:taxid|3003636	15594	0.00	0.04	0.17
kraken:taxid|3003724	16510	0.01	0.16	0.16
kraken:taxid|3003843	17300	0.00	0.04	0.20
kraken:taxid|3004147	16602	0.00	0.05	0.20
kraken:taxid|30042	15970	0.01	0.20	0.16
kraken:taxid|3004220	586503	0.00	0.06	0.09
kraken:taxid|3004264	14953	0.02	0.30	0.35
kraken:taxid|3004265	16194	0.05	1.27	0.36
kraken:taxid|30043	19681	0.09	1.94	0.49
kraken:taxid|300813	16345	0.03	0.72	0.16
kraken:taxid|30085	17747	0.01	0.23	0.15
kraken:taxid|30099	15723	0.00	0.04	0.17
kraken:taxid|301146	17011	0.00	0.08	0.17
kraken:taxid|301336	105001	0.01	0.43	0.17
kraken:taxid|301367	52527	0.00	0.14	0.11
kraken:taxid|301368	55476	0.00	0.05	0.05
kraken:taxid|301477	73992	0.17	6.68	0.97
kraken:taxid|3015513	16611	0.00	0.09	0.19
kraken:taxid|3015558	15569	0.01	0.13	0.18
kraken:taxid|3016857	15107	0.02	0.31	0.42
kraken:taxid|3018683	16480	0.15	2.80	0.36
kraken:taxid|3018785	16087	0.01	0.17	0.17
kraken:taxid|3019671	16840	0.01	0.12	0.21
kraken:taxid|3019673	15970	0.00	0.04	0.16
kraken:taxid|3019674	16728	0.35	7.14	0.36
kraken:taxid|302046	16720	0.00	0.09	0.19
kraken:taxid|302094	17551	0.02	0.49	0.18
kraken:taxid|3021815	15618	0.01	0.23	0.21
kraken:taxid|3021816	15253	0.01	0.30	0.28
kraken:taxid|3021818	15479	0.01	0.17	0.22
kraken:taxid|3023024	18990	0.00	0.04	0.15
kraken:taxid|3023801	15233	0.00	0.09	0.19
kraken:taxid|3024791	25174	0.12	2.93	0.35
kraken:taxid|3025369	15221	0.01	0.17	0.17
kraken:taxid|3025504	15338	0.03	0.74	0.20
kraken:taxid|3025506	15333	0.00	0.08	0.18
kraken:taxid|3025998	16115	0.00	0.07	0.47
kraken:taxid|3026508	15907	0.00	0.05	0.21
kraken:taxid|3027144	16261	0.00	0.08	0.16
kraken:taxid|3027488	16572	0.01	0.17	0.18
kraken:taxid|3028028	33039	0.04	0.49	0.85
kraken:taxid|3028462	18197	0.00	0.04	0.16
kraken:taxid|30301	14928	0.15	3.54	0.17
kraken:taxid|303235	16709	0.01	0.13	0.45
kraken:taxid|3032574	16850	0.00	0.08	0.16
kraken:taxid|303402	38452	0.01	0.19	0.16
kraken:taxid|303403	49250	0.00	0.02	0.06
kraken:taxid|3035246	15942	0.00	0.07	0.13
kraken:taxid|3035248	15859	0.00	0.04	0.13
kraken:taxid|3035250	15661	0.23	5.25	0.23
kraken:taxid|3035251	15597	0.02	0.33	0.28
kraken:taxid|3037028	16178	0.06	1.35	0.33
kraken:taxid|3037680	15665	0.01	0.33	0.33
kraken:taxid|3038120	16003	118.96	2112.97	0.68
kraken:taxid|3038122	15491	0.00	0.05	0.27
kraken:taxid|30388	16766	0.17	3.28	0.38
kraken:taxid|30390	18703	0.02	0.16	1.31
kraken:taxid|303930	16399	0.01	0.17	0.17
kraken:taxid|303946	16692	0.00	0.09	0.20
kraken:taxid|30397	18674	0.00	0.05	0.24
kraken:taxid|30403	16710	0.01	0.19	0.45
kraken:taxid|3040460	16562	0.00	0.04	0.19
kraken:taxid|3040648	15632	0.00	0.08	0.18
kraken:taxid|3040697	13145	0.00	0.04	0.20
kraken:taxid|3041292	16086	0.06	1.47	0.19
kraken:taxid|30425	16779	0.01	0.17	0.37
kraken:taxid|30427	16822	0.01	0.13	0.45
kraken:taxid|304287	16561	0.26	6.27	0.18
kraken:taxid|304445	109400	0.00	0.03	0.02
kraken:taxid|304461	13780	0.01	0.13	0.19
kraken:taxid|3045418	15013	0.04	0.68	0.37
kraken:taxid|3045420	14716	0.45	9.49	0.42
kraken:taxid|3045428	15557	0.11	2.30	0.41
kraken:taxid|3045898	15411	0.03	0.67	0.18
kraken:taxid|3045903	15375	0.00	0.09	0.19
kraken:taxid|3045904	14915	0.00	0.04	0.18
kraken:taxid|304640	16739	0.02	0.34	0.37
kraken:taxid|304671	16811	0.01	0.11	0.49
kraken:taxid|3047594	15248	0.00	0.04	0.14
kraken:taxid|3050174	15011	0.00	0.04	0.17
kraken:taxid|3050175	16690	0.00	0.12	0.16
kraken:taxid|3051022	17871	0.01	0.27	0.15
kraken:taxid|3051302	13744	0.01	0.14	0.22
kraken:taxid|3051952	17637	0.09	2.15	0.30
kraken:taxid|3053535	17540	0.00	0.04	0.17
kraken:taxid|305400	89084	0.00	0.05	0.15
kraken:taxid|3054418	15450	0.00	0.04	0.17
kraken:taxid|3054878	15457	0.00	0.04	0.17
kraken:taxid|3055	15758	0.00	0.04	0.18
kraken:taxid|3055801	18263	0.01	0.21	0.18
kraken:taxid|3056834	15899	0.00	0.04	0.14
kraken:taxid|3057150	15494	13.26	287.81	0.29
kraken:taxid|3057151	15338	0.21	4.74	0.28
kraken:taxid|3058151	15498	0.00	0.05	0.27
kraken:taxid|3058154	17574	0.01	0.15	0.15
kraken:taxid|3058155	16191	0.00	0.09	0.32
kraken:taxid|3058160	15485	0.02	0.43	0.19
kraken:taxid|30586	16501	0.02	0.26	0.75
kraken:taxid|30588	16872	33.37	337.49	1.67
kraken:taxid|305967	14188	0.02	0.41	0.20
kraken:taxid|306035	15640	0.17	3.84	0.24
kraken:taxid|30608	17114	0.01	0.11	0.32
kraken:taxid|3061097	16420	0.01	0.23	0.23
kraken:taxid|3061172	16616	0.02	0.24	0.51
kraken:taxid|306322	15858	0.00	0.08	0.16
kraken:taxid|3064204	17160	0.01	0.12	0.17
kraken:taxid|3064205	15839	0.00	0.12	0.16
kraken:taxid|3064207	16821	0.00	0.04	0.15
kraken:taxid|3065209	15045	0.05	1.20	0.38
kraken:taxid|3065215	15747	0.53	7.74	0.59
kraken:taxid|3065217	16598	0.00	0.05	0.24
kraken:taxid|3068300	14235	0.01	0.10	0.27
kraken:taxid|3068913	15086	3.49	76.81	0.25
kraken:taxid|3068914	17643	0.03	0.81	0.15
kraken:taxid|3070662	376287	0.00	0.04	0.03
kraken:taxid|3072306	16395	0.00	0.07	0.18
kraken:taxid|3074309	17356	0.00	0.04	0.15
kraken:taxid|3075	57274	0.00	0.07	0.06
kraken:taxid|3076	52528	0.06	1.22	0.32
kraken:taxid|3077	87477	0.07	3.14	0.15
kraken:taxid|3078205	15421	0.01	0.12	0.20
kraken:taxid|30790	16431	0.00	0.05	0.21
kraken:taxid|307944	16572	0.01	0.24	0.16
kraken:taxid|307970	16593	0.00	0.09	0.22
kraken:taxid|3079919	15411	0.01	0.30	0.36
kraken:taxid|308060	16972	0.01	0.13	0.20
kraken:taxid|308077	16547	0.01	0.13	0.20
kraken:taxid|3080980	15605	0.01	0.34	0.24
kraken:taxid|3081096	15805	0.00	0.06	0.37
kraken:taxid|3081099	15186	0.00	0.08	0.31
kraken:taxid|3081102	16207	0.94	21.98	0.65
kraken:taxid|3081104	16044	0.00	0.11	0.13
kraken:taxid|3081105	15871	0.00	0.08	0.16
kraken:taxid|3081115	16139	0.00	0.08	0.18
kraken:taxid|3081117	15951	0.29	4.44	1.11
kraken:taxid|3081121	16287	0.11	1.86	0.55
kraken:taxid|3081123	15896	0.83	19.02	0.19
kraken:taxid|3081681	15751	0.00	0.04	0.17
kraken:taxid|3081970	14695	0.00	0.04	0.18
kraken:taxid|3082044	15673	0.01	0.12	0.17
kraken:taxid|308564	16797	0.01	0.31	0.19
kraken:taxid|3088	42781	0.00	0.03	0.08
kraken:taxid|3091002	14755	0.00	0.04	0.18
kraken:taxid|3095015	16876	0.03	0.62	0.17
kraken:taxid|3095170	16236	0.01	0.25	0.18
kraken:taxid|3095931	15389	13.29	305.66	0.31
kraken:taxid|3095932	15341	0.00	0.04	0.17
kraken:taxid|3095940	15215	0.04	0.94	0.25
kraken:taxid|309737	38419	0.00	0.03	0.07
kraken:taxid|3099	38021	0.01	0.22	0.10
kraken:taxid|310261	16480	0.21	0.97	7.20
kraken:taxid|310352	16536	0.01	0.17	0.19
kraken:taxid|3103804	15962	0.06	1.30	0.19
kraken:taxid|3105842	16810	0.00	0.04	0.15
kraken:taxid|3106009	14306	0.01	0.17	0.18
kraken:taxid|310659	21020	0.00	0.08	0.17
kraken:taxid|3108262	15267	0.00	0.04	0.14
kraken:taxid|311011	15187	0.01	0.25	0.17
kraken:taxid|311046	15272	0.00	0.04	0.20
kraken:taxid|311049	15246	0.00	0.05	0.22
kraken:taxid|311074	15305	0.00	0.04	0.18
kraken:taxid|3111	55328	0.04	0.78	0.38
kraken:taxid|3111112	15160	0.04	0.73	0.42
kraken:taxid|311198	19567	0.00	0.04	0.15
kraken:taxid|311206	15962	0.00	0.04	0.18
kraken:taxid|3112131	16173	0.00	0.04	0.17
kraken:taxid|3112133	15651	0.01	0.33	0.17
kraken:taxid|3112135	15488	1.16	24.50	0.48
kraken:taxid|3112139	15308	5.12	118.43	0.27
kraken:taxid|3112140	15260	1.69	39.39	0.54
kraken:taxid|3112168	15272	0.00	0.04	0.18
kraken:taxid|3112899	16812	0.00	0.04	0.17
kraken:taxid|3112911	16853	0.01	0.20	0.44
kraken:taxid|311356	16669	0.36	8.79	0.23
kraken:taxid|31167	10487	0.17	2.98	0.62
kraken:taxid|3118448	17092	0.00	0.04	0.16
kraken:taxid|3118775	15532	0.01	0.16	0.38
kraken:taxid|3118776	15017	0.00	0.04	0.14
kraken:taxid|31188	15744	0.00	0.04	0.20
kraken:taxid|31199	16221	3.88	85.31	1.05
kraken:taxid|312124	16883	0.24	3.33	1.37
kraken:taxid|312347	16429	0.01	0.30	0.19
kraken:taxid|31241	13675	0.06	1.00	0.31
kraken:taxid|3125	242024	0.01	0.34	0.15
kraken:taxid|3126097	15437	0.02	0.47	0.34
kraken:taxid|312850	69997	0.04	0.97	0.36
kraken:taxid|312888	15410	0.00	0.04	0.18
kraken:taxid|31302	44840	0.01	0.44	0.06
kraken:taxid|31312	45223	0.20	3.95	1.16
kraken:taxid|3133	45971	0.19	2.98	0.81
kraken:taxid|3134086	15841	0.00	0.04	0.17
kraken:taxid|31347	35668	0.00	0.03	0.08
kraken:taxid|31354	26807	0.00	0.06	0.10
kraken:taxid|31363	33492	0.00	0.03	0.08
kraken:taxid|3140254	193195	0.04	1.64	0.22
kraken:taxid|3142258	323370	0.00	0.09	0.04
kraken:taxid|31436	25906	0.00	0.04	0.19
kraken:taxid|3144	201763	0.22	9.47	0.56
kraken:taxid|3148947	17767	0.01	0.15	0.15
kraken:taxid|3149554	16817	0.02	0.23	0.85
kraken:taxid|3149570	16811	0.02	0.39	0.35
kraken:taxid|3149712	17207	0.01	0.29	0.17
kraken:taxid|3149827	16799	0.00	0.04	0.18
kraken:taxid|31502	26166	0.01	0.32	0.10
kraken:taxid|3150485	17011	0.00	0.08	0.21
kraken:taxid|3150618	18012	0.00	0.08	0.14
kraken:taxid|3150713	16950	0.01	0.10	0.40
kraken:taxid|3150716	16955	0.00	0.09	0.18
kraken:taxid|3150717	16966	0.16	3.70	0.34
kraken:taxid|3150944	16688	0.00	0.09	0.19
kraken:taxid|3151031	17814	0.15	3.58	0.31
kraken:taxid|3151062	16821	0.00	0.04	0.18
kraken:taxid|3151107	65940	0.01	0.14	0.39
kraken:taxid|315943	38888	0.03	0.35	1.31
kraken:taxid|316104	16854	0.00	0.04	0.17
kraken:taxid|316189	15593	0.11	2.25	0.38
kraken:taxid|316209	17046	0.03	0.48	0.57
kraken:taxid|316222	15715	0.00	0.12	0.17
kraken:taxid|316224	17414	0.00	0.08	0.16
kraken:taxid|3163629	107774	0.00	0.08	0.03
kraken:taxid|316366	16506	0.00	0.04	0.16
kraken:taxid|317100	24970	0.08	2.32	0.13
kraken:taxid|317102	24916	0.10	2.68	0.14
kraken:taxid|317132	18039	0.00	0.08	0.16
kraken:taxid|317135	18116	0.19	4.85	0.30
kraken:taxid|317137	17997	0.00	0.04	0.17
kraken:taxid|317513	15777	0.02	0.33	0.33
kraken:taxid|318479	14628	0.01	0.10	0.40
kraken:taxid|318703	15839	0.00	0.12	0.16
kraken:taxid|318829	34865	0.02	0.24	1.20
kraken:taxid|3190	78958	0.00	0.11	0.17
kraken:taxid|319061	38803	0.08	1.31	1.39
kraken:taxid|31908	16798	0.17	2.54	1.06
kraken:taxid|319627	79798	2.26	16.62	11.14
kraken:taxid|319761	15593	0.04	0.90	0.21
kraken:taxid|320243	15178	0.00	0.04	0.18
kraken:taxid|320569	17112	0.08	1.38	0.38
kraken:taxid|320617	16888	0.00	0.04	0.17
kraken:taxid|320637	16665	0.00	0.09	0.22
kraken:taxid|321084	17473	0.00	0.08	0.16
kraken:taxid|3213	114831	0.01	0.15	0.13
kraken:taxid|321363	1009263	0.01	0.73	0.07
kraken:taxid|321387	13422	0.00	0.09	0.21
kraken:taxid|321389	13913	0.01	0.13	0.19
kraken:taxid|321398	17187	0.75	9.71	2.75
kraken:taxid|321403	19801	0.24	6.00	0.16
kraken:taxid|321550	601574	0.00	0.05	0.07
kraken:taxid|321614	49761	0.31	3.41	6.31
kraken:taxid|3218	105340	0.00	0.21	0.12
kraken:taxid|322115	16588	0.00	0.05	0.20
kraken:taxid|32256	458738	0.02	1.98	0.37
kraken:taxid|322584	16799	0.00	0.04	0.17
kraken:taxid|3230820	16590	0.00	0.05	0.23
kraken:taxid|3234	228048	0.00	0.16	0.10
kraken:taxid|323804	16562	0.00	0.06	0.42
kraken:taxid|3240	364070	72.65	5072.12	0.32
kraken:taxid|32408	17212	0.00	0.08	0.27
kraken:taxid|324593	320439	0.00	0.02	0.02
kraken:taxid|3246695	16908	0.00	0.08	0.21
kraken:taxid|325335	17355	0.02	0.28	0.97
kraken:taxid|325343	17379	0.01	0.13	0.83
kraken:taxid|325452	37467	0.00	0.10	0.11
kraken:taxid|326628	133782	0.05	0.96	0.72
kraken:taxid|326768	1166331	0.01	0.22	0.18
kraken:taxid|326968	365190	0.00	0.03	0.05
kraken:taxid|328652	15318	0.00	0.04	0.18
kraken:taxid|329348	15616	0.00	0.09	0.19
kraken:taxid|3298910	14985	0.22	5.09	0.41
kraken:taxid|330458	15395	0.01	0.10	0.92
kraken:taxid|3311	346544	0.00	0.17	0.06
kraken:taxid|33125	287054	0.00	0.02	0.02
kraken:taxid|33158	42419	0.09	1.32	1.36
kraken:taxid|33203	23495	0.02	0.25	0.81
kraken:taxid|332336	783161	0.02	0.85	0.30
kraken:taxid|332521	15475	0.13	3.19	0.25
kraken:taxid|332947	52245	0.02	0.47	0.45
kraken:taxid|3341436	16619	0.00	0.08	0.16
kraken:taxid|334426	13585	0.00	0.09	0.21
kraken:taxid|334618	13896	0.01	0.14	0.30
kraken:taxid|334891	16561	0.02	0.43	0.19
kraken:taxid|334920	15694	0.00	0.05	0.21
kraken:taxid|334942	16495	0.00	0.04	0.16
kraken:taxid|3352	1191054	0.01	0.56	0.05
kraken:taxid|3352556	16606	0.00	0.09	0.22
kraken:taxid|335471	15258	0.02	0.40	0.29
kraken:taxid|335548	16896	0.26	2.80	2.31
kraken:taxid|33556	16421	0.02	0.56	0.16
kraken:taxid|335776	17432	0.00	0.04	0.15
kraken:taxid|33584	16925	0.01	0.17	0.19
kraken:taxid|335852	48975	0.13	1.34	2.13
kraken:taxid|33598	16933	0.01	0.14	0.67
kraken:taxid|33601	17007	0.00	0.05	0.25
kraken:taxid|33612	19285	0.00	0.05	0.22
kraken:taxid|33614	19329	0.00	0.06	0.31
kraken:taxid|3363571	16492	0.00	0.04	0.16
kraken:taxid|3363650	17857	0.10	2.37	0.35
kraken:taxid|33653	43159	0.25	4.75	1.15
kraken:taxid|336955	1325814	0.00	0.58	0.03
kraken:taxid|3370180	16666	0.00	0.04	0.19
kraken:taxid|337075	191189	0.02	0.80	0.22
kraken:taxid|3370983	16362	0.00	0.08	0.16
kraken:taxid|3371009	16816	0.00	0.09	0.22
kraken:taxid|337173	16960	0.00	0.09	0.18
kraken:taxid|337178	16821	0.06	0.85	0.51
kraken:taxid|3372812	17035	0.07	0.65	1.47
kraken:taxid|337582	16236	0.01	0.14	0.52
kraken:taxid|3377	978846	0.27	46.03	0.08
kraken:taxid|3381234	15614	0.00	0.08	0.17
kraken:taxid|3381247	15545	0.01	0.16	0.19
kraken:taxid|3381279	15997	0.01	0.18	0.20
kraken:taxid|338184	1156235	0.00	0.14	0.08
kraken:taxid|339843	15499	0.01	0.16	0.17
kraken:taxid|340180	16364	0.00	0.06	0.34
kraken:taxid|3403	865191	0.00	0.03	0.03
kraken:taxid|340433	25086	0.00	0.07	0.12
kraken:taxid|340915	63821	0.02	0.32	0.86
kraken:taxid|341076	14088	0.01	0.11	1.33
kraken:taxid|341250	16751	0.00	0.04	0.17
kraken:taxid|3415	553721	0.00	0.14	0.05
kraken:taxid|342690	18002	0.00	0.07	0.23
kraken:taxid|34273	644395	0.00	0.04	0.00
kraken:taxid|34281	644460	0.00	0.02	0.00
kraken:taxid|34285	666081	0.01	0.85	0.01
kraken:taxid|34316	463134	0.00	0.11	0.01
kraken:taxid|343530	50942	0.01	0.17	0.12
kraken:taxid|343691	15698	0.01	0.16	0.18
kraken:taxid|34386	24260	0.03	0.25	1.58
kraken:taxid|34388	24316	0.01	0.15	0.83
kraken:taxid|34391	30910	2.60	19.08	6.88
kraken:taxid|343929	16827	0.00	0.07	0.46
kraken:taxid|3444253	16132	0.00	0.04	0.17
kraken:taxid|34466	73416	0.00	0.08	0.05
kraken:taxid|344871	211002	0.00	0.03	0.03
kraken:taxid|34506	16609	0.04	0.71	0.64
kraken:taxid|34508	13925	0.01	0.12	0.23
kraken:taxid|345573	16134	0.01	0.16	0.19
kraken:taxid|34570	16631	0.00	0.04	0.16
kraken:taxid|345728	16908	0.00	0.04	0.20
kraken:taxid|34573	15693	0.04	1.01	0.18
kraken:taxid|34575	16132	0.03	0.68	0.16
kraken:taxid|34576	16258	0.05	0.79	0.41
kraken:taxid|34590	16143	0.00	0.05	0.22
kraken:taxid|34603	14426	0.01	0.17	0.18
kraken:taxid|34609	14801	0.00	0.04	0.18
kraken:taxid|34615	14539	0.00	0.04	0.18
kraken:taxid|347277	16844	0.00	0.04	0.17
kraken:taxid|347436	15387	0.01	0.30	0.18
kraken:taxid|34758	11423	0.00	0.05	0.24
kraken:taxid|34799	16583	0.00	0.05	0.23
kraken:taxid|348150	16632	0.00	0.04	0.18
kraken:taxid|3483	415602	0.00	0.03	0.03
kraken:taxid|3486	400022	0.00	0.01	0.02
kraken:taxid|348688	20319	0.01	0.39	0.13
kraken:taxid|3494	480902	0.01	0.12	0.27
kraken:taxid|34956	17193	0.38	7.53	0.34
kraken:taxid|350889	14738	0.49	10.34	0.38
kraken:taxid|35107	39845	0.01	0.13	0.31
kraken:taxid|351200	18482	0.02	0.50	0.29
kraken:taxid|35122	37326	0.00	0.10	0.10
kraken:taxid|351429	15164	0.00	0.08	0.18
kraken:taxid|351432	15178	0.00	0.04	0.19
kraken:taxid|35153	58206	0.00	0.03	0.07
kraken:taxid|351593	175523	0.00	0.03	0.04
kraken:taxid|352469	16778	0.24	4.99	0.24
kraken:taxid|3538	267334	0.00	0.02	0.01
kraken:taxid|354353	190834	23.29	1694.36	0.38
kraken:taxid|3544	1005707	0.00	0.01	0.01
kraken:taxid|35525	14948	0.00	0.08	0.18
kraken:taxid|355587	17544	0.00	0.12	0.17
kraken:taxid|3562	329613	0.00	0.04	0.06
kraken:taxid|35629	33343	0.00	0.03	0.08
kraken:taxid|356393	18145	0.00	0.04	0.14
kraken:taxid|356490	25683	0.00	0.03	0.12
kraken:taxid|35677	39376	0.01	0.16	0.16
kraken:taxid|357169	17016	0.00	0.08	0.18
kraken:taxid|35717	88744	0.00	0.03	0.07
kraken:taxid|357170	16988	0.00	0.04	0.17
kraken:taxid|35722	83361	0.00	0.07	0.03
kraken:taxid|35725	101198	0.58	10.28	3.82
kraken:taxid|357446	102548	0.07	3.93	0.03
kraken:taxid|357531	16590	0.00	0.04	0.20
kraken:taxid|357699	16801	0.23	5.08	0.37
kraken:taxid|357738	16761	0.02	0.39	0.18
kraken:taxid|35869	216190	0.05	2.32	0.11
kraken:taxid|35883	265768	0.01	0.18	0.32
kraken:taxid|35924	181688	0.00	0.01	0.02
kraken:taxid|35925	421308	0.00	0.03	0.02
kraken:taxid|3597	515187	0.00	0.11	0.07
kraken:taxid|35974	351043	0.00	0.13	0.07
kraken:taxid|36015	43128	0.04	0.61	0.78
kraken:taxid|360224	17033	1.21	11.59	3.67
kraken:taxid|36035	66725	0.01	0.43	0.22
kraken:taxid|36038	48471	0.01	0.31	0.11
kraken:taxid|36044	188623	0.43	30.96	0.23
kraken:taxid|360509	16523	0.00	0.04	0.20
kraken:taxid|360615	15875	0.00	0.12	0.16
kraken:taxid|36066	58656	0.00	0.04	0.20
kraken:taxid|36075	86451	0.01	0.15	0.26
kraken:taxid|361072	57820	0.01	0.22	0.33
kraken:taxid|361561	294911	0.00	0.04	0.05
kraken:taxid|36166	15599	0.00	0.07	0.13
kraken:taxid|36194	17364	0.02	0.20	0.68
kraken:taxid|362235	102701	0.00	0.13	0.03
kraken:taxid|36241	17795	0.20	5.31	0.15
kraken:taxid|36245	17383	0.01	0.29	0.23
kraken:taxid|3625	939973	0.00	0.03	0.01
kraken:taxid|36250	16798	0.01	0.09	0.40
kraken:taxid|36255	16807	0.00	0.04	0.15
kraken:taxid|36273	16881	0.00	0.04	0.18
kraken:taxid|362788	566589	0.00	0.02	0.02
kraken:taxid|36279	16761	0.00	0.09	0.20
kraken:taxid|36305	18708	0.16	4.03	0.19
kraken:taxid|3634	677434	0.00	0.01	0.00
kraken:taxid|3635	668584	0.00	0.01	0.01
kraken:taxid|3641	543794	0.00	0.12	0.20
kraken:taxid|364273	15429	0.14	3.53	0.17
kraken:taxid|364576	17827	0.00	0.04	0.19
kraken:taxid|3649	476890	0.04	3.89	0.37
kraken:taxid|365009	84088	0.12	1.62	2.50
kraken:taxid|365029	16394	0.00	0.04	0.17
kraken:taxid|365052	16686	0.02	0.37	0.22
kraken:taxid|3654	379236	0.01	0.15	0.43
kraken:taxid|3659	1555935	0.02	0.25	0.53
kraken:taxid|36596	510346	0.00	0.11	0.04
kraken:taxid|3663	982833	0.02	0.41	0.76
kraken:taxid|36642	28689	0.09	0.88	4.26
kraken:taxid|36643	38085	2.68	14.36	14.19
kraken:taxid|366454	18645	0.05	0.37	2.81
kraken:taxid|366500	16345	0.03	0.81	0.18
kraken:taxid|36651	28978	0.25	1.97	5.85
kraken:taxid|36659	65668	0.56	26.46	0.29
kraken:taxid|36673	15897	0.02	0.45	0.21
kraken:taxid|3668	357547	0.01	0.11	0.33
kraken:taxid|366904	16611	0.00	0.08	0.16
kraken:taxid|366934	18606	0.00	0.04	0.14
kraken:taxid|366939	16775	0.00	0.04	0.17
kraken:taxid|367110	64840	0.13	1.93	1.76
kraken:taxid|3673	331440	0.00	0.19	0.13
kraken:taxid|367368	16761	0.02	0.20	0.80
kraken:taxid|367950	16843	0.03	0.50	0.64
kraken:taxid|36881	73520	0.03	1.29	0.25
kraken:taxid|368935	18232	0.10	2.44	0.16
kraken:taxid|368939	18432	1.28	33.29	0.15
kraken:taxid|36894	43294	0.02	0.30	0.43
kraken:taxid|369263	53793	0.04	0.62	0.81
kraken:taxid|369451	15257	0.00	0.08	0.17
kraken:taxid|369484	16861	0.01	0.09	0.34
kraken:taxid|369605	17019	5.42	29.32	11.32
kraken:taxid|369630	16825	0.04	0.87	0.37
kraken:taxid|369631	16579	0.00	0.04	0.16
kraken:taxid|369646	16596	0.00	0.05	0.22
kraken:taxid|369672	16602	0.01	0.24	0.23
kraken:taxid|369908	15739	0.07	1.71	0.17
kraken:taxid|37040	17573	0.01	0.17	0.31
kraken:taxid|37042	16788	0.01	0.26	0.30
kraken:taxid|370423	15953	0.02	0.26	0.34
kraken:taxid|37046	19042	0.03	0.36	0.95
kraken:taxid|37057	17288	0.00	0.08	0.17
kraken:taxid|370592	16677	0.00	0.12	0.16
kraken:taxid|37064	16414	0.00	0.05	0.21
kraken:taxid|370642	14508	0.01	0.17	0.19
kraken:taxid|3707	219766	0.02	1.60	0.07
kraken:taxid|37079	17077	0.01	0.16	0.80
kraken:taxid|37081	16546	0.00	0.06	0.42
kraken:taxid|37083	17611	0.09	1.08	0.83
kraken:taxid|3710	232407	0.02	1.65	0.05
kraken:taxid|371061	44135	0.08	1.53	0.90
kraken:taxid|3711	219736	0.02	1.58	0.35
kraken:taxid|3712	360271	0.02	1.80	0.07
kraken:taxid|37174	16463	0.01	0.13	0.39
kraken:taxid|37185	16505	0.32	6.97	0.21
kraken:taxid|371907	18734	0.15	2.76	0.30
kraken:taxid|371917	16905	0.03	0.63	0.20
kraken:taxid|371922	16854	0.03	0.80	0.16
kraken:taxid|37200	24922	0.09	2.58	0.13
kraken:taxid|372289	16812	0.03	0.58	0.20
kraken:taxid|37245	67808	0.18	4.06	1.40
kraken:taxid|3726	258426	0.02	1.58	0.14
kraken:taxid|37293	16469	0.00	0.12	0.16
kraken:taxid|37310	115146	0.00	0.12	0.04
kraken:taxid|37318	40380	0.00	0.03	0.07
kraken:taxid|373251	16617	0.03	0.81	0.18
kraken:taxid|373304	16557	0.02	0.59	0.18
kraken:taxid|37334	538434	0.00	0.06	0.03
kraken:taxid|373805	161960	0.00	0.03	0.02
kraken:taxid|37399	171891	0.02	1.13	0.10
kraken:taxid|37420	107730	0.00	0.23	0.04
kraken:taxid|374649	17871	0.00	0.09	0.22
kraken:taxid|3747	285543	0.00	0.07	0.10
kraken:taxid|375087	16000	0.01	0.15	0.42
kraken:taxid|37588	16493	0.04	0.44	0.77
kraken:taxid|37598	16801	0.01	0.07	0.52
kraken:taxid|37657	253413	0.00	0.02	0.04
kraken:taxid|37696	16629	0.22	5.04	0.19
kraken:taxid|37699	15923	0.06	1.28	0.24
kraken:taxid|37727	35438	0.90	7.84	6.03
kraken:taxid|37751	16432	0.00	0.09	0.22
kraken:taxid|377938	14950	0.01	0.12	0.17
kraken:taxid|378308	15186	0.18	4.15	0.20
kraken:taxid|378359	15601	0.13	2.78	0.29
kraken:taxid|378393	15178	0.00	0.07	0.48
kraken:taxid|37992	129366	0.08	2.24	1.30
kraken:taxid|37997	32316	0.00	0.05	0.20
kraken:taxid|37998	28081	0.09	0.87	1.93
kraken:taxid|38005	34698	0.00	0.06	0.08
kraken:taxid|380052	15866	0.00	0.04	0.18
kraken:taxid|38006	38316	0.01	0.34	0.37
kraken:taxid|38038	68729	0.01	0.15	0.19
kraken:taxid|380486	412594	0.37	44.61	0.06
kraken:taxid|380660	115936	0.02	1.05	0.20
kraken:taxid|380665	114236	0.02	0.52	0.38
kraken:taxid|38082	28031	0.00	0.09	0.10
kraken:taxid|38086	14713	0.19	1.92	1.01
kraken:taxid|381031	16928	0.00	0.08	0.16
kraken:taxid|381039	16886	0.01	0.21	0.17
kraken:taxid|381046	23584	0.00	0.04	0.14
kraken:taxid|38111	16047	0.16	3.73	0.30
kraken:taxid|381110	16839	0.00	0.04	0.18
kraken:taxid|381124	569630	3.20	419.67	0.12
kraken:taxid|381598	16598	0.00	0.05	0.21
kraken:taxid|381861	16856	0.00	0.05	0.23
kraken:taxid|381881	16783	0.00	0.08	0.16
kraken:taxid|382522	281056	0.00	0.25	0.02
kraken:taxid|38265	28895	0.04	1.15	0.38
kraken:taxid|38269	36046	0.05	0.53	1.01
kraken:taxid|38271	34087	0.16	2.50	0.54
kraken:taxid|3830	533955	0.00	0.10	0.14
kraken:taxid|383858	14974	0.00	0.09	0.19
kraken:taxid|383872	186056	0.00	0.09	0.18
kraken:taxid|384386	16317	0.06	1.32	0.51
kraken:taxid|38448	159648	1.93	125.14	0.67
kraken:taxid|384598	16502	0.01	0.13	0.20
kraken:taxid|3848	402545	0.00	0.21	0.03
kraken:taxid|384841	16191	0.00	0.08	0.18
kraken:taxid|385035	17170	0.01	0.31	0.15
kraken:taxid|38544	25198	0.00	0.03	0.12
kraken:taxid|38569	14856	0.00	0.09	0.20
kraken:taxid|38596	352069	0.01	0.45	0.06
kraken:taxid|386110	14402	0.01	0.21	0.18
kraken:taxid|38620	17265	0.00	0.04	0.18
kraken:taxid|38626	16357	0.02	0.48	0.16
kraken:taxid|386457	103147	0.06	3.59	0.14
kraken:taxid|386524	16858	0.01	0.12	1.44
kraken:taxid|3866	785831	0.00	0.02	0.01
kraken:taxid|386631	25150	0.02	0.52	0.11
kraken:taxid|387005	13672	0.01	0.17	0.19
kraken:taxid|387291	1122546	0.00	0.16	0.03
kraken:taxid|38742	15582	0.00	0.04	0.19
kraken:taxid|38744	14072	0.00	0.04	0.18
kraken:taxid|38775	17381	0.32	7.38	0.20
kraken:taxid|387810	17952	0.01	0.10	0.55
kraken:taxid|387827	17749	0.01	0.17	0.19
kraken:taxid|3879	290285	0.04	4.09	0.01
kraken:taxid|3885	395516	0.00	0.01	0.01
kraken:taxid|388629	14853	0.01	0.26	0.36
kraken:taxid|388630	16389	0.00	0.08	0.17
kraken:taxid|38881	84583	0.00	0.18	0.10
kraken:taxid|388913	31375	0.04	0.73	0.58
kraken:taxid|3891	438707	0.00	0.02	0.03
kraken:taxid|38934	17743	0.05	0.99	0.33
kraken:taxid|38945	88508	1.06	55.94	0.22
kraken:taxid|389665	258879	0.08	3.38	0.19
kraken:taxid|3897	484916	0.00	0.06	0.02
kraken:taxid|390042	16153	0.00	0.08	0.17
kraken:taxid|39026	165603	0.00	0.06	0.04
kraken:taxid|39042	16527	0.06	1.40	0.21
kraken:taxid|390697	92261	0.00	0.09	0.11
kraken:taxid|390850	17053	0.00	0.12	0.16
kraken:taxid|390973	17511	0.01	0.16	0.78
kraken:taxid|390975	18736	0.00	0.07	0.46
kraken:taxid|3914	404466	0.00	0.01	0.01
kraken:taxid|391825	77153	0.01	0.30	0.04
kraken:taxid|391826	46389	0.00	0.13	0.14
kraken:taxid|392300	70177	0.26	3.47	1.08
kraken:taxid|39277	15704	0.01	0.19	0.35
kraken:taxid|392929	16582	0.02	0.52	0.22
kraken:taxid|393283	69529	0.29	3.80	2.16
kraken:taxid|39329	355345	0.02	0.30	0.44
kraken:taxid|39342	15719	0.20	4.30	0.43
kraken:taxid|39358	297777	0.02	0.28	0.60
kraken:taxid|39368	15762	0.17	4.15	0.19
kraken:taxid|39384	15696	0.02	0.43	0.18
kraken:taxid|394708	16779	0.00	0.04	0.16
kraken:taxid|395010	23743	0.25	2.71	7.87
kraken:taxid|395014	16524	0.01	0.14	0.21
kraken:taxid|395577	19349	0.01	0.11	0.28
kraken:taxid|395966	16030	0.07	1.45	0.28
kraken:taxid|395991	16396	0.00	0.12	0.16
kraken:taxid|39617	16907	0.00	0.09	0.34
kraken:taxid|396313	548608	0.00	0.09	0.09
kraken:taxid|39638	16775	0.00	0.04	0.18
kraken:taxid|39655	16632	0.31	7.45	0.17
kraken:taxid|396721	15197	0.00	0.09	0.19
kraken:taxid|3972	565432	0.00	0.09	0.07
kraken:taxid|397272	474330	0.00	0.16	0.13
kraken:taxid|397392	527575	0.00	0.03	0.07
kraken:taxid|3983	682840	0.00	0.05	0.10
kraken:taxid|398434	15189	0.00	0.06	0.36
kraken:taxid|39848	262903	0.00	0.07	0.10
kraken:taxid|398673	29303	0.02	0.19	0.79
kraken:taxid|3988	502773	0.00	0.08	0.14
kraken:taxid|39946	491515	0.00	0.04	0.04
kraken:taxid|39947	490520	0.00	0.01	0.01
kraken:taxid|39966	102752	0.10	3.50	0.32
kraken:taxid|399715	225612	0.01	0.21	0.13
kraken:taxid|40145	76037	0.02	0.39	0.37
kraken:taxid|40157	16813	0.00	0.08	0.16
kraken:taxid|401703	32661	0.01	0.38	0.19
kraken:taxid|402416	16296	0.00	0.08	0.17
kraken:taxid|403091	741811	0.00	0.12	0.07
kraken:taxid|40370	15984	0.13	2.98	0.19
kraken:taxid|40382	33007	0.29	3.69	4.03
kraken:taxid|40442	87967	0.01	0.22	0.42
kraken:taxid|4045	371275	0.00	0.08	0.01
kraken:taxid|4047	82926	0.01	0.15	0.18
kraken:taxid|40472	172449	0.00	0.02	0.05
kraken:taxid|40490	69423	0.04	1.43	0.13
kraken:taxid|405751	57829	1.61	31.94	1.20
kraken:taxid|406260	16100	0.00	0.05	0.24
kraken:taxid|40692	19374	0.00	0.12	0.16
kraken:taxid|40697	15129	0.00	0.04	0.20
kraken:taxid|4072	511530	0.04	0.43	1.45
kraken:taxid|4079	501401	0.02	0.33	0.45
kraken:taxid|4081	446257	0.00	0.26	0.06
kraken:taxid|40816	16649	0.00	0.09	0.19
kraken:taxid|409288	16803	0.16	3.89	0.35
kraken:taxid|4097	430597	0.00	0.01	0.01
kraken:taxid|409893	73562	0.00	0.05	0.12
kraken:taxid|409996	15894	0.01	0.13	0.20
kraken:taxid|41061	30342	0.04	0.30	2.93
kraken:taxid|41062	29519	3.39	17.68	16.25
kraken:taxid|4111	482343	0.01	0.30	0.30
kraken:taxid|411519	16759	0.01	0.24	0.41
kraken:taxid|411522	16754	0.01	0.18	0.21
kraken:taxid|4120	257880	0.00	0.09	0.08
kraken:taxid|412653	17209	0.01	0.07	0.52
kraken:taxid|412660	18365	0.00	0.04	0.14
kraken:taxid|413952	312146	0.01	0.14	0.34
kraken:taxid|414042	167464	0.00	0.01	0.01
kraken:taxid|41426	16719	0.01	0.09	0.35
kraken:taxid|41456	33862	0.02	0.74	0.10
kraken:taxid|414801	16478	0.00	0.04	0.13
kraken:taxid|414892	16824	0.01	0.10	0.48
kraken:taxid|414978	18997	0.01	0.19	0.15
kraken:taxid|415140	15575	0.00	0.04	0.17
kraken:taxid|4155	525671	0.01	0.16	0.42
kraken:taxid|41568	210932	0.00	0.01	0.01
kraken:taxid|416167	15546	0.00	0.08	0.18
kraken:taxid|416442	46808	0.00	0.04	0.18
kraken:taxid|416830	37627	0.08	1.28	0.39
kraken:taxid|416868	15180	0.00	0.04	0.18
kraken:taxid|418086	28524	0.01	0.14	0.20
kraken:taxid|41834	228021	0.00	0.01	0.01
kraken:taxid|41875	43614	0.02	0.19	1.08
kraken:taxid|41880	24321	0.04	0.80	0.60
kraken:taxid|41882	42424	0.08	2.24	0.57
kraken:taxid|41888	51196	72.66	2737.15	0.63
kraken:taxid|418985	15009	0.01	0.21	0.17
kraken:taxid|41956	62233	0.00	0.11	0.17
kraken:taxid|419690	16940	0.54	8.36	1.36
kraken:taxid|41984	29685	0.29	2.88	4.08
kraken:taxid|420096	17885	0.00	0.09	0.20
kraken:taxid|420097	17630	0.01	0.19	0.15
kraken:taxid|420386	17451	0.00	0.04	0.18
kraken:taxid|420416	17215	0.01	0.20	0.16
kraken:taxid|42068	35626	0.00	0.03	0.11
kraken:taxid|42100	16319	0.00	0.08	0.16
kraken:taxid|421442	16196	0.05	1.03	0.27
kraken:taxid|42157	13744	0.04	0.57	0.60
kraken:taxid|4217	312598	0.00	0.17	0.02
kraken:taxid|4218	312609	0.00	0.20	0.01
kraken:taxid|42229	389709	0.00	0.02	0.01
kraken:taxid|42258	24335	0.00	0.03	0.12
kraken:taxid|4232	300945	0.00	0.33	0.02
kraken:taxid|4233	281287	0.01	0.57	0.07
kraken:taxid|42337	183061	0.00	0.09	0.03
kraken:taxid|42345	715001	0.00	0.09	0.15
kraken:taxid|423526	15652	0.01	0.12	0.17
kraken:taxid|4236	363324	0.00	0.02	0.01
kraken:taxid|42368	62509	0.05	0.97	1.04
kraken:taxid|42429	15571	0.00	0.04	0.19
kraken:taxid|425177	190559	0.06	3.40	0.21
kraken:taxid|425646	17047	0.04	0.50	1.21
kraken:taxid|425828	573177	0.00	0.12	0.17
kraken:taxid|426020	15242	0.00	0.08	0.18
kraken:taxid|426698	15975	0.00	0.04	0.18
kraken:taxid|42746	48663	0.00	0.02	0.06
kraken:taxid|427616	16094	0.02	0.38	0.26
kraken:taxid|427695	17879	0.01	0.18	0.38
kraken:taxid|427734	18329	0.00	0.08	0.17
kraken:taxid|427767	100252	0.00	0.02	0.03
kraken:taxid|42805	109050	0.00	0.05	0.10
kraken:taxid|42863	16776	0.37	5.67	0.63
kraken:taxid|429752	16801	0.01	0.30	0.18
kraken:taxid|43041	14967	0.00	0.05	0.21
kraken:taxid|43049	65147	0.00	0.02	0.05
kraken:taxid|430498	146101	0.01	0.16	0.23
kraken:taxid|43061	15387	0.00	0.08	0.17
kraken:taxid|430669	15536	0.01	0.21	0.35
kraken:taxid|4307	1045106	0.05	8.78	0.03
kraken:taxid|43163	17959	0.58	14.26	0.38
kraken:taxid|43179	16458	0.01	0.12	0.17
kraken:taxid|43186	93065	0.01	0.32	0.03
kraken:taxid|432356	16712	0.00	0.09	0.20
kraken:taxid|432399	16523	0.00	0.04	0.18
kraken:taxid|43258	16645	0.00	0.09	0.22
kraken:taxid|432641	206722	0.00	0.10	0.17
kraken:taxid|433272	15696	0.00	0.08	0.30
kraken:taxid|43335	838420	0.00	0.01	0.00
kraken:taxid|433628	19087	0.00	0.08	0.28
kraken:taxid|433629	16778	0.01	0.07	0.54
kraken:taxid|433634	16542	0.02	0.21	1.23
kraken:taxid|43388	16847	0.02	0.39	0.16
kraken:taxid|434039	46389	0.00	0.06	0.09
kraken:taxid|434042	39443	0.01	0.35	0.07
kraken:taxid|43455	16779	0.00	0.09	0.21
kraken:taxid|434756	13686	0.00	0.05	0.22
kraken:taxid|435147	16454	0.03	0.41	0.61
kraken:taxid|435638	17446	0.00	0.06	0.33
kraken:taxid|43581	17821	0.20	5.23	0.18
kraken:taxid|436002	16571	0.00	0.04	0.17
kraken:taxid|436352	14857	0.00	0.04	0.18
kraken:taxid|43653	16703	0.02	0.36	0.26
kraken:taxid|43700	16622	0.03	0.74	0.17
kraken:taxid|437145	15390	0.00	0.04	0.17
kraken:taxid|437488	15388	0.06	1.17	0.25
kraken:taxid|4392	298961	0.05	3.17	0.05
kraken:taxid|43926	38791	0.00	0.04	0.13
kraken:taxid|439358	17209	0.01	0.25	0.32
kraken:taxid|43943	69371	0.00	0.05	0.09
kraken:taxid|439689	344184	0.01	0.18	0.33
kraken:taxid|44058	55968	0.00	0.05	0.06
kraken:taxid|44074	49739	0.00	0.07	0.05
kraken:taxid|44077	37684	0.00	0.05	0.07
kraken:taxid|441892	38854	0.00	0.16	0.07
kraken:taxid|442004	15259	0.00	0.04	0.18
kraken:taxid|4432	524797	0.47	64.90	0.01
kraken:taxid|443222	638482	0.00	0.02	0.01
kraken:taxid|4436	403930	0.00	0.01	0.01
kraken:taxid|443711	16866	0.02	0.55	0.18
kraken:taxid|443798	16623	0.00	0.04	0.19
kraken:taxid|444149	17405	0.01	0.21	0.34
kraken:taxid|4442	707441	0.00	0.01	0.01
kraken:taxid|44489	16439	0.00	0.08	0.17
kraken:taxid|445213	16189	0.01	0.20	0.16
kraken:taxid|44530	16499	0.00	0.04	0.19
kraken:taxid|445775	17358	0.00	0.08	0.14
kraken:taxid|445777	17675	0.01	0.10	0.42
kraken:taxid|44588	573154	0.01	0.25	0.50
kraken:taxid|445995	54084	0.01	0.15	0.79
kraken:taxid|446483	15367	0.02	0.16	1.00
kraken:taxid|44689	55564	0.00	0.04	0.05
kraken:taxid|44745	124604	0.03	1.69	0.15
kraken:taxid|448084	16738	0.00	0.05	0.21
kraken:taxid|449367	16893	0.12	2.28	0.56
kraken:taxid|449384	16874	0.08	2.06	0.18
kraken:taxid|44941	97350	0.00	0.02	0.03
kraken:taxid|44947	399263	0.00	0.08	0.09
kraken:taxid|449594	17284	0.24	5.91	0.16
kraken:taxid|4500	548445	0.01	0.23	0.28
kraken:taxid|450940	922518	0.00	0.01	0.00
kraken:taxid|450991	14616	0.04	0.58	0.60
kraken:taxid|45130	137775	0.01	0.37	0.28
kraken:taxid|451380	14023	0.01	0.34	0.19
kraken:taxid|451527	684857	0.01	0.28	0.21
kraken:taxid|45157	32211	0.00	0.07	0.26
kraken:taxid|45171	203077	0.00	0.05	0.13
kraken:taxid|452070	16897	0.00	0.09	0.20
kraken:taxid|452749	15573	0.01	0.12	0.17
kraken:taxid|45325	594390	0.01	0.41	0.12
kraken:taxid|45342	95191	0.06	1.51	0.65
kraken:taxid|4545	447463	0.01	0.17	0.27
kraken:taxid|4547	300784	0.00	0.03	0.03
kraken:taxid|45473	16512	0.00	0.04	0.18
kraken:taxid|4550	268339	0.00	0.10	0.07
kraken:taxid|45577	38445	0.02	0.41	0.45
kraken:taxid|4558	468628	0.00	0.03	0.02
kraken:taxid|45599	48347	0.08	3.05	0.12
kraken:taxid|4563	704100	0.23	31.90	0.04
kraken:taxid|456388	17059	0.50	5.34	3.55
kraken:taxid|45639	16639	0.01	0.17	0.19
kraken:taxid|4565	452526	0.23	1.08	7.03
kraken:taxid|456999	235849	0.01	0.25	0.52
kraken:taxid|4570	443419	0.01	0.17	0.43
kraken:taxid|457120	44168	0.00	0.10	0.06
kraken:taxid|457650	19292	0.60	15.08	0.21
kraken:taxid|457770	196604	0.01	0.19	0.49
kraken:taxid|45779	15306	0.00	0.08	0.18
kraken:taxid|457868	18473	0.12	2.40	0.57
kraken:taxid|45799	16871	0.01	0.08	0.72
kraken:taxid|4580	570354	8.57	1066.73	0.07
kraken:taxid|458187	16705	0.00	0.04	0.19
kraken:taxid|458196	17267	0.00	0.08	0.17
kraken:taxid|458696	720306	0.00	0.04	0.02
kraken:taxid|459761	16707	0.02	0.25	0.53
kraken:taxid|460135	15330	0.00	0.04	0.17
kraken:taxid|460222	16768	0.01	0.26	0.18
kraken:taxid|460528	13632	0.09	1.99	0.29
kraken:taxid|460617	16680	0.01	0.10	0.25
kraken:taxid|461137	15244	0.02	0.34	0.36
kraken:taxid|461143	36940	0.00	0.05	0.20
kraken:taxid|461172	37226	0.08	0.68	3.02
kraken:taxid|461239	16986	0.23	5.61	0.38
kraken:taxid|461259	16790	0.00	0.04	0.18
kraken:taxid|461633	555117	0.00	0.05	0.09
kraken:taxid|461710	16629	0.11	0.92	1.35
kraken:taxid|46218	16687	0.01	0.18	0.41
kraken:taxid|462866	16464	0.00	0.09	0.19
kraken:taxid|463046	49742	0.02	0.71	0.20
kraken:taxid|463165	16947	0.11	2.15	0.84
kraken:taxid|463315	41061	0.01	0.16	0.32
kraken:taxid|463521	17407	0.00	0.04	0.20
kraken:taxid|463580	156050	0.00	0.03	0.04
kraken:taxid|463830	15151	0.00	0.04	0.20
kraken:taxid|464258	37769	0.02	0.62	0.24
kraken:taxid|465791	16799	0.01	0.17	0.18
kraken:taxid|466049	16820	0.01	0.12	0.18
kraken:taxid|46685	13977	0.01	0.22	0.19
kraken:taxid|466936	60995	0.00	0.03	0.10
kraken:taxid|467010	16193	0.00	0.08	0.16
kraken:taxid|46761	18767	0.08	1.86	0.20
kraken:taxid|4679	316363	0.01	0.22	0.44
kraken:taxid|46835	14478	0.00	0.08	0.18
kraken:taxid|468512	16891	0.02	0.31	0.51
kraken:taxid|4686	492062	0.00	0.08	0.11
kraken:taxid|468837	25919	0.07	1.52	0.52
kraken:taxid|468846	198476	0.00	0.11	0.02
kraken:taxid|468936	52388	0.00	0.02	0.05
kraken:taxid|47064	416511	0.00	0.02	0.01
kraken:taxid|471132	17074	1.01	25.14	0.19
kraken:taxid|471140	16936	0.00	0.09	0.31
kraken:taxid|471577	16602	0.07	1.64	0.17
kraken:taxid|47236	179060	0.00	0.05	0.07
kraken:taxid|472368	510519	0.01	0.17	0.26
kraken:taxid|472762	16298	0.00	0.09	0.20
kraken:taxid|472890	19253	0.01	0.28	0.29
kraken:taxid|472989	16694	0.00	0.10	0.23
kraken:taxid|473018	45176	0.02	0.40	0.24
kraken:taxid|473035	62609	0.00	0.10	0.05
kraken:taxid|473037	99200	0.00	0.04	0.03
kraken:taxid|47316	16017	0.01	0.16	0.27
kraken:taxid|47425	116433	0.01	0.14	0.89
kraken:taxid|474308	14125	0.01	0.17	0.18
kraken:taxid|47573	34119	0.06	1.85	0.58
kraken:taxid|475776	16692	0.00	0.06	0.40
kraken:taxid|47662	56885	0.03	0.75	0.59
kraken:taxid|47695	16866	0.00	0.06	0.33
kraken:taxid|4770	46930	0.00	0.11	0.20
kraken:taxid|47721	73678	0.00	0.08	0.04
kraken:taxid|47773	15936	0.00	0.04	0.14
kraken:taxid|478072	104638	0.00	0.04	0.04
kraken:taxid|4781	38944	0.03	0.43	0.80
kraken:taxid|478208	16089	0.02	0.39	0.19
kraken:taxid|478253	15954	0.02	0.41	0.17
kraken:taxid|4784	38427	0.01	0.09	0.49
kraken:taxid|4785	39230	0.00	0.03	0.07
kraken:taxid|4787	37957	0.00	0.03	0.08
kraken:taxid|478820	28382	0.00	0.05	0.22
kraken:taxid|479092	35173	0.00	0.16	0.10
kraken:taxid|4793	37510	0.01	0.25	0.08
kraken:taxid|479586	17632	0.00	0.04	0.15
kraken:taxid|479640	18865	0.00	0.04	0.16
kraken:taxid|479641	20658	0.01	0.14	0.13
kraken:taxid|479977	15153	0.00	0.04	0.18
kraken:taxid|48086	17042	0.01	0.20	0.45
kraken:taxid|48100	55858	0.04	0.59	1.02
kraken:taxid|481310	14150	9.71	205.55	26.93
kraken:taxid|48135	388249	0.01	0.17	0.28
kraken:taxid|48155	17937	0.00	0.04	0.14
kraken:taxid|48171	16898	0.00	0.04	0.19
kraken:taxid|481839	16260	0.38	9.29	0.20
kraken:taxid|481883	17462	0.01	0.17	0.18
kraken:taxid|48194	16828	0.01	0.23	0.36
kraken:taxid|482377	67683	0.01	0.36	0.08
kraken:taxid|482537	16748	0.00	0.08	0.17
kraken:taxid|48254	45193	0.00	0.02	0.06
kraken:taxid|4829	63080	0.02	0.71	0.09
kraken:taxid|482968	346363	0.96	48.58	0.15
kraken:taxid|483037	14950	0.01	0.26	0.19
kraken:taxid|483259	14965	0.06	1.34	0.19
kraken:taxid|483437	36593	0.00	0.14	0.08
kraken:taxid|4837	62082	0.00	0.05	0.10
kraken:taxid|483707	70079	0.30	6.46	1.05
kraken:taxid|48387	242410	0.00	0.12	0.01
kraken:taxid|48396	17096	0.00	0.05	0.22
kraken:taxid|48399	16883	0.03	0.50	0.39
kraken:taxid|48416	16833	0.04	0.80	0.78
kraken:taxid|48420	16541	0.00	0.04	0.16
kraken:taxid|48435	16908	0.08	1.25	0.83
kraken:taxid|48483	69034	0.49	12.24	1.06
kraken:taxid|48490	67109	0.01	0.20	0.19
kraken:taxid|48545	682498	0.00	0.09	0.07
kraken:taxid|486490	13281	0.01	0.27	0.42
kraken:taxid|48683	16434	0.00	0.07	0.44
kraken:taxid|486976	15424	0.01	0.18	0.19
kraken:taxid|48703	82766	0.03	0.60	0.46
kraken:taxid|48708	16347	0.07	1.58	0.18
kraken:taxid|48709	15728	0.00	0.12	0.17
kraken:taxid|48742	16346	0.00	0.10	0.24
kraken:taxid|487618	16620	0.00	0.06	0.42
kraken:taxid|48799	13839	0.00	0.04	0.20
kraken:taxid|488216	302229	0.00	0.05	0.14
kraken:taxid|48827	14846	0.01	0.25	0.22
kraken:taxid|48849	16802	0.01	0.12	0.62
kraken:taxid|48890	16824	0.11	2.87	0.15
kraken:taxid|4896	19433	0.01	0.14	0.54
kraken:taxid|4897	80059	0.03	1.16	0.08
kraken:taxid|48970	26202	0.00	0.03	0.12
kraken:taxid|4899	44227	0.00	0.07	0.05
kraken:taxid|4903	41644	0.00	0.06	0.14
kraken:taxid|490595	20677	0.00	0.10	0.15
kraken:taxid|490875	16297	0.01	0.14	0.23
kraken:taxid|4909	51126	0.03	0.48	0.53
kraken:taxid|4911	46256	0.00	0.13	0.17
kraken:taxid|491253	78529	0.24	6.05	0.93
kraken:taxid|49224	32763	0.05	1.23	0.26
kraken:taxid|49227	369673	0.00	0.02	0.04
kraken:taxid|49265	51728	0.00	0.10	0.06
kraken:taxid|492764	15413	0.00	0.04	0.17
kraken:taxid|4929	31070	0.01	0.16	0.55
kraken:taxid|4931	64736	0.00	0.06	0.08
kraken:taxid|4932	78917	0.04	0.33	2.06
kraken:taxid|49330	42180	0.01	0.14	0.20
kraken:taxid|4934	51679	0.44	8.86	0.48
kraken:taxid|493452	38532	0.01	0.10	0.37
kraken:taxid|4944	57302	0.14	6.58	0.05
kraken:taxid|49451	394341	0.01	0.34	0.23
kraken:taxid|4950	28793	0.01	0.17	0.35
kraken:taxid|495162	17134	0.78	8.98	2.40
kraken:taxid|4952	47916	0.01	0.25	0.49
kraken:taxid|4959	29462	0.06	0.33	4.24
kraken:taxid|495945	17464	0.17	3.70	0.22
kraken:taxid|496092	16708	0.00	0.04	0.19
kraken:taxid|496678	367287	0.00	0.26	0.07
kraken:taxid|496997	131365	0.00	0.12	0.12
kraken:taxid|496998	121288	0.00	0.19	0.04
kraken:taxid|497107	62593	0.01	0.12	0.27
kraken:taxid|497108	29672	0.01	0.34	0.09
kraken:taxid|49762	103830	0.01	0.15	0.23
kraken:taxid|497867	17549	0.00	0.10	0.25
kraken:taxid|4979	26444	0.22	2.48	4.54
kraken:taxid|49840	494369	0.00	0.07	0.01
kraken:taxid|499232	15448	0.00	0.07	0.47
kraken:taxid|499927	16353	0.04	0.84	0.19
kraken:taxid|500102	18439	0.00	0.08	0.17
kraken:taxid|50023	13075	0.01	0.15	0.36
kraken:taxid|50028	13091	0.00	0.10	0.23
kraken:taxid|500403	16085	0.03	0.62	0.26
kraken:taxid|50041	47158	0.00	0.06	0.09
kraken:taxid|50047	16639	0.00	0.04	0.16
kraken:taxid|5007	76453	0.07	3.29	0.36
kraken:taxid|501954	15261	0.01	0.12	0.17
kraken:taxid|501957	15224	0.00	0.09	0.18
kraken:taxid|50236	450826	0.00	0.09	0.09
kraken:taxid|50253	16822	0.00	0.05	0.23
kraken:taxid|50365	16737	0.05	0.59	0.75
kraken:taxid|50381	55598	0.55	20.47	1.56
kraken:taxid|5039	51210	0.00	0.04	0.20
kraken:taxid|50392	16905	0.02	0.41	0.34
kraken:taxid|50398	16940	0.00	0.06	0.37
kraken:taxid|50402	16808	0.00	0.04	0.17
kraken:taxid|504069	18525	0.00	0.04	0.14
kraken:taxid|504299	16776	0.02	0.27	0.45
kraken:taxid|504300	16754	0.01	0.12	0.98
kraken:taxid|5044	27266	0.16	2.33	2.45
kraken:taxid|504439	18725	0.97	23.27	0.19
kraken:taxid|50452	323159	0.00	0.05	0.01
kraken:taxid|5047	96156	0.04	2.06	0.14
kraken:taxid|5050	85326	0.00	0.07	0.13
kraken:taxid|505711	67656	0.65	8.53	2.73
kraken:taxid|5059	31602	0.20	2.15	3.67
kraken:taxid|5061	31103	0.77	9.07	7.76
kraken:taxid|50613	16627	0.27	6.21	0.23
kraken:taxid|5067	29141	0.07	0.74	2.74
kraken:taxid|5068	33656	1.01	8.76	8.23
kraken:taxid|507597	16357	0.00	0.05	0.21
kraken:taxid|507598	16682	0.01	0.14	0.21
kraken:taxid|507599	16682	0.00	0.04	0.19
kraken:taxid|507600	16603	0.02	0.22	0.53
kraken:taxid|5077	27537	3.44	16.40	27.90
kraken:taxid|5082	29908	1.39	11.20	13.63
kraken:taxid|5083	28301	1.93	10.66	17.48
kraken:taxid|509175	16191	0.00	0.04	0.16
kraken:taxid|509179	15308	0.00	0.08	0.18
kraken:taxid|509180	15301	1.11	21.28	0.39
kraken:taxid|509906	17664	0.00	0.04	0.16
kraken:taxid|51020	379922	0.00	0.11	0.04
kraken:taxid|51028	14003	0.02	0.36	0.27
kraken:taxid|510302	14113	0.05	1.20	0.20
kraken:taxid|51040	15686	0.00	0.04	0.17
kraken:taxid|510516	29202	0.06	0.66	2.50
kraken:taxid|511114	15442	0.00	0.08	0.17
kraken:taxid|5113	84630	0.01	0.55	0.14
kraken:taxid|51221	103090	0.09	2.63	0.55
kraken:taxid|51276	216786	0.01	0.50	0.16
kraken:taxid|51324	56761	0.00	0.07	0.19
kraken:taxid|51359	16832	0.03	0.39	0.61
kraken:taxid|51453	42130	0.14	1.86	1.55
kraken:taxid|515354	15765	0.02	0.53	0.20
kraken:taxid|5158	103403	0.06	3.27	0.16
kraken:taxid|516032	13424	0.01	0.31	0.19
kraken:taxid|51655	16014	0.00	0.04	0.16
kraken:taxid|51657	37016	0.00	0.03	0.08
kraken:taxid|51660	107123	0.00	0.09	0.05
kraken:taxid|517384	43443	0.00	0.05	0.06
kraken:taxid|517775	73622	0.00	0.02	0.04
kraken:taxid|51805	14368	0.01	0.17	0.18
kraken:taxid|518787	16499	1.79	43.47	0.18
kraken:taxid|51914	50294	0.00	0.06	0.13
kraken:taxid|51918	33201	0.00	0.16	0.10
kraken:taxid|520168	17800	0.00	0.04	0.17
kraken:taxid|520170	17873	0.01	0.28	0.16
kraken:taxid|520522	70578	0.00	0.02	0.04
kraken:taxid|520992	16602	0.02	0.39	0.19
kraken:taxid|522324	104744	0.00	0.13	0.04
kraken:taxid|522327	104131	0.00	0.15	0.04
kraken:taxid|52239	17310	0.00	0.04	0.15
kraken:taxid|522482	46507	0.10	1.51	1.51
kraken:taxid|52253	39415	0.00	0.04	0.18
kraken:taxid|522787	15370	0.01	0.07	0.55
kraken:taxid|52283	13919	0.00	0.05	0.29
kraken:taxid|522852	15264	0.01	0.17	0.32
kraken:taxid|522875	15326	0.14	3.13	0.34
kraken:taxid|523103	24297	0.01	0.12	1.00
kraken:taxid|523338	66743	0.00	0.06	0.04
kraken:taxid|52344	15373	0.00	0.04	0.17
kraken:taxid|52462	246721	0.00	0.03	0.08
kraken:taxid|52586	188577	0.40	30.57	0.20
kraken:taxid|525896	15831	0.07	1.49	0.43
kraken:taxid|526113	15376	0.00	0.04	0.17
kraken:taxid|526243	59455	0.01	0.12	0.29
kraken:taxid|526407	17299	0.28	7.17	0.16
kraken:taxid|52650	16677	0.00	0.08	0.18
kraken:taxid|5270	56814	0.07	0.99	1.26
kraken:taxid|527563	15623	0.12	3.06	0.17
kraken:taxid|527655	16202	0.00	0.04	0.18
kraken:taxid|52775	17622	0.01	0.13	0.42
kraken:taxid|52810	18016	0.11	2.75	0.34
kraken:taxid|52824	232241	0.02	1.70	0.03
kraken:taxid|5286	125937	0.00	0.04	0.04
kraken:taxid|52884	63363	0.45	21.20	0.27
kraken:taxid|529104	16734	0.00	0.08	0.16
kraken:taxid|52960	41048	0.01	0.15	0.16
kraken:taxid|52976	106198	0.00	0.06	0.04
kraken:taxid|529818	31217	0.75	17.35	0.58
kraken:taxid|530045	200401	0.05	2.00	0.23
kraken:taxid|5308	156348	0.03	1.07	0.31
kraken:taxid|53103	32281	0.00	0.05	0.24
kraken:taxid|5315	60635	0.00	0.03	0.10
kraken:taxid|5321	72134	0.01	0.52	0.09
kraken:taxid|5322	73242	0.00	0.04	0.04
kraken:taxid|5323	72650	0.00	0.21	0.05
kraken:taxid|5325	67318	0.62	4.23	18.28
kraken:taxid|5327	59039	0.00	0.11	0.05
kraken:taxid|53277	16627	0.00	0.05	0.23
kraken:taxid|5334	49704	0.00	0.04	0.20
kraken:taxid|5343	153897	0.14	6.84	0.44
kraken:taxid|53488	39201	0.04	1.27	0.15
kraken:taxid|5353	121394	0.03	1.66	0.23
kraken:taxid|536017	16500	0.00	0.04	0.17
kraken:taxid|53616	15115	0.00	0.05	0.21
kraken:taxid|53701	14779	0.02	0.54	0.18
kraken:taxid|537462	15040	0.01	0.21	0.18
kraken:taxid|537781	15577	0.01	0.24	0.22
kraken:taxid|538568	43061	0.00	0.03	0.06
kraken:taxid|538574	313022	0.00	0.01	0.02
kraken:taxid|538890	15566	0.00	0.04	0.17
kraken:taxid|53987	37895	0.00	0.06	0.08
kraken:taxid|54058	18984	0.00	0.05	0.26
kraken:taxid|542572	16037	0.01	0.11	0.26
kraken:taxid|542766	29999	0.10	0.69	3.73
kraken:taxid|543379	15042	0.01	0.22	0.26
kraken:taxid|543396	15592	0.00	0.04	0.20
kraken:taxid|543401	15375	0.00	0.05	0.21
kraken:taxid|54356	16665	0.01	0.19	0.37
kraken:taxid|543791	38937	0.10	0.69	2.67
kraken:taxid|54386	16937	0.03	0.54	0.41
kraken:taxid|543873	17392	0.14	3.05	0.40
kraken:taxid|544437	16299	0.00	0.04	0.17
kraken:taxid|54484	16989	0.00	0.06	0.34
kraken:taxid|54496	17149	0.01	0.07	0.54
kraken:taxid|54508	16975	0.00	0.05	0.29
kraken:taxid|545262	16841	0.00	0.04	0.18
kraken:taxid|546662	20504	0.00	0.08	0.15
kraken:taxid|547198	16942	0.26	5.62	0.38
kraken:taxid|547948	16796	0.00	0.09	0.19
kraken:taxid|54799	414903	0.00	0.01	0.01
kraken:taxid|5480	32745	0.02	0.21	0.81
kraken:taxid|54899	53439	0.07	0.99	1.82
kraken:taxid|549293	31830	0.05	0.80	0.90
kraken:taxid|54971	16725	0.01	0.10	0.36
kraken:taxid|5501	68097	0.39	6.68	2.25
kraken:taxid|550478	11599	0.01	0.09	0.76
kraken:taxid|55055	15577	0.01	0.21	0.48
kraken:taxid|5507	34477	0.06	0.55	1.60
kraken:taxid|551137	484858	0.00	0.01	0.01
kraken:taxid|551222	15285	0.00	0.05	0.26
kraken:taxid|5516	103844	0.00	0.03	0.07
kraken:taxid|55188	521559	0.00	0.04	0.04
kraken:taxid|55194	45715	0.77	3.81	7.21
kraken:taxid|55200	111036	0.00	0.02	0.05
kraken:taxid|55275	13793	0.00	0.04	0.20
kraken:taxid|5537	47023	0.01	0.19	0.51
kraken:taxid|554065	78500	0.01	0.16	0.47
kraken:taxid|55425	17018	0.00	0.08	0.17
kraken:taxid|55494	349058	0.00	0.05	0.07
kraken:taxid|5551	26985	0.01	0.10	0.52
kraken:taxid|55514	53895	0.02	0.62	0.34
kraken:taxid|555144	16771	0.01	0.28	0.16
kraken:taxid|55529	35013	0.00	0.12	0.16
kraken:taxid|55534	16749	0.00	0.04	0.17
kraken:taxid|555342	16750	0.01	0.13	0.19
kraken:taxid|5554	73462	0.20	4.90	1.06
kraken:taxid|55557	16673	0.00	0.04	0.20
kraken:taxid|55564	67737	0.01	0.12	0.50
kraken:taxid|556145	17042	0.00	0.04	0.17
kraken:taxid|556494	15590	0.00	0.04	0.17
kraken:taxid|55718	17134	0.00	0.05	0.23
kraken:taxid|557396	15345	0.15	3.28	0.23
kraken:taxid|559292	85779	0.10	0.52	4.68
kraken:taxid|559495	16728	0.09	1.16	0.77
kraken:taxid|55985	18579	0.00	0.04	0.16
kraken:taxid|56065	425718	0.00	0.04	0.07
kraken:taxid|56068	17264	0.01	0.08	0.61
kraken:taxid|560922	15712	0.01	0.22	0.20
kraken:taxid|560959	16416	0.01	0.20	0.16
kraken:taxid|561152	28829	0.05	0.48	2.59
kraken:taxid|56187	70059	0.02	0.30	0.57
kraken:taxid|561986	69218	0.00	0.14	0.09
kraken:taxid|56267	18966	0.00	0.06	0.31
kraken:taxid|56311	17280	0.00	0.04	0.15
kraken:taxid|5632	61151	0.03	0.39	0.78
kraken:taxid|56325	16835	0.05	1.12	0.26
kraken:taxid|56343	17329	0.00	0.08	0.17
kraken:taxid|56350	17507	0.00	0.04	0.19
kraken:taxid|56364	15377	0.00	0.04	0.18
kraken:taxid|56417	61425	0.01	0.43	0.14
kraken:taxid|56435	16880	0.65	7.09	1.45
kraken:taxid|56436	16875	0.00	0.09	0.32
kraken:taxid|56783	16930	0.04	0.48	0.65
kraken:taxid|56786	16914	0.02	0.23	0.78
kraken:taxid|56789	16905	0.06	1.06	0.60
kraken:taxid|568076	24945	0.02	0.28	0.49
kraken:taxid|56866	460333	0.03	0.28	1.19
kraken:taxid|56867	186609	0.01	0.69	0.02
kraken:taxid|569024	17486	0.01	0.25	0.18
kraken:taxid|569038	15792	0.00	0.08	0.16
kraken:taxid|56915	162913	0.00	0.03	0.09
kraken:taxid|56917	178019	0.16	8.58	0.09
kraken:taxid|56918	175222	0.00	0.01	0.02
kraken:taxid|569361	106714	0.00	0.05	0.15
kraken:taxid|569362	93428	0.00	0.03	0.08
kraken:taxid|56939	164245	0.00	0.07	0.05
kraken:taxid|569394	98773	0.00	0.03	0.07
kraken:taxid|569430	15074	0.04	1.00	0.17
kraken:taxid|569434	14418	0.01	0.19	0.29
kraken:taxid|569436	14424	0.01	0.21	0.18
kraken:taxid|569589	15877	0.00	0.04	0.19
kraken:taxid|57068	16935	0.02	0.49	0.19
kraken:taxid|57069	17066	0.01	0.17	0.67
kraken:taxid|57074	16887	0.10	1.48	0.53
kraken:taxid|57078	14884	0.00	0.09	0.19
kraken:taxid|57122	282211	0.00	0.02	0.05
kraken:taxid|571297	15729	0.01	0.19	0.23
kraken:taxid|57176	16594	0.00	0.06	0.37
kraken:taxid|571888	16798	0.01	0.12	0.80
kraken:taxid|572106	16804	0.00	0.09	0.20
kraken:taxid|57242	16223	0.01	0.10	0.46
kraken:taxid|573508	77649	23.62	67.38	55.94
kraken:taxid|57375	16471	0.03	0.44	0.55
kraken:taxid|573969	17258	0.00	0.04	0.17
kraken:taxid|57412	17283	0.20	2.89	1.34
kraken:taxid|574566	65497	0.03	0.62	0.38
kraken:taxid|5755	41591	0.09	2.80	0.11
kraken:taxid|57550	22816	0.00	0.07	0.13
kraken:taxid|57577	301823	0.00	0.06	0.03
kraken:taxid|575836	14143	0.00	0.09	0.18
kraken:taxid|575983	91500	0.12	2.44	1.15
kraken:taxid|576137	43742	0.06	0.51	2.28
kraken:taxid|5762	49843	0.03	0.30	1.20
kraken:taxid|5763	49531	0.21	9.03	0.11
kraken:taxid|576390	103071	0.01	0.17	0.10
kraken:taxid|57655	602121	0.00	0.01	0.02
kraken:taxid|57686	15369	0.01	0.13	0.18
kraken:taxid|5778	51645	0.10	1.75	1.24
kraken:taxid|57918	312993	0.00	0.01	0.01
kraken:taxid|57919	335549	0.01	0.21	0.20
kraken:taxid|57941	422985	0.01	0.22	0.10
kraken:taxid|57950	16617	0.04	0.76	0.40
kraken:taxid|58060	16701	0.00	0.05	0.20
kraken:taxid|58203	16765	0.01	0.12	0.17
kraken:taxid|58209	16757	0.01	0.20	0.54
kraken:taxid|58242	15397	0.01	0.25	0.25
kraken:taxid|58291	43837	0.01	0.09	0.42
kraken:taxid|583413	15554	0.00	0.08	0.17
kraken:taxid|583456	15602	0.02	0.49	0.17
kraken:taxid|58370	15534	0.03	0.65	0.17
kraken:taxid|58532	476091	0.01	0.21	0.25
kraken:taxid|585954	16235	0.00	0.04	0.17
kraken:taxid|58609	16868	0.01	0.16	0.17
kraken:taxid|586788	16836	0.00	0.08	0.17
kraken:taxid|586790	16791	23.44	536.44	0.20
kraken:taxid|586835	16502	0.01	0.18	0.20
kraken:taxid|58710	16618	0.01	0.13	0.19
kraken:taxid|587282	5992	0.05	0.64	0.50
kraken:taxid|587666	494599	0.00	0.10	0.28
kraken:taxid|5885	43660	0.23	6.68	0.46
kraken:taxid|58860	607282	0.09	11.96	0.12
kraken:taxid|588642	163324	0.00	0.07	0.04
kraken:taxid|588727	38566	0.03	0.64	0.23
kraken:taxid|5889	40469	0.01	0.29	0.23
kraken:taxid|58934	390962	0.01	0.25	0.26
kraken:taxid|5901	47691	0.01	0.11	0.25
kraken:taxid|59018	633356	0.00	0.32	0.05
kraken:taxid|5905	47496	0.00	0.03	0.12
kraken:taxid|590635	16617	0.01	0.13	0.17
kraken:taxid|5907	46990	0.01	0.11	0.29
kraken:taxid|5908	47296	0.01	0.18	0.39
kraken:taxid|5909	47310	0.00	0.07	0.05
kraken:taxid|590991	16867	0.00	0.04	0.18
kraken:taxid|590994	16507	0.00	0.04	0.16
kraken:taxid|5911	47577	0.00	0.02	0.06
kraken:taxid|591489	14823	0.01	0.10	0.38
kraken:taxid|59264	14310	0.00	0.04	0.18
kraken:taxid|5932	51686	0.00	0.08	0.29
kraken:taxid|593754	525326	0.01	0.67	0.03
kraken:taxid|593793	15220	0.01	0.24	0.42
kraken:taxid|594077	15117	0.01	0.17	0.18
kraken:taxid|59419	17751	0.00	0.05	0.30
kraken:taxid|59515	16751	0.00	0.08	0.16
kraken:taxid|59531	16426	0.02	0.46	0.18
kraken:taxid|59536	16392	0.00	0.08	0.16
kraken:taxid|595493	78812	0.01	0.13	0.38
kraken:taxid|59586	40752	0.10	0.65	3.32
kraken:taxid|595970	16126	0.00	0.04	0.16
kraken:taxid|596724	15330	0.00	0.04	0.20
kraken:taxid|596826	15466	0.01	0.17	0.18
kraken:taxid|5974	50085	0.01	0.36	0.34
kraken:taxid|59818	13288	0.10	0.77	2.57
kraken:taxid|59970	425282	0.01	0.36	0.18
kraken:taxid|599730	23268	0.03	0.40	0.43
kraken:taxid|600203	15237	0.01	0.30	0.35
kraken:taxid|60169	28192	0.44	3.14	9.30
kraken:taxid|60172	28601	0.41	3.19	11.15
kraken:taxid|60182	16753	0.01	0.18	0.20
kraken:taxid|60187	68834	0.05	2.15	0.05
kraken:taxid|60188	299474	0.00	0.03	0.02
kraken:taxid|602068	16677	0.01	0.15	0.54
kraken:taxid|602213	18287	0.01	0.30	0.14
kraken:taxid|602216	16659	0.01	0.20	0.16
kraken:taxid|60249	14822	0.00	0.05	0.22
kraken:taxid|60284	16502	0.00	0.09	0.19
kraken:taxid|604433	16726	0.02	0.39	0.19
kraken:taxid|60444	55068	0.06	1.10	1.48
kraken:taxid|60585	16524	0.00	0.08	0.16
kraken:taxid|60698	682814	0.00	0.49	0.04
kraken:taxid|608002	14885	0.01	0.24	0.23
kraken:taxid|609060	15564	0.98	21.88	0.22
kraken:taxid|60927	15468	0.03	0.48	0.70
kraken:taxid|609446	16086	0.00	0.05	0.24
kraken:taxid|610278	16663	0.00	0.05	0.29
kraken:taxid|610381	16089	0.01	0.24	0.19
kraken:taxid|6108	20390	0.00	0.04	0.17
kraken:taxid|61186	178357	0.04	1.36	0.67
kraken:taxid|61316	16625	0.01	0.14	0.22
kraken:taxid|61323	16503	0.00	0.04	0.16
kraken:taxid|613577	15466	0.00	0.04	0.19
kraken:taxid|61408	16626	0.01	0.16	0.17
kraken:taxid|61420	29728	0.08	0.85	4.02
kraken:taxid|6145	16937	0.00	0.04	0.19
kraken:taxid|61564	104603	0.00	0.13	0.04
kraken:taxid|61662	15883	0.09	1.55	0.71
kraken:taxid|61693	20075	0.01	0.26	0.13
kraken:taxid|61718	16111	0.07	1.67	0.18
kraken:taxid|617696	17085	0.13	3.27	0.15
kraken:taxid|617864	19813	0.02	0.46	0.15
kraken:taxid|617865	18063	0.02	0.51	0.16
kraken:taxid|617871	17399	0.00	0.04	0.15
kraken:taxid|618109	17955	0.00	0.12	0.16
kraken:taxid|6182	14085	0.82	18.29	0.47
kraken:taxid|618424	16951	0.01	0.31	0.28
kraken:taxid|6185	15003	0.03	0.79	0.20
kraken:taxid|61871	16216	0.02	0.19	0.89
kraken:taxid|62086	16810	0.02	0.33	0.23
kraken:taxid|621226	17004	0.00	0.09	0.18
kraken:taxid|6213	13750	0.04	0.87	0.25
kraken:taxid|622444	40063	0.00	0.05	0.06
kraken:taxid|622658	14994	0.00	0.09	0.19
kraken:taxid|62272	17407	0.00	0.04	0.18
kraken:taxid|62273	17002	0.01	0.24	0.23
kraken:taxid|62298	38887	0.02	0.44	0.51
kraken:taxid|6230	14666	0.16	3.65	0.26
kraken:taxid|623669	15408	0.02	0.34	0.36
kraken:taxid|6248	13751	0.23	2.84	1.55
kraken:taxid|625355	18127	0.01	0.23	0.14
kraken:taxid|6266	14029	0.02	0.33	0.23
kraken:taxid|626692	378373	0.00	0.03	0.02
kraken:taxid|62708	332165	0.17	14.07	0.15
kraken:taxid|627135	16499	0.00	0.08	0.18
kraken:taxid|6277	13724	0.02	0.21	0.90
kraken:taxid|6279	13657	0.01	0.13	0.19
kraken:taxid|6287	13814	0.01	0.20	0.41
kraken:taxid|6293	13636	0.04	0.79	0.45
kraken:taxid|6303	18291	0.00	0.04	0.14
kraken:taxid|630746	16936	0.01	0.12	0.17
kraken:taxid|631358	42741	0.00	0.05	0.06
kraken:taxid|63221	16565	1.19	5.01	15.99
kraken:taxid|63244	13689	0.00	0.04	0.19
kraken:taxid|6326	14778	0.02	0.46	0.18
kraken:taxid|633873	16006	0.00	0.04	0.20
kraken:taxid|63405	23943	0.03	0.28	1.24
kraken:taxid|63459	315003	0.00	0.10	0.08
kraken:taxid|63521	16782	0.01	0.17	0.28
kraken:taxid|63577	32758	0.00	0.05	0.21
kraken:taxid|63601	75717	0.00	0.10	0.25
kraken:taxid|63629	515022	0.00	0.15	0.10
kraken:taxid|63632	560800	0.00	0.07	0.24
kraken:taxid|637490	335042	0.00	0.03	0.02
kraken:taxid|638462	15350	0.00	0.05	0.21
kraken:taxid|639398	15832	0.00	0.12	0.16
kraken:taxid|6398	14998	0.02	0.45	0.20
kraken:taxid|640304	16335	0.00	0.04	0.17
kraken:taxid|641122	16571	0.00	0.05	0.22
kraken:taxid|641292	16639	0.01	0.26	0.19
kraken:taxid|641309	36702	0.01	0.27	0.50
kraken:taxid|642990	15236	0.00	0.04	0.17
kraken:taxid|642994	15487	0.01	0.25	0.17
kraken:taxid|643319	16593	0.04	1.03	0.17
kraken:taxid|643342	16578	0.00	0.09	0.22
kraken:taxid|643377	16573	0.00	0.09	0.19
kraken:taxid|643380	17010	0.00	0.04	0.18
kraken:taxid|643389	16743	0.07	1.51	0.23
kraken:taxid|643417	16600	0.00	0.04	0.19
kraken:taxid|643457	16592	0.01	0.14	0.22
kraken:taxid|643629	41528	0.09	3.09	0.18
kraken:taxid|64372	103563	0.02	0.20	0.77
kraken:taxid|643729	15942	0.00	0.08	0.16
kraken:taxid|64478	792319	0.00	0.02	0.02
kraken:taxid|64495	54178	0.01	0.16	0.28
kraken:taxid|64499	37422	0.17	1.15	4.67
kraken:taxid|645280	16607	0.19	4.59	0.16
kraken:taxid|645353	15741	0.01	0.17	0.18
kraken:taxid|64609	42895	0.00	0.08	0.15
kraken:taxid|64654	44984	0.01	0.13	0.18
kraken:taxid|646541	16477	0.00	0.04	0.18
kraken:taxid|64657	35058	0.05	0.61	1.31
kraken:taxid|64660	50643	0.01	0.23	0.24
kraken:taxid|64668	16683	0.01	0.13	0.18
kraken:taxid|64677	16550	0.00	0.05	0.22
kraken:taxid|647257	114660	0.23	6.35	1.05
kraken:taxid|64802	16805	0.00	0.04	0.18
kraken:taxid|64811	16832	0.00	0.08	0.18
kraken:taxid|648475	16078	0.01	0.13	0.17
kraken:taxid|648858	256912	0.01	0.72	0.03
kraken:taxid|64939	328819	0.00	0.06	0.04
kraken:taxid|649408	34177	0.03	0.94	0.12
kraken:taxid|649615	14742	8.07	140.26	1.93
kraken:taxid|650642	16180	0.01	0.14	0.23
kraken:taxid|651863	15900	0.05	1.27	0.16
kraken:taxid|651990	18644	0.03	0.75	0.33
kraken:taxid|652054	16222	0.33	7.60	0.19
kraken:taxid|652834	76874	0.09	2.11	1.26
kraken:taxid|652862	15588	0.01	0.17	0.17
kraken:taxid|653684	16055	0.00	0.09	0.19
kraken:taxid|654496	50672	0.00	0.04	0.17
kraken:taxid|65466	15954	0.14	2.84	0.54
kraken:taxid|655981	32181	0.04	0.96	0.61
kraken:taxid|65642	14769	0.05	0.81	0.35
kraken:taxid|656916	29145	0.09	0.90	2.67
kraken:taxid|656917	29265	0.21	2.39	4.50
kraken:taxid|65693	15660	0.00	0.04	0.19
kraken:taxid|657295	13610	0.12	1.42	0.74
kraken:taxid|657341	106727	0.00	0.15	0.11
kraken:taxid|6577	32115	0.05	1.54	0.26
kraken:taxid|657994	15361	0.01	0.24	0.21
kraken:taxid|658196	59633	0.00	0.05	0.05
kraken:taxid|658384	15277	0.00	0.08	0.17
kraken:taxid|660624	508930	0.00	0.09	0.08
kraken:taxid|66096	594121	0.00	0.07	0.05
kraken:taxid|6610	16163	0.02	0.39	0.27
kraken:taxid|661032	16684	0.01	0.13	0.20
kraken:taxid|661037	16689	0.01	0.18	0.37
kraken:taxid|661040	16689	0.00	0.04	0.20
kraken:taxid|661044	16683	0.02	0.36	0.20
kraken:taxid|661577	191042	0.06	2.06	0.42
kraken:taxid|66435	16384	0.01	0.13	0.19
kraken:taxid|664711	16252	0.00	0.04	0.16
kraken:taxid|665079	128852	0.88	29.39	0.80
kraken:taxid|665142	16771	0.02	0.56	0.18
kraken:taxid|66527	42217	0.00	0.03	0.07
kraken:taxid|66621	37778	1.33	22.45	1.75
kraken:taxid|66646	637925	0.00	0.12	0.14
kraken:taxid|666515	16238	0.00	0.04	0.17
kraken:taxid|66718	17033	0.00	0.04	0.17
kraken:taxid|667180	16913	0.04	0.46	0.86
kraken:taxid|66750	15666	0.57	11.90	0.43
kraken:taxid|66912	16513	0.00	0.04	0.18
kraken:taxid|67002	104671	0.00	0.11	0.07
kraken:taxid|670095	30995	0.04	0.38	1.34
kraken:taxid|670341	16765	0.00	0.06	0.32
kraken:taxid|670346	19509	0.00	0.04	0.18
kraken:taxid|670347	17358	0.28	5.50	0.40
kraken:taxid|670348	16595	0.01	0.14	0.20
kraken:taxid|670349	18026	0.03	0.55	0.32
kraken:taxid|670350	17897	0.00	0.04	0.17
kraken:taxid|670355	16837	0.01	0.11	0.33
kraken:taxid|671079	17369	0.05	0.40	2.03
kraken:taxid|671091	36071	0.03	0.72	0.25
kraken:taxid|672196	454458	0.27	32.10	0.07
kraken:taxid|67235	100342	0.71	17.84	0.63
kraken:taxid|672774	16701	0.01	0.16	0.16
kraken:taxid|67537	16592	0.00	0.04	0.16
kraken:taxid|67556	16651	0.00	0.04	0.19
kraken:taxid|67593	42977	0.00	0.03	0.07
kraken:taxid|6761	15775	0.00	0.12	0.16
kraken:taxid|676960	18549	0.01	0.16	0.16
kraken:taxid|67723	101106	0.02	0.50	0.46
kraken:taxid|67725	52733	0.01	0.31	0.19
kraken:taxid|67728	69078	0.00	0.04	0.08
kraken:taxid|67765	18951	0.00	0.08	0.16
kraken:taxid|67766	16687	0.01	0.20	0.16
kraken:taxid|678581	18043	0.00	0.05	0.22
kraken:taxid|679090	15142	0.04	0.72	0.34
kraken:taxid|67918	683000	0.01	1.21	0.02
kraken:taxid|681720	24850	0.01	0.15	0.80
kraken:taxid|681779	15239	0.00	0.05	0.24
kraken:taxid|68299	219198	0.00	0.01	0.01
kraken:taxid|684658	20134	0.00	0.11	0.13
kraken:taxid|68483	17960	0.00	0.04	0.17
kraken:taxid|6852	14956	0.01	0.14	0.22
kraken:taxid|685502	44873	0.03	0.26	1.71
kraken:taxid|685768	16969	0.00	0.04	0.18
kraken:taxid|6868	15060	0.00	0.09	0.19
kraken:taxid|687015	16044	0.00	0.09	0.21
kraken:taxid|68732	16683	0.04	0.42	0.73
kraken:taxid|68777	127920	0.00	0.09	0.16
kraken:taxid|688415	15334	0.41	9.24	0.24
kraken:taxid|6887	14460	0.00	0.04	0.18
kraken:taxid|68878	15287	0.00	0.05	0.21
kraken:taxid|68888	14436	0.01	0.20	0.28
kraken:taxid|689204	16871	0.01	0.14	0.21
kraken:taxid|689215	16810	0.01	0.14	0.23
kraken:taxid|689266	16859	0.00	0.05	0.21
kraken:taxid|689647	16639	0.00	0.04	0.19
kraken:taxid|690276	15922	0.00	0.04	0.18
kraken:taxid|691651	15338	0.00	0.08	0.18
kraken:taxid|691797	16554	0.01	0.13	0.18
kraken:taxid|691888	16238	0.07	1.41	0.58
kraken:taxid|692082	15098	0.00	0.04	0.18
kraken:taxid|69298	16408	0.01	0.08	0.58
kraken:taxid|69299	16429	0.00	0.12	0.16
kraken:taxid|69304	16418	0.01	0.20	0.16
kraken:taxid|6932	14459	0.04	0.30	2.77
kraken:taxid|69389	605605	0.00	0.11	0.13
kraken:taxid|6954	14266	0.12	0.64	5.44
kraken:taxid|69564	16243	0.02	0.36	0.20
kraken:taxid|69618	15898	0.01	0.17	0.51
kraken:taxid|696364	60062	0.00	0.07	0.09
kraken:taxid|69721	675575	0.01	1.53	0.11
kraken:taxid|69820	15388	0.04	0.83	0.35
kraken:taxid|698441	70379	0.05	1.22	0.73
kraken:taxid|698779	15208	0.00	0.04	0.19
kraken:taxid|69891	26991	0.02	0.17	1.06
kraken:taxid|70003	363297	0.00	0.10	0.18
kraken:taxid|700816	15173	0.00	0.08	0.17
kraken:taxid|70086	16497	0.00	0.04	0.20
kraken:taxid|7011	15610	0.00	0.12	0.17
kraken:taxid|70128	100725	0.01	0.24	0.21
kraken:taxid|70136	104747	0.00	0.15	0.07
kraken:taxid|70143	163057	0.00	0.02	0.06
kraken:taxid|70144	158691	0.00	0.07	0.06
kraken:taxid|701737	16926	0.01	0.28	0.16
kraken:taxid|70186	37699	0.00	0.08	0.07
kraken:taxid|702324	36676	0.04	1.25	0.10
kraken:taxid|7024	16537	0.00	0.12	0.16
kraken:taxid|703254	17092	0.00	0.06	0.31
kraken:taxid|703462	16310	0.01	0.16	0.17
kraken:taxid|7038	15322	0.01	0.12	0.22
kraken:taxid|704158	15498	0.00	0.08	0.18
kraken:taxid|70436	17874	0.05	0.47	1.43
kraken:taxid|70438	17408	0.01	0.20	0.46
kraken:taxid|70448	44237	0.20	5.53	0.81
kraken:taxid|70546	16629	0.00	0.09	0.22
kraken:taxid|70548	16623	0.16	2.72	0.34
kraken:taxid|706196	71124	0.17	7.41	0.90
kraken:taxid|706586	14371	0.01	0.21	0.22
kraken:taxid|706660	15878	0.01	0.20	0.31
kraken:taxid|707283	15573	0.01	0.13	0.19
kraken:taxid|707711	15872	0.00	0.04	0.17
kraken:taxid|710243	30020	0.00	0.04	0.13
kraken:taxid|7107	15365	0.01	0.23	0.57
kraken:taxid|71139	478813	0.00	0.36	0.06
kraken:taxid|71150	39109	0.01	0.21	0.34
kraken:taxid|71168	17080	0.00	0.04	0.18
kraken:taxid|7120	15346	0.03	0.73	0.17
kraken:taxid|71223	17739	0.00	0.08	0.15
kraken:taxid|71225	15704	0.00	0.04	0.18
kraken:taxid|7137	15320	0.03	0.66	0.35
kraken:taxid|71396	106746	0.00	0.09	0.13
kraken:taxid|71401	179864	0.01	0.30	0.09
kraken:taxid|714493	878988	0.00	0.01	0.01
kraken:taxid|714495	472138	0.01	0.25	0.57
kraken:taxid|7159	16790	0.00	0.04	0.18
kraken:taxid|71617	35159	0.07	0.79	1.79
kraken:taxid|7163	15857	0.02	0.56	0.18
kraken:taxid|716600	15922	0.08	1.87	0.46
kraken:taxid|7168	15406	0.00	0.04	0.18
kraken:taxid|71717	65450	0.00	0.23	0.05
kraken:taxid|71966	60843	0.01	0.16	0.25
kraken:taxid|71967	38445	0.01	0.23	0.34
kraken:taxid|72088	17620	0.00	0.04	0.14
kraken:taxid|72119	157545	0.49	25.77	0.49
kraken:taxid|7213	15980	0.04	0.58	0.41
kraken:taxid|72228	157539	0.06	1.97	0.32
kraken:taxid|7224	15895	0.01	0.19	0.18
kraken:taxid|722663	15250	0.01	0.13	0.52
kraken:taxid|7227	19524	0.03	0.37	0.76
kraken:taxid|722774	15412	0.01	0.17	0.18
kraken:taxid|72366	15220	0.01	0.24	0.39
kraken:taxid|7241	15878	0.06	1.58	0.17
kraken:taxid|72433	840789	0.01	0.59	0.12
kraken:taxid|72523	16320	0.01	0.24	0.16
kraken:taxid|7253	16024	2.42	3.12	61.13
kraken:taxid|72658	271601	0.00	0.02	0.04
kraken:taxid|7271	15961	0.00	0.04	0.16
kraken:taxid|72779	16673	0.03	0.78	0.23
kraken:taxid|73107	16849	0.01	0.23	0.21
kraken:taxid|73230	31579	0.06	1.13	1.12
kraken:taxid|73275	300843	0.07	5.16	0.03
kraken:taxid|73291	273543	0.17	14.96	0.05
kraken:taxid|73300	300933	0.02	1.37	0.04
kraken:taxid|73303	281175	0.00	0.28	0.04
kraken:taxid|73324	17971	0.00	0.08	0.15
kraken:taxid|73330	16920	0.01	0.19	0.22
kraken:taxid|73431	16005	0.02	0.60	0.16
kraken:taxid|73501	33277	0.02	0.24	0.60
kraken:taxid|73520	67292	0.01	0.27	0.22
kraken:taxid|73615	413530	0.30	34.51	0.06
kraken:taxid|7373	16112	0.02	0.48	0.20
kraken:taxid|7375	15941	0.00	0.04	0.17
kraken:taxid|7376	15954	0.61	14.34	0.18
kraken:taxid|73917	16019	0.01	0.12	0.19
kraken:taxid|74035	28530	0.07	0.60	2.26
kraken:taxid|74099	35660	0.00	0.09	0.08
kraken:taxid|74101	34845	0.00	0.03	0.07
kraken:taxid|741158	16570	0.15	0.82	5.44
kraken:taxid|74200	16794	0.01	0.10	0.39
kraken:taxid|743389	17721	0.01	0.20	0.15
kraken:taxid|743461	14558	25.44	590.07	1.19
kraken:taxid|74410	135790	0.02	0.61	0.41
kraken:taxid|7447	16101	0.01	0.24	0.16
kraken:taxid|74499	246860	0.00	0.17	0.11
kraken:taxid|74557	47382	0.00	0.09	0.28
kraken:taxid|74588	16790	0.02	0.32	0.55
kraken:taxid|746128	30696	6.92	25.04	25.68
kraken:taxid|74613	463869	0.00	0.01	0.01
kraken:taxid|74615	94268	0.00	0.02	0.03
kraken:taxid|7463	17694	0.00	0.12	0.15
kraken:taxid|74722	30745	0.03	0.47	0.90
kraken:taxid|747378	343007	0.00	0.02	0.02
kraken:taxid|748666	14943	0.01	0.13	0.17
kraken:taxid|74872	15413	0.00	0.05	0.25
kraken:taxid|74909	16708	0.50	9.78	0.26
kraken:taxid|74916	16489	0.00	0.04	0.16
kraken:taxid|749589	55973	0.19	1.34	5.37
kraken:taxid|749979	22003	0.47	12.16	0.18
kraken:taxid|7503	15483	0.00	0.05	0.21
kraken:taxid|75032	16561	0.24	5.04	0.23
kraken:taxid|75140	16931	0.01	0.21	0.18
kraken:taxid|752197	18470	0.00	0.09	0.34
kraken:taxid|753447	15361	0.00	0.04	0.17
kraken:taxid|753647	16528	0.00	0.05	0.22
kraken:taxid|753684	75204	0.00	0.07	0.08
kraken:taxid|754119	15281	0.00	0.08	0.17
kraken:taxid|75445	16078	0.00	0.04	0.17
kraken:taxid|75566	16563	0.00	0.04	0.16
kraken:taxid|756765	16630	0.00	0.05	0.22
kraken:taxid|756882	16854	0.00	0.04	0.17
kraken:taxid|757039	16426	0.01	0.14	0.14
kraken:taxid|75711	606136	0.00	0.01	0.01
kraken:taxid|7574	25790	0.01	0.32	0.10
kraken:taxid|757473	16564	0.00	0.09	0.18
kraken:taxid|75854	16608	0.00	0.05	0.21
kraken:taxid|758596	15829	0.00	0.04	0.20
kraken:taxid|75865	16604	0.00	0.04	0.20
kraken:taxid|759272	127206	0.12	3.21	2.49
kraken:taxid|75937	16567	0.00	0.04	0.18
kraken:taxid|75943	363328	0.00	0.02	0.02
kraken:taxid|75948	368269	0.00	0.05	0.02
kraken:taxid|75974	16973	0.36	5.15	2.80
kraken:taxid|76001	281432	0.00	0.09	0.11
kraken:taxid|76160	26543	0.00	0.03	0.11
kraken:taxid|761879	18380	0.01	0.27	0.26
kraken:taxid|761903	14999	0.00	0.06	0.32
kraken:taxid|76198	15262	0.00	0.04	0.18
kraken:taxid|76199	15340	0.00	0.08	0.16
kraken:taxid|76235	15166	0.00	0.04	0.18
kraken:taxid|76237	15278	0.00	0.04	0.17
kraken:taxid|762568	17937	0.00	0.09	0.18
kraken:taxid|76328	80705	0.01	0.21	0.37
kraken:taxid|763936	14901	0.01	0.35	0.18
kraken:taxid|764033	20440	0.02	0.46	0.13
kraken:taxid|764597	124412	0.03	0.55	0.37
kraken:taxid|765187	21336	0.00	0.04	0.16
kraken:taxid|765351	16257	0.00	0.04	0.17
kraken:taxid|7656	15696	0.02	0.41	0.17
kraken:taxid|765916	18340	0.00	0.04	0.16
kraken:taxid|7671	15717	0.00	0.04	0.17
kraken:taxid|76718	16496	1.74	38.67	0.25
kraken:taxid|767269	20076	0.04	0.98	0.15
kraken:taxid|767282	19279	0.00	0.04	0.15
kraken:taxid|76775	38720	16.03	11.65	87.71
kraken:taxid|76800	15954	0.01	0.18	0.44
kraken:taxid|76912	680603	2.66	381.37	0.00
kraken:taxid|77065	598970	0.02	2.28	0.01
kraken:taxid|77069	735196	0.00	0.01	0.00
kraken:taxid|77105	203051	0.02	1.06	0.23
kraken:taxid|771787	16328	0.35	7.44	0.24
kraken:taxid|77205	23956	0.02	0.18	1.41
kraken:taxid|7757	16201	0.00	0.04	0.18
kraken:taxid|7764	17168	0.00	0.08	0.17
kraken:taxid|77896	916319	0.00	0.31	0.06
kraken:taxid|77922	33240	0.07	1.00	0.84
kraken:taxid|77931	43442	0.01	0.13	0.29
kraken:taxid|78168	680480	0.00	0.12	0.13
kraken:taxid|78197	17508	0.01	0.09	0.37
kraken:taxid|78236	38471	0.00	0.03	0.08
kraken:taxid|7824	16723	0.00	0.04	0.19
kraken:taxid|78255	16553	0.00	0.04	0.19
kraken:taxid|7847	16704	0.01	0.23	0.22
kraken:taxid|78475	58132	10.43	397.17	0.26
kraken:taxid|78482	16372	0.00	0.08	0.16
kraken:taxid|78511	450227	0.00	0.05	0.06
kraken:taxid|78534	345604	0.00	0.07	0.11
kraken:taxid|78594	54092	0.16	3.31	1.55
kraken:taxid|7892	16572	0.01	0.14	0.33
kraken:taxid|79070	456448	0.00	0.01	0.02
kraken:taxid|79075	350377	0.00	0.12	0.06
kraken:taxid|79077	433649	0.00	0.03	0.06
kraken:taxid|79200	250368	0.01	0.22	0.19
kraken:taxid|79327	27133	0.06	1.28	0.22
kraken:taxid|795477	16582	0.01	0.13	0.19
kraken:taxid|79588	76488	0.00	0.03	0.09
kraken:taxid|79593	100507	0.01	0.30	0.16
kraken:taxid|796027	43869	0.00	0.05	0.07
kraken:taxid|79626	16930	0.05	0.63	0.64
kraken:taxid|79627	17059	0.01	0.26	0.40
kraken:taxid|79643	15972	0.00	0.04	0.16
kraken:taxid|79653	17655	0.09	1.63	0.32
kraken:taxid|797143	15673	0.01	0.22	0.20
kraken:taxid|797268	24246	0.01	0.13	0.47
kraken:taxid|79731	32498	0.00	0.06	0.10
kraken:taxid|79858	26918	0.06	0.41	2.87
kraken:taxid|8001	16476	0.00	0.04	0.19
kraken:taxid|8014	16620	0.00	0.04	0.18
kraken:taxid|8030	16665	0.00	0.06	0.41
kraken:taxid|80338	674158	0.16	22.76	0.17
kraken:taxid|80383	28743	0.06	0.76	1.41
kraken:taxid|8047	16538	0.00	0.04	0.16
kraken:taxid|80600	77109	0.00	0.11	0.12
kraken:taxid|80606	49480	0.04	1.14	0.33
kraken:taxid|80788	16767	0.00	0.04	0.17
kraken:taxid|80956	16801	0.00	0.04	0.19
kraken:taxid|80972	16649	0.00	0.04	0.19
kraken:taxid|81056	135686	0.01	0.31	0.17
kraken:taxid|81058	51878	0.01	0.08	0.61
kraken:taxid|81385	16481	0.00	0.04	0.18
kraken:taxid|81478	24313	0.01	0.11	0.98
kraken:taxid|81522	16838	0.04	0.87	0.45
kraken:taxid|81723	17301	0.00	0.04	0.14
kraken:taxid|8175	16652	0.00	0.08	0.17
kraken:taxid|81824	76568	0.00	0.10	0.13
kraken:taxid|8187	16535	0.00	0.12	0.16
kraken:taxid|81907	16698	0.02	0.32	0.40
kraken:taxid|81913	813731	0.00	0.05	0.03
kraken:taxid|81930	17344	0.06	0.88	0.85
kraken:taxid|8199	16849	0.00	0.12	0.17
kraken:taxid|8213	17299	0.00	0.04	0.17
kraken:taxid|8232	16506	0.06	1.47	0.36
kraken:taxid|82331	115143	0.01	0.33	0.02
kraken:taxid|82517	39466	0.35	3.10	2.43
kraken:taxid|82522	36304	0.32	2.86	1.92
kraken:taxid|8306	16358	0.00	0.05	0.21
kraken:taxid|83203	18783	0.00	0.07	0.14
kraken:taxid|83269	16045	0.02	0.38	0.17
kraken:taxid|83372	47038	0.03	1.08	0.42
kraken:taxid|83376	17012	0.01	0.17	0.18
kraken:taxid|83533	15803	0.01	0.17	0.18
kraken:taxid|83795	59026	0.24	8.58	0.13
kraken:taxid|84099	14935	0.00	0.05	0.24
kraken:taxid|84230	104239	0.00	0.13	0.04
kraken:taxid|84648	16521	0.00	0.05	0.21
kraken:taxid|84782	16768	0.00	0.04	0.18
kraken:taxid|84803	16775	0.00	0.04	0.16
kraken:taxid|84812	16768	0.00	0.05	0.26
kraken:taxid|84817	16765	0.00	0.05	0.26
kraken:taxid|84835	16774	0.00	0.08	0.18
kraken:taxid|84839	16780	0.00	0.09	0.21
kraken:taxid|84841	16777	0.00	0.04	0.17
kraken:taxid|84986	16684	0.19	4.78	0.16
kraken:taxid|84990	16666	0.00	0.04	0.16
kraken:taxid|85047	16310	0.01	0.21	0.17
kraken:taxid|85066	16917	0.10	2.17	0.21
kraken:taxid|85097	15574	0.03	0.37	0.56
kraken:taxid|85120	15974	0.40	1.25	13.46
kraken:taxid|85320	523870	0.00	0.03	0.08
kraken:taxid|85363	425319	0.00	0.10	0.01
kraken:taxid|85571	517914	0.00	0.11	0.06
kraken:taxid|85585	15680	0.00	0.05	0.23
kraken:taxid|85707	41889	0.12	1.94	0.83
kraken:taxid|85864	930306	0.00	0.02	0.02
kraken:taxid|85878	15216	0.05	1.20	0.28
kraken:taxid|860392	16687	0.04	0.84	0.35
kraken:taxid|862681	15265	0.00	0.04	0.18
kraken:taxid|86377	17652	0.00	0.04	0.15
kraken:taxid|865996	16607	0.00	0.05	0.20
kraken:taxid|86606	20448	0.04	1.03	0.13
kraken:taxid|866438	17842	0.01	0.13	0.19
kraken:taxid|866555	564431	0.00	0.08	0.02
kraken:taxid|86725	967100	0.00	0.01	0.01
kraken:taxid|867332	16555	0.01	0.22	0.20
kraken:taxid|86788	30678	0.11	1.81	2.43
kraken:taxid|867920	15047	0.01	0.21	0.17
kraken:taxid|86922	16645	0.00	0.10	0.24
kraken:taxid|869458	16864	0.28	4.75	0.93
kraken:taxid|869564	15816	0.00	0.04	0.18
kraken:taxid|86994	354155	0.00	0.06	0.12
kraken:taxid|869943	25004	0.00	0.07	0.22
kraken:taxid|871019	13757	0.01	0.21	0.39
kraken:taxid|871437	16058	0.04	0.99	0.33
kraken:taxid|871471	16031	0.00	0.04	0.16
kraken:taxid|871677	15502	0.05	1.00	0.21
kraken:taxid|871933	15642	0.00	0.05	0.22
kraken:taxid|8720	16269	0.00	0.04	0.16
kraken:taxid|872316	16803	0.00	0.04	0.18
kraken:taxid|873164	14907	0.00	0.04	0.19
kraken:taxid|87325	76761	5.15	193.06	0.31
kraken:taxid|87326	62533	0.00	0.08	0.04
kraken:taxid|875393	15224	0.00	0.08	0.17
kraken:taxid|875863	48463	0.32	4.48	1.06
kraken:taxid|875880	15375	0.00	0.05	0.22
kraken:taxid|87714	16714	0.00	0.04	0.16
kraken:taxid|878136	16169	0.00	0.08	0.18
kraken:taxid|878165	16002	0.00	0.08	0.16
kraken:taxid|878176	16544	0.00	0.04	0.16
kraken:taxid|8787	16756	0.00	0.05	0.20
kraken:taxid|8790	16711	0.02	0.50	0.20
kraken:taxid|8795	16749	0.23	5.08	0.40
kraken:taxid|8801	16595	0.01	0.13	0.17
kraken:taxid|88110	17963	0.00	0.04	0.16
kraken:taxid|88112	17018	0.01	0.13	0.35
kraken:taxid|88116	17973	0.00	0.08	0.17
kraken:taxid|88123	508005	0.05	6.72	0.02
kraken:taxid|8824	17020	0.16	4.02	0.34
kraken:taxid|882590	15350	0.01	0.17	0.25
kraken:taxid|88271	41858	0.11	1.68	1.50
kraken:taxid|882735	19109	0.00	0.04	0.14
kraken:taxid|882770	49024	0.04	0.56	1.32
kraken:taxid|882799	28227	0.01	0.20	0.45
kraken:taxid|88360	25661	0.59	14.71	0.26
kraken:taxid|885424	17184	0.05	0.82	0.53
kraken:taxid|8855	16610	0.03	0.26	1.55
kraken:taxid|88556	18414	0.32	5.95	0.33
kraken:taxid|886794	16705	0.03	0.69	0.19
kraken:taxid|8868	16748	0.00	0.08	0.16
kraken:taxid|8869	16739	0.01	0.13	0.41
kraken:taxid|886921	17152	0.00	0.04	0.19
kraken:taxid|887050	19212	0.02	0.29	0.34
kraken:taxid|88863	18622	0.00	0.04	0.15
kraken:taxid|888993	20484	0.04	1.10	0.13
kraken:taxid|889126	15358	0.00	0.09	0.21
kraken:taxid|8897	16896	0.01	0.18	0.47
kraken:taxid|8901	17829	0.05	1.05	0.23
kraken:taxid|89141	31285	0.06	1.20	1.14
kraken:taxid|8919	16791	0.00	0.04	0.20
kraken:taxid|8924	16808	0.00	0.10	0.24
kraken:taxid|89243	65156	0.03	0.54	0.64
kraken:taxid|8932	17229	0.00	0.04	0.16
kraken:taxid|89334	40293	0.00	0.05	0.05
kraken:taxid|89335	38392	0.00	0.04	0.15
kraken:taxid|89386	17288	0.00	0.09	0.19
kraken:taxid|89416	30170	0.03	0.66	0.75
kraken:taxid|89445	15569	0.00	0.04	0.19
kraken:taxid|8945	18170	0.01	0.11	0.46
kraken:taxid|8947	17091	0.01	0.11	0.50
kraken:taxid|8951	17077	0.02	0.26	0.77
kraken:taxid|8957	18266	0.07	1.76	0.18
kraken:taxid|89632	16466	0.01	0.17	0.18
kraken:taxid|8969	17719	0.31	5.78	0.33
kraken:taxid|8971	19055	0.01	0.17	0.18
kraken:taxid|89764	16240	0.02	0.39	0.46
kraken:taxid|89940	26821	0.24	0.97	9.69
kraken:taxid|89949	16996	0.02	0.51	0.15
kraken:taxid|8996	16785	0.01	0.25	0.18
kraken:taxid|90037	304467	0.00	0.06	0.07
kraken:taxid|9009	16701	0.01	0.16	0.64
kraken:taxid|900992	19984	0.03	0.66	0.24
kraken:taxid|9014	16702	0.01	0.13	0.18
kraken:taxid|90235	361579	0.00	0.06	0.05
kraken:taxid|90277	104460	0.00	0.16	0.08
kraken:taxid|9031	16784	0.07	0.76	0.94
kraken:taxid|9032	16841	0.00	0.04	0.18
kraken:taxid|9034	16783	0.00	0.04	0.18
kraken:taxid|9040	16709	0.13	3.08	0.19
kraken:taxid|904554	36813	0.01	0.37	0.08
kraken:taxid|9046	16680	0.35	6.61	0.28
kraken:taxid|9049	16686	0.00	0.04	0.18
kraken:taxid|9059	16702	0.01	0.25	0.37
kraken:taxid|9063	16688	0.00	0.04	0.19
kraken:taxid|90658	16990	0.11	1.91	0.51
kraken:taxid|906938	2064773	0.00	0.05	0.01
kraken:taxid|9071	16728	0.00	0.04	0.18
kraken:taxid|907738	51521	0.03	0.81	0.36
kraken:taxid|9078	16686	0.00	0.04	0.16
kraken:taxid|907947	61242	0.00	0.10	0.11
kraken:taxid|9081	16710	0.00	0.05	0.23
kraken:taxid|908213	19371	0.04	0.47	0.61
kraken:taxid|9083	16726	0.01	0.26	0.19
kraken:taxid|90914	14954	0.20	4.54	0.19
kraken:taxid|90936	44772	0.00	0.04	0.19
kraken:taxid|909595	15800	0.00	0.04	0.18
kraken:taxid|9096	16687	0.01	0.10	0.26
kraken:taxid|9103	16719	0.13	0.92	2.34
kraken:taxid|910423	105766	0.00	0.06	0.10
kraken:taxid|9111	16541	0.01	0.20	0.74
kraken:taxid|9117	16651	0.00	0.04	0.18
kraken:taxid|91186	29022	0.03	0.35	1.33
kraken:taxid|91197	32195	0.00	0.03	0.09
kraken:taxid|9121	17029	0.00	0.05	0.22
kraken:taxid|9123	17027	0.00	0.05	0.22
kraken:taxid|913117	15717	0.02	0.45	0.17
kraken:taxid|9132	16866	0.00	0.09	0.34
kraken:taxid|914238	68904	0.00	0.07	0.16
kraken:taxid|914280	15297	0.00	0.08	0.18
kraken:taxid|91518	478010	0.00	0.03	0.02
kraken:taxid|915434	17131	0.01	0.11	0.71
kraken:taxid|9157	16777	0.01	0.18	0.49
kraken:taxid|9160	16887	0.01	0.13	0.20
kraken:taxid|9163	17733	0.05	0.96	0.25
kraken:taxid|91705	20482	0.00	0.07	0.14
kraken:taxid|9172	16793	0.18	3.91	0.88
kraken:taxid|91752	83518	0.03	0.93	0.30
kraken:taxid|9182	16934	0.38	6.06	0.77
kraken:taxid|9188	16669	0.09	1.16	1.33
kraken:taxid|9209	18995	0.01	0.11	0.32
kraken:taxid|9233	17301	0.04	0.79	0.21
kraken:taxid|9234	17477	0.07	1.08	0.85
kraken:taxid|9238	17486	0.00	0.05	0.29
kraken:taxid|9240	16658	0.02	0.24	0.63
kraken:taxid|925459	16802	0.00	0.04	0.18
kraken:taxid|92546	15429	0.00	0.04	0.19
kraken:taxid|92598	16380	0.01	0.22	0.39
kraken:taxid|925981	15433	0.20	4.88	0.17
kraken:taxid|9261	16360	0.04	0.89	0.22
kraken:taxid|92629	68425	0.10	2.43	0.49
kraken:taxid|92683	17346	0.00	0.04	0.17
kraken:taxid|92692	15859	0.01	0.12	0.17
kraken:taxid|927622	17091	0.01	0.17	0.18
kraken:taxid|927783	402728	0.24	28.67	0.02
kraken:taxid|928997	16665	0.03	0.68	0.18
kraken:taxid|9293	17405	0.00	0.08	0.17
kraken:taxid|92950	35706	0.36	2.57	9.67
kraken:taxid|929990	15211	0.00	0.09	0.19
kraken:taxid|929994	15359	0.02	0.53	0.17
kraken:taxid|931006	28006	0.05	1.31	0.33
kraken:taxid|93129	13092	0.00	0.05	0.23
kraken:taxid|932028	17009	0.00	0.07	0.46
kraken:taxid|932731	65772	0.00	0.06	0.04
kraken:taxid|933226	16615	0.00	0.04	0.19
kraken:taxid|933333	59691	0.02	0.68	0.10
kraken:taxid|9355	16641	0.00	0.09	0.21
kraken:taxid|9361	17056	0.01	0.08	0.67
kraken:taxid|93610	16280	0.00	0.04	0.16
kraken:taxid|93612	264948	1.95	173.60	0.56
kraken:taxid|936147	20591	0.00	0.07	0.13
kraken:taxid|93759	1829341	0.04	6.84	0.20
kraken:taxid|9378	17240	0.01	0.12	0.17
kraken:taxid|93934	16697	0.00	0.08	0.18
kraken:taxid|93947	15359	0.00	0.04	0.14
kraken:taxid|93977	563202	0.00	0.11	0.18
kraken:taxid|9407	16706	0.01	0.13	0.19
kraken:taxid|941251	15866	0.00	0.04	0.18
kraken:taxid|941637	15933	0.02	0.40	0.40
kraken:taxid|94186	16589	0.00	0.04	0.19
kraken:taxid|942053	113820	0.00	0.05	0.02
kraken:taxid|94213	127898	0.02	0.37	0.80
kraken:taxid|94286	1249593	0.00	0.05	0.05
kraken:taxid|94400	14805	0.00	0.05	0.22
kraken:taxid|944168	28269	0.03	0.54	0.29
kraken:taxid|94443	105048	0.00	0.09	0.23
kraken:taxid|944597	18844	0.00	0.04	0.16
kraken:taxid|94623	16784	0.00	0.04	0.18
kraken:taxid|9477	16927	0.01	0.15	0.25
kraken:taxid|948313	63712	0.14	1.26	2.37
kraken:taxid|948355	15752	0.00	0.04	0.17
kraken:taxid|948535	15217	0.01	0.17	0.17
kraken:taxid|9489	16569	0.01	0.10	0.41
kraken:taxid|94908	16463	0.06	1.17	0.41
kraken:taxid|94919	16601	0.00	0.05	0.21
kraken:taxid|95193	15409	0.01	0.29	0.18
kraken:taxid|9523	16555	0.01	0.18	0.20
kraken:taxid|9534	16389	0.05	0.57	0.66
kraken:taxid|9546	16586	0.01	0.14	0.20
kraken:taxid|95501	16977	0.00	0.04	0.18
kraken:taxid|9551	16542	0.01	0.07	0.54
kraken:taxid|9568	16547	0.00	0.09	0.19
kraken:taxid|95742	41763	0.09	0.81	2.31
kraken:taxid|9579	16500	0.09	1.40	0.58
kraken:taxid|9589	16502	0.01	0.09	0.78
kraken:taxid|9590	16516	0.01	0.14	0.62
kraken:taxid|95912	17112	0.00	0.04	0.20
kraken:taxid|9593	16364	0.09	0.81	1.77
kraken:taxid|9595	16412	0.06	0.64	1.34
kraken:taxid|9597	16563	0.06	0.37	2.59
kraken:taxid|9598	16554	0.33	2.35	3.40
kraken:taxid|9600	16389	0.04	0.42	0.72
kraken:taxid|9601	16499	0.00	0.04	0.19
kraken:taxid|9606	16569	27.68	18.76	97.47
kraken:taxid|96390	69476	0.02	0.59	0.23
kraken:taxid|96477	56574	0.15	1.58	1.45
kraken:taxid|96551	16868	0.00	0.07	0.12
kraken:taxid|96586	43967	0.09	1.19	1.38
kraken:taxid|9662	16442	0.01	0.18	0.20
kraken:taxid|9666	16504	0.00	0.04	0.19
kraken:taxid|9680	17159	0.00	0.04	0.15
kraken:taxid|97097	17773	0.01	0.10	0.43
kraken:taxid|97170	1174803	0.00	0.05	0.01
kraken:taxid|9755	16428	0.01	0.21	0.36
kraken:taxid|9767	16417	0.10	1.78	0.31
kraken:taxid|9771	16402	0.00	0.04	0.18
kraken:taxid|9778	16882	0.05	0.69	0.56
kraken:taxid|97993	288122	0.00	0.02	0.04
kraken:taxid|980011	197167	0.39	26.35	0.03
kraken:taxid|981085	362069	0.00	0.07	0.11
kraken:taxid|981110	15409	0.01	0.12	0.17
kraken:taxid|981350	35683	0.00	0.03	0.07
kraken:taxid|9823	16613	0.01	0.17	0.73
kraken:taxid|9825	16770	0.07	0.45	2.34
kraken:taxid|98299	16182	0.00	0.04	0.16
kraken:taxid|98308	21691	0.05	1.11	0.32
kraken:taxid|98342	60694	406.44	17040.89	0.61
kraken:taxid|984962	114193	0.01	0.82	0.10
kraken:taxid|9858	16358	0.01	0.07	0.53
kraken:taxid|986098	16841	0.21	3.36	0.39
kraken:taxid|986946	29100	0.08	0.68	3.93
kraken:taxid|987964	15400	0.00	0.04	0.19
kraken:taxid|98807	16552	0.00	0.04	0.18
kraken:taxid|98823	16638	0.00	0.04	0.17
kraken:taxid|98964	16779	0.01	0.20	0.55
kraken:taxid|99037	235178	0.00	0.04	0.05
kraken:taxid|991123	779106	0.00	0.15	0.13
kraken:taxid|992350	15365	0.67	14.48	1.77
kraken:taxid|99300	545329	0.00	0.06	0.01
kraken:taxid|993091	27198	0.01	0.16	0.11
kraken:taxid|993092	41488	0.00	0.08	0.07
kraken:taxid|993330	15972	0.00	0.08	0.16
kraken:taxid|99575	15311	0.01	0.11	0.35
kraken:taxid|99772	15704	0.02	0.39	0.22
kraken:taxid|99882	16780	0.00	0.07	0.43
kraken:taxid|99884	16450	0.04	0.86	0.41
kraken:taxid|99896	31841	0.16	3.96	0.89
